0001	תגביה שמע	increase volume	0	VOL_UP	תגביה|תגביהה|הגבהה|תגביר|תעלה|תרים|הגבר|שמע|קול|מוזיקה|שיר|volume|louder
0002	תנמיך שמע	decrease volume	0	VOL_DOWN	תנמיך|הנמכה|תוריד|תקטין|הנמך|קול|שמע|מוזיקה|שיר|volume|quieter
0003	השתק שמע	mute	0	MUTE	השתק|השתקה|שקט|בלי קול|mute
0004	בטל השתקה	unmute	0	UNMUTE	בטל|השתק|unmute
0005	תעביר לשיר הבא	next track	0	MEDIA_NEXT	תעביר|תעבור|העבר|הבא|שיר|מוזיקה|next|track
0006	שיר הבא	next track	0	MEDIA_NEXT	הבא|שיר|מוזיקה|next|track
0007	תעביר לשיר הקודם	previous track	0	MEDIA_PREV	תעביר|העבר|קודם|הקודם|שיר|מוזיקה|previous|track
0008	נגן מוזיקה	play	0	MEDIA_PLAY	נגן|נגינה|מוזיקה|שיר|play
0009	השהה מוזיקה	pause	0	MEDIA_PAUSE	השהה|מוזיקה|שיר|pause
0010	עצור מוזיקה	stop	0	MEDIA_STOP	עצור|הפסק|מוזיקה|שיר|stop
0011	פתח רשת אלחוטית	open Wi-Fi	0	SETTINGS	פתח|open|רשת אלחוטית|Wi-Fi
0012	הצג רשת אלחוטית	show Wi-Fi	0	SETTINGS	הצג|show|רשת אלחוטית|Wi-Fi
0013	בדוק רשת אלחוטית	check Wi-Fi	0	SETTINGS	בדוק|check|רשת אלחוטית|Wi-Fi
0014	נהל רשת אלחוטית	manage Wi-Fi	0	SETTINGS	נהל|manage|רשת אלחוטית|Wi-Fi
0015	כוון רשת אלחוטית	adjust Wi-Fi	0	SETTINGS	כוון|adjust|רשת אלחוטית|Wi-Fi
0016	בחר רשת אלחוטית	choose Wi-Fi	0	SETTINGS	בחר|choose|רשת אלחוטית|Wi-Fi
0017	העבר רשת אלחוטית	switch Wi-Fi	0	SETTINGS	העבר|switch|רשת אלחוטית|Wi-Fi
0018	הפעל רשת אלחוטית	enable Wi-Fi	0	SETTINGS	הפעל|enable|רשת אלחוטית|Wi-Fi
0019	השבת רשת אלחוטית	disable Wi-Fi	0	SETTINGS	השבת|disable|רשת אלחוטית|Wi-Fi
0020	עבור רשת אלחוטית	go Wi-Fi	0	SETTINGS	עבור|go|רשת אלחוטית|Wi-Fi
0021	היכנס רשת אלחוטית	enter Wi-Fi	0	SETTINGS	היכנס|enter|רשת אלחוטית|Wi-Fi
0022	גישה רשת אלחוטית	access Wi-Fi	0	SETTINGS	גישה|access|רשת אלחוטית|Wi-Fi
0023	אפשר רשת אלחוטית	allow Wi-Fi	0	SETTINGS	אפשר|allow|רשת אלחוטית|Wi-Fi
0024	בטל רשת אלחוטית	disable Wi-Fi	0	SETTINGS	בטל|disable|רשת אלחוטית|Wi-Fi
0025	אפס רשת אלחוטית	reset Wi-Fi	0	SETTINGS	אפס|reset|רשת אלחוטית|Wi-Fi
0026	שנה רשת אלחוטית	change Wi-Fi	0	SETTINGS	שנה|change|רשת אלחוטית|Wi-Fi
0027	הגדר רשת אלחוטית	set Wi-Fi	0	SETTINGS	הגדר|set|רשת אלחוטית|Wi-Fi
0028	שלוט רשת אלחוטית	control Wi-Fi	0	SETTINGS	שלוט|control|רשת אלחוטית|Wi-Fi
0029	התאם רשת אלחוטית	adjust Wi-Fi	0	SETTINGS	התאם|adjust|רשת אלחוטית|Wi-Fi
0030	נווט רשת אלחוטית	navigate Wi-Fi	0	SETTINGS	נווט|navigate|רשת אלחוטית|Wi-Fi
0031	עיין רשת אלחוטית	inspect Wi-Fi	0	SETTINGS	עיין|inspect|רשת אלחוטית|Wi-Fi
0032	עדכן רשת אלחוטית	update Wi-Fi	0	SETTINGS	עדכן|update|רשת אלחוטית|Wi-Fi
0033	שמור רשת אלחוטית	save Wi-Fi	0	SETTINGS	שמור|save|רשת אלחוטית|Wi-Fi
0034	פתח את רשת אלחוטית	open Wi-Fi	0	SETTINGS	פתח את|open|רשת אלחוטית|Wi-Fi
0035	בדוק את רשת אלחוטית	check Wi-Fi	0	SETTINGS	בדוק את|check|רשת אלחוטית|Wi-Fi
0036	הצג את רשת אלחוטית	show Wi-Fi	0	SETTINGS	הצג את|show|רשת אלחוטית|Wi-Fi
0037	עבור למסך רשת אלחוטית	go to screen Wi-Fi	0	SETTINGS	עבור למסך|go to screen|רשת אלחוטית|Wi-Fi
0038	פתח Bluetooth	open Bluetooth	1	SETTINGS	פתח|open|Bluetooth|Bluetooth
0039	הצג Bluetooth	show Bluetooth	1	SETTINGS	הצג|show|Bluetooth|Bluetooth
0040	בדוק Bluetooth	check Bluetooth	1	SETTINGS	בדוק|check|Bluetooth|Bluetooth
0041	נהל Bluetooth	manage Bluetooth	1	SETTINGS	נהל|manage|Bluetooth|Bluetooth
0042	כוון Bluetooth	adjust Bluetooth	1	SETTINGS	כוון|adjust|Bluetooth|Bluetooth
0043	בחר Bluetooth	choose Bluetooth	1	SETTINGS	בחר|choose|Bluetooth|Bluetooth
0044	העבר Bluetooth	switch Bluetooth	1	SETTINGS	העבר|switch|Bluetooth|Bluetooth
0045	הפעל Bluetooth	enable Bluetooth	1	SETTINGS	הפעל|enable|Bluetooth|Bluetooth
0046	השבת Bluetooth	disable Bluetooth	1	SETTINGS	השבת|disable|Bluetooth|Bluetooth
0047	עבור Bluetooth	go Bluetooth	1	SETTINGS	עבור|go|Bluetooth|Bluetooth
0048	היכנס Bluetooth	enter Bluetooth	1	SETTINGS	היכנס|enter|Bluetooth|Bluetooth
0049	גישה Bluetooth	access Bluetooth	1	SETTINGS	גישה|access|Bluetooth|Bluetooth
0050	אפשר Bluetooth	allow Bluetooth	1	SETTINGS	אפשר|allow|Bluetooth|Bluetooth
0051	בטל Bluetooth	disable Bluetooth	1	SETTINGS	בטל|disable|Bluetooth|Bluetooth
0052	אפס Bluetooth	reset Bluetooth	1	SETTINGS	אפס|reset|Bluetooth|Bluetooth
0053	שנה Bluetooth	change Bluetooth	1	SETTINGS	שנה|change|Bluetooth|Bluetooth
0054	הגדר Bluetooth	set Bluetooth	1	SETTINGS	הגדר|set|Bluetooth|Bluetooth
0055	שלוט Bluetooth	control Bluetooth	1	SETTINGS	שלוט|control|Bluetooth|Bluetooth
0056	התאם Bluetooth	adjust Bluetooth	1	SETTINGS	התאם|adjust|Bluetooth|Bluetooth
0057	נווט Bluetooth	navigate Bluetooth	1	SETTINGS	נווט|navigate|Bluetooth|Bluetooth
0058	עיין Bluetooth	inspect Bluetooth	1	SETTINGS	עיין|inspect|Bluetooth|Bluetooth
0059	עדכן Bluetooth	update Bluetooth	1	SETTINGS	עדכן|update|Bluetooth|Bluetooth
0060	שמור Bluetooth	save Bluetooth	1	SETTINGS	שמור|save|Bluetooth|Bluetooth
0061	פתח את Bluetooth	open Bluetooth	1	SETTINGS	פתח את|open|Bluetooth|Bluetooth
0062	בדוק את Bluetooth	check Bluetooth	1	SETTINGS	בדוק את|check|Bluetooth|Bluetooth
0063	הצג את Bluetooth	show Bluetooth	1	SETTINGS	הצג את|show|Bluetooth|Bluetooth
0064	עבור למסך Bluetooth	go to screen Bluetooth	1	SETTINGS	עבור למסך|go to screen|Bluetooth|Bluetooth
0065	פתח מצב טיסה	open Airplane mode	2	SETTINGS	פתח|open|מצב טיסה|Airplane mode
0066	הצג מצב טיסה	show Airplane mode	2	SETTINGS	הצג|show|מצב טיסה|Airplane mode
0067	בדוק מצב טיסה	check Airplane mode	2	SETTINGS	בדוק|check|מצב טיסה|Airplane mode
0068	נהל מצב טיסה	manage Airplane mode	2	SETTINGS	נהל|manage|מצב טיסה|Airplane mode
0069	כוון מצב טיסה	adjust Airplane mode	2	SETTINGS	כוון|adjust|מצב טיסה|Airplane mode
0070	בחר מצב טיסה	choose Airplane mode	2	SETTINGS	בחר|choose|מצב טיסה|Airplane mode
0071	העבר מצב טיסה	switch Airplane mode	2	SETTINGS	העבר|switch|מצב טיסה|Airplane mode
0072	הפעל מצב טיסה	enable Airplane mode	2	SETTINGS	הפעל|enable|מצב טיסה|Airplane mode
0073	השבת מצב טיסה	disable Airplane mode	2	SETTINGS	השבת|disable|מצב טיסה|Airplane mode
0074	עבור מצב טיסה	go Airplane mode	2	SETTINGS	עבור|go|מצב טיסה|Airplane mode
0075	היכנס מצב טיסה	enter Airplane mode	2	SETTINGS	היכנס|enter|מצב טיסה|Airplane mode
0076	גישה מצב טיסה	access Airplane mode	2	SETTINGS	גישה|access|מצב טיסה|Airplane mode
0077	אפשר מצב טיסה	allow Airplane mode	2	SETTINGS	אפשר|allow|מצב טיסה|Airplane mode
0078	בטל מצב טיסה	disable Airplane mode	2	SETTINGS	בטל|disable|מצב טיסה|Airplane mode
0079	אפס מצב טיסה	reset Airplane mode	2	SETTINGS	אפס|reset|מצב טיסה|Airplane mode
0080	שנה מצב טיסה	change Airplane mode	2	SETTINGS	שנה|change|מצב טיסה|Airplane mode
0081	הגדר מצב טיסה	set Airplane mode	2	SETTINGS	הגדר|set|מצב טיסה|Airplane mode
0082	שלוט מצב טיסה	control Airplane mode	2	SETTINGS	שלוט|control|מצב טיסה|Airplane mode
0083	התאם מצב טיסה	adjust Airplane mode	2	SETTINGS	התאם|adjust|מצב טיסה|Airplane mode
0084	נווט מצב טיסה	navigate Airplane mode	2	SETTINGS	נווט|navigate|מצב טיסה|Airplane mode
0085	עיין מצב טיסה	inspect Airplane mode	2	SETTINGS	עיין|inspect|מצב טיסה|Airplane mode
0086	עדכן מצב טיסה	update Airplane mode	2	SETTINGS	עדכן|update|מצב טיסה|Airplane mode
0087	שמור מצב טיסה	save Airplane mode	2	SETTINGS	שמור|save|מצב טיסה|Airplane mode
0088	פתח את מצב טיסה	open Airplane mode	2	SETTINGS	פתח את|open|מצב טיסה|Airplane mode
0089	בדוק את מצב טיסה	check Airplane mode	2	SETTINGS	בדוק את|check|מצב טיסה|Airplane mode
0090	הצג את מצב טיסה	show Airplane mode	2	SETTINGS	הצג את|show|מצב טיסה|Airplane mode
0091	עבור למסך מצב טיסה	go to screen Airplane mode	2	SETTINGS	עבור למסך|go to screen|מצב טיסה|Airplane mode
0092	פתח רשת סלולרית	open Mobile network	3	SETTINGS	פתח|open|רשת סלולרית|Mobile network
0093	הצג רשת סלולרית	show Mobile network	3	SETTINGS	הצג|show|רשת סלולרית|Mobile network
0094	בדוק רשת סלולרית	check Mobile network	3	SETTINGS	בדוק|check|רשת סלולרית|Mobile network
0095	נהל רשת סלולרית	manage Mobile network	3	SETTINGS	נהל|manage|רשת סלולרית|Mobile network
0096	כוון רשת סלולרית	adjust Mobile network	3	SETTINGS	כוון|adjust|רשת סלולרית|Mobile network
0097	בחר רשת סלולרית	choose Mobile network	3	SETTINGS	בחר|choose|רשת סלולרית|Mobile network
0098	העבר רשת סלולרית	switch Mobile network	3	SETTINGS	העבר|switch|רשת סלולרית|Mobile network
0099	הפעל רשת סלולרית	enable Mobile network	3	SETTINGS	הפעל|enable|רשת סלולרית|Mobile network
0100	השבת רשת סלולרית	disable Mobile network	3	SETTINGS	השבת|disable|רשת סלולרית|Mobile network
0101	עבור רשת סלולרית	go Mobile network	3	SETTINGS	עבור|go|רשת סלולרית|Mobile network
0102	היכנס רשת סלולרית	enter Mobile network	3	SETTINGS	היכנס|enter|רשת סלולרית|Mobile network
0103	גישה רשת סלולרית	access Mobile network	3	SETTINGS	גישה|access|רשת סלולרית|Mobile network
0104	אפשר רשת סלולרית	allow Mobile network	3	SETTINGS	אפשר|allow|רשת סלולרית|Mobile network
0105	בטל רשת סלולרית	disable Mobile network	3	SETTINGS	בטל|disable|רשת סלולרית|Mobile network
0106	אפס רשת סלולרית	reset Mobile network	3	SETTINGS	אפס|reset|רשת סלולרית|Mobile network
0107	שנה רשת סלולרית	change Mobile network	3	SETTINGS	שנה|change|רשת סלולרית|Mobile network
0108	הגדר רשת סלולרית	set Mobile network	3	SETTINGS	הגדר|set|רשת סלולרית|Mobile network
0109	שלוט רשת סלולרית	control Mobile network	3	SETTINGS	שלוט|control|רשת סלולרית|Mobile network
0110	התאם רשת סלולרית	adjust Mobile network	3	SETTINGS	התאם|adjust|רשת סלולרית|Mobile network
0111	נווט רשת סלולרית	navigate Mobile network	3	SETTINGS	נווט|navigate|רשת סלולרית|Mobile network
0112	עיין רשת סלולרית	inspect Mobile network	3	SETTINGS	עיין|inspect|רשת סלולרית|Mobile network
0113	עדכן רשת סלולרית	update Mobile network	3	SETTINGS	עדכן|update|רשת סלולרית|Mobile network
0114	שמור רשת סלולרית	save Mobile network	3	SETTINGS	שמור|save|רשת סלולרית|Mobile network
0115	פתח את רשת סלולרית	open Mobile network	3	SETTINGS	פתח את|open|רשת סלולרית|Mobile network
0116	בדוק את רשת סלולרית	check Mobile network	3	SETTINGS	בדוק את|check|רשת סלולרית|Mobile network
0117	הצג את רשת סלולרית	show Mobile network	3	SETTINGS	הצג את|show|רשת סלולרית|Mobile network
0118	עבור למסך רשת סלולרית	go to screen Mobile network	3	SETTINGS	עבור למסך|go to screen|רשת סלולרית|Mobile network
0119	פתח שימוש בנתונים	open Data usage	4	SETTINGS	פתח|open|שימוש בנתונים|Data usage
0120	הצג שימוש בנתונים	show Data usage	4	SETTINGS	הצג|show|שימוש בנתונים|Data usage
0121	בדוק שימוש בנתונים	check Data usage	4	SETTINGS	בדוק|check|שימוש בנתונים|Data usage
0122	נהל שימוש בנתונים	manage Data usage	4	SETTINGS	נהל|manage|שימוש בנתונים|Data usage
0123	כוון שימוש בנתונים	adjust Data usage	4	SETTINGS	כוון|adjust|שימוש בנתונים|Data usage
0124	בחר שימוש בנתונים	choose Data usage	4	SETTINGS	בחר|choose|שימוש בנתונים|Data usage
0125	העבר שימוש בנתונים	switch Data usage	4	SETTINGS	העבר|switch|שימוש בנתונים|Data usage
0126	הפעל שימוש בנתונים	enable Data usage	4	SETTINGS	הפעל|enable|שימוש בנתונים|Data usage
0127	השבת שימוש בנתונים	disable Data usage	4	SETTINGS	השבת|disable|שימוש בנתונים|Data usage
0128	עבור שימוש בנתונים	go Data usage	4	SETTINGS	עבור|go|שימוש בנתונים|Data usage
0129	היכנס שימוש בנתונים	enter Data usage	4	SETTINGS	היכנס|enter|שימוש בנתונים|Data usage
0130	גישה שימוש בנתונים	access Data usage	4	SETTINGS	גישה|access|שימוש בנתונים|Data usage
0131	אפשר שימוש בנתונים	allow Data usage	4	SETTINGS	אפשר|allow|שימוש בנתונים|Data usage
0132	בטל שימוש בנתונים	disable Data usage	4	SETTINGS	בטל|disable|שימוש בנתונים|Data usage
0133	אפס שימוש בנתונים	reset Data usage	4	SETTINGS	אפס|reset|שימוש בנתונים|Data usage
0134	שנה שימוש בנתונים	change Data usage	4	SETTINGS	שנה|change|שימוש בנתונים|Data usage
0135	הגדר שימוש בנתונים	set Data usage	4	SETTINGS	הגדר|set|שימוש בנתונים|Data usage
0136	שלוט שימוש בנתונים	control Data usage	4	SETTINGS	שלוט|control|שימוש בנתונים|Data usage
0137	התאם שימוש בנתונים	adjust Data usage	4	SETTINGS	התאם|adjust|שימוש בנתונים|Data usage
0138	נווט שימוש בנתונים	navigate Data usage	4	SETTINGS	נווט|navigate|שימוש בנתונים|Data usage
0139	עיין שימוש בנתונים	inspect Data usage	4	SETTINGS	עיין|inspect|שימוש בנתונים|Data usage
0140	עדכן שימוש בנתונים	update Data usage	4	SETTINGS	עדכן|update|שימוש בנתונים|Data usage
0141	שמור שימוש בנתונים	save Data usage	4	SETTINGS	שמור|save|שימוש בנתונים|Data usage
0142	פתח את שימוש בנתונים	open Data usage	4	SETTINGS	פתח את|open|שימוש בנתונים|Data usage
0143	בדוק את שימוש בנתונים	check Data usage	4	SETTINGS	בדוק את|check|שימוש בנתונים|Data usage
0144	הצג את שימוש בנתונים	show Data usage	4	SETTINGS	הצג את|show|שימוש בנתונים|Data usage
0145	עבור למסך שימוש בנתונים	go to screen Data usage	4	SETTINGS	עבור למסך|go to screen|שימוש בנתונים|Data usage
0146	פתח נקודה חמה	open Hotspot	5	SETTINGS	פתח|open|נקודה חמה|Hotspot
0147	הצג נקודה חמה	show Hotspot	5	SETTINGS	הצג|show|נקודה חמה|Hotspot
0148	בדוק נקודה חמה	check Hotspot	5	SETTINGS	בדוק|check|נקודה חמה|Hotspot
0149	נהל נקודה חמה	manage Hotspot	5	SETTINGS	נהל|manage|נקודה חמה|Hotspot
0150	כוון נקודה חמה	adjust Hotspot	5	SETTINGS	כוון|adjust|נקודה חמה|Hotspot
0151	בחר נקודה חמה	choose Hotspot	5	SETTINGS	בחר|choose|נקודה חמה|Hotspot
0152	העבר נקודה חמה	switch Hotspot	5	SETTINGS	העבר|switch|נקודה חמה|Hotspot
0153	הפעל נקודה חמה	enable Hotspot	5	SETTINGS	הפעל|enable|נקודה חמה|Hotspot
0154	השבת נקודה חמה	disable Hotspot	5	SETTINGS	השבת|disable|נקודה חמה|Hotspot
0155	עבור נקודה חמה	go Hotspot	5	SETTINGS	עבור|go|נקודה חמה|Hotspot
0156	היכנס נקודה חמה	enter Hotspot	5	SETTINGS	היכנס|enter|נקודה חמה|Hotspot
0157	גישה נקודה חמה	access Hotspot	5	SETTINGS	גישה|access|נקודה חמה|Hotspot
0158	אפשר נקודה חמה	allow Hotspot	5	SETTINGS	אפשר|allow|נקודה חמה|Hotspot
0159	בטל נקודה חמה	disable Hotspot	5	SETTINGS	בטל|disable|נקודה חמה|Hotspot
0160	אפס נקודה חמה	reset Hotspot	5	SETTINGS	אפס|reset|נקודה חמה|Hotspot
0161	שנה נקודה חמה	change Hotspot	5	SETTINGS	שנה|change|נקודה חמה|Hotspot
0162	הגדר נקודה חמה	set Hotspot	5	SETTINGS	הגדר|set|נקודה חמה|Hotspot
0163	שלוט נקודה חמה	control Hotspot	5	SETTINGS	שלוט|control|נקודה חמה|Hotspot
0164	התאם נקודה חמה	adjust Hotspot	5	SETTINGS	התאם|adjust|נקודה חמה|Hotspot
0165	נווט נקודה חמה	navigate Hotspot	5	SETTINGS	נווט|navigate|נקודה חמה|Hotspot
0166	עיין נקודה חמה	inspect Hotspot	5	SETTINGS	עיין|inspect|נקודה חמה|Hotspot
0167	עדכן נקודה חמה	update Hotspot	5	SETTINGS	עדכן|update|נקודה חמה|Hotspot
0168	שמור נקודה חמה	save Hotspot	5	SETTINGS	שמור|save|נקודה חמה|Hotspot
0169	פתח את נקודה חמה	open Hotspot	5	SETTINGS	פתח את|open|נקודה חמה|Hotspot
0170	בדוק את נקודה חמה	check Hotspot	5	SETTINGS	בדוק את|check|נקודה חמה|Hotspot
0171	הצג את נקודה חמה	show Hotspot	5	SETTINGS	הצג את|show|נקודה חמה|Hotspot
0172	עבור למסך נקודה חמה	go to screen Hotspot	5	SETTINGS	עבור למסך|go to screen|נקודה חמה|Hotspot
0173	פתח VPN	open VPN	6	SETTINGS	פתח|open|VPN|VPN
0174	הצג VPN	show VPN	6	SETTINGS	הצג|show|VPN|VPN
0175	בדוק VPN	check VPN	6	SETTINGS	בדוק|check|VPN|VPN
0176	נהל VPN	manage VPN	6	SETTINGS	נהל|manage|VPN|VPN
0177	כוון VPN	adjust VPN	6	SETTINGS	כוון|adjust|VPN|VPN
0178	בחר VPN	choose VPN	6	SETTINGS	בחר|choose|VPN|VPN
0179	העבר VPN	switch VPN	6	SETTINGS	העבר|switch|VPN|VPN
0180	הפעל VPN	enable VPN	6	SETTINGS	הפעל|enable|VPN|VPN
0181	השבת VPN	disable VPN	6	SETTINGS	השבת|disable|VPN|VPN
0182	עבור VPN	go VPN	6	SETTINGS	עבור|go|VPN|VPN
0183	היכנס VPN	enter VPN	6	SETTINGS	היכנס|enter|VPN|VPN
0184	גישה VPN	access VPN	6	SETTINGS	גישה|access|VPN|VPN
0185	אפשר VPN	allow VPN	6	SETTINGS	אפשר|allow|VPN|VPN
0186	בטל VPN	disable VPN	6	SETTINGS	בטל|disable|VPN|VPN
0187	אפס VPN	reset VPN	6	SETTINGS	אפס|reset|VPN|VPN
0188	שנה VPN	change VPN	6	SETTINGS	שנה|change|VPN|VPN
0189	הגדר VPN	set VPN	6	SETTINGS	הגדר|set|VPN|VPN
0190	שלוט VPN	control VPN	6	SETTINGS	שלוט|control|VPN|VPN
0191	התאם VPN	adjust VPN	6	SETTINGS	התאם|adjust|VPN|VPN
0192	נווט VPN	navigate VPN	6	SETTINGS	נווט|navigate|VPN|VPN
0193	עיין VPN	inspect VPN	6	SETTINGS	עיין|inspect|VPN|VPN
0194	עדכן VPN	update VPN	6	SETTINGS	עדכן|update|VPN|VPN
0195	שמור VPN	save VPN	6	SETTINGS	שמור|save|VPN|VPN
0196	פתח את VPN	open VPN	6	SETTINGS	פתח את|open|VPN|VPN
0197	בדוק את VPN	check VPN	6	SETTINGS	בדוק את|check|VPN|VPN
0198	הצג את VPN	show VPN	6	SETTINGS	הצג את|show|VPN|VPN
0199	עבור למסך VPN	go to screen VPN	6	SETTINGS	עבור למסך|go to screen|VPN|VPN
0200	פתח DNS פרטי	open Private DNS	7	SETTINGS	פתח|open|DNS פרטי|Private DNS
0201	הצג DNS פרטי	show Private DNS	7	SETTINGS	הצג|show|DNS פרטי|Private DNS
0202	בדוק DNS פרטי	check Private DNS	7	SETTINGS	בדוק|check|DNS פרטי|Private DNS
0203	נהל DNS פרטי	manage Private DNS	7	SETTINGS	נהל|manage|DNS פרטי|Private DNS
0204	כוון DNS פרטי	adjust Private DNS	7	SETTINGS	כוון|adjust|DNS פרטי|Private DNS
0205	בחר DNS פרטי	choose Private DNS	7	SETTINGS	בחר|choose|DNS פרטי|Private DNS
0206	העבר DNS פרטי	switch Private DNS	7	SETTINGS	העבר|switch|DNS פרטי|Private DNS
0207	הפעל DNS פרטי	enable Private DNS	7	SETTINGS	הפעל|enable|DNS פרטי|Private DNS
0208	השבת DNS פרטי	disable Private DNS	7	SETTINGS	השבת|disable|DNS פרטי|Private DNS
0209	עבור DNS פרטי	go Private DNS	7	SETTINGS	עבור|go|DNS פרטי|Private DNS
0210	היכנס DNS פרטי	enter Private DNS	7	SETTINGS	היכנס|enter|DNS פרטי|Private DNS
0211	גישה DNS פרטי	access Private DNS	7	SETTINGS	גישה|access|DNS פרטי|Private DNS
0212	אפשר DNS פרטי	allow Private DNS	7	SETTINGS	אפשר|allow|DNS פרטי|Private DNS
0213	בטל DNS פרטי	disable Private DNS	7	SETTINGS	בטל|disable|DNS פרטי|Private DNS
0214	אפס DNS פרטי	reset Private DNS	7	SETTINGS	אפס|reset|DNS פרטי|Private DNS
0215	שנה DNS פרטי	change Private DNS	7	SETTINGS	שנה|change|DNS פרטי|Private DNS
0216	הגדר DNS פרטי	set Private DNS	7	SETTINGS	הגדר|set|DNS פרטי|Private DNS
0217	שלוט DNS פרטי	control Private DNS	7	SETTINGS	שלוט|control|DNS פרטי|Private DNS
0218	התאם DNS פרטי	adjust Private DNS	7	SETTINGS	התאם|adjust|DNS פרטי|Private DNS
0219	נווט DNS פרטי	navigate Private DNS	7	SETTINGS	נווט|navigate|DNS פרטי|Private DNS
0220	עיין DNS פרטי	inspect Private DNS	7	SETTINGS	עיין|inspect|DNS פרטי|Private DNS
0221	עדכן DNS פרטי	update Private DNS	7	SETTINGS	עדכן|update|DNS פרטי|Private DNS
0222	שמור DNS פרטי	save Private DNS	7	SETTINGS	שמור|save|DNS פרטי|Private DNS
0223	פתח את DNS פרטי	open Private DNS	7	SETTINGS	פתח את|open|DNS פרטי|Private DNS
0224	בדוק את DNS פרטי	check Private DNS	7	SETTINGS	בדוק את|check|DNS פרטי|Private DNS
0225	הצג את DNS פרטי	show Private DNS	7	SETTINGS	הצג את|show|DNS פרטי|Private DNS
0226	עבור למסך DNS פרטי	go to screen Private DNS	7	SETTINGS	עבור למסך|go to screen|DNS פרטי|Private DNS
0227	פתח מסך	open Display	8	SETTINGS	פתח|open|מסך|Display
0228	הצג מסך	show Display	8	SETTINGS	הצג|show|מסך|Display
0229	בדוק מסך	check Display	8	SETTINGS	בדוק|check|מסך|Display
0230	נהל מסך	manage Display	8	SETTINGS	נהל|manage|מסך|Display
0231	כוון מסך	adjust Display	8	SETTINGS	כוון|adjust|מסך|Display
0232	בחר מסך	choose Display	8	SETTINGS	בחר|choose|מסך|Display
0233	העבר מסך	switch Display	8	SETTINGS	העבר|switch|מסך|Display
0234	הפעל מסך	enable Display	8	SETTINGS	הפעל|enable|מסך|Display
0235	השבת מסך	disable Display	8	SETTINGS	השבת|disable|מסך|Display
0236	עבור מסך	go Display	8	SETTINGS	עבור|go|מסך|Display
0237	היכנס מסך	enter Display	8	SETTINGS	היכנס|enter|מסך|Display
0238	גישה מסך	access Display	8	SETTINGS	גישה|access|מסך|Display
0239	אפשר מסך	allow Display	8	SETTINGS	אפשר|allow|מסך|Display
0240	בטל מסך	disable Display	8	SETTINGS	בטל|disable|מסך|Display
0241	אפס מסך	reset Display	8	SETTINGS	אפס|reset|מסך|Display
0242	שנה מסך	change Display	8	SETTINGS	שנה|change|מסך|Display
0243	הגדר מסך	set Display	8	SETTINGS	הגדר|set|מסך|Display
0244	שלוט מסך	control Display	8	SETTINGS	שלוט|control|מסך|Display
0245	התאם מסך	adjust Display	8	SETTINGS	התאם|adjust|מסך|Display
0246	נווט מסך	navigate Display	8	SETTINGS	נווט|navigate|מסך|Display
0247	עיין מסך	inspect Display	8	SETTINGS	עיין|inspect|מסך|Display
0248	עדכן מסך	update Display	8	SETTINGS	עדכן|update|מסך|Display
0249	שמור מסך	save Display	8	SETTINGS	שמור|save|מסך|Display
0250	פתח את מסך	open Display	8	SETTINGS	פתח את|open|מסך|Display
0251	בדוק את מסך	check Display	8	SETTINGS	בדוק את|check|מסך|Display
0252	הצג את מסך	show Display	8	SETTINGS	הצג את|show|מסך|Display
0253	עבור למסך מסך	go to screen Display	8	SETTINGS	עבור למסך|go to screen|מסך|Display
0254	פתח שמע	open Sound	9	SETTINGS	פתח|open|שמע|Sound
0255	הצג שמע	show Sound	9	SETTINGS	הצג|show|שמע|Sound
0256	בדוק שמע	check Sound	9	SETTINGS	בדוק|check|שמע|Sound
0257	נהל שמע	manage Sound	9	SETTINGS	נהל|manage|שמע|Sound
0258	כוון שמע	adjust Sound	9	SETTINGS	כוון|adjust|שמע|Sound
0259	בחר שמע	choose Sound	9	SETTINGS	בחר|choose|שמע|Sound
0260	העבר שמע	switch Sound	9	SETTINGS	העבר|switch|שמע|Sound
0261	הפעל שמע	enable Sound	9	SETTINGS	הפעל|enable|שמע|Sound
0262	השבת שמע	disable Sound	9	SETTINGS	השבת|disable|שמע|Sound
0263	עבור שמע	go Sound	9	SETTINGS	עבור|go|שמע|Sound
0264	היכנס שמע	enter Sound	9	SETTINGS	היכנס|enter|שמע|Sound
0265	גישה שמע	access Sound	9	SETTINGS	גישה|access|שמע|Sound
0266	אפשר שמע	allow Sound	9	SETTINGS	אפשר|allow|שמע|Sound
0267	בטל שמע	disable Sound	9	SETTINGS	בטל|disable|שמע|Sound
0268	אפס שמע	reset Sound	9	SETTINGS	אפס|reset|שמע|Sound
0269	שנה שמע	change Sound	9	SETTINGS	שנה|change|שמע|Sound
0270	הגדר שמע	set Sound	9	SETTINGS	הגדר|set|שמע|Sound
0271	שלוט שמע	control Sound	9	SETTINGS	שלוט|control|שמע|Sound
0272	התאם שמע	adjust Sound	9	SETTINGS	התאם|adjust|שמע|Sound
0273	נווט שמע	navigate Sound	9	SETTINGS	נווט|navigate|שמע|Sound
0274	עיין שמע	inspect Sound	9	SETTINGS	עיין|inspect|שמע|Sound
0275	עדכן שמע	update Sound	9	SETTINGS	עדכן|update|שמע|Sound
0276	שמור שמע	save Sound	9	SETTINGS	שמור|save|שמע|Sound
0277	פתח את שמע	open Sound	9	SETTINGS	פתח את|open|שמע|Sound
0278	בדוק את שמע	check Sound	9	SETTINGS	בדוק את|check|שמע|Sound
0279	הצג את שמע	show Sound	9	SETTINGS	הצג את|show|שמע|Sound
0280	עבור למסך שמע	go to screen Sound	9	SETTINGS	עבור למסך|go to screen|שמע|Sound
0281	פתח התראות	open Notifications	10	SETTINGS	פתח|open|התראות|Notifications
0282	הצג התראות	show Notifications	10	SETTINGS	הצג|show|התראות|Notifications
0283	בדוק התראות	check Notifications	10	SETTINGS	בדוק|check|התראות|Notifications
0284	נהל התראות	manage Notifications	10	SETTINGS	נהל|manage|התראות|Notifications
0285	כוון התראות	adjust Notifications	10	SETTINGS	כוון|adjust|התראות|Notifications
0286	בחר התראות	choose Notifications	10	SETTINGS	בחר|choose|התראות|Notifications
0287	העבר התראות	switch Notifications	10	SETTINGS	העבר|switch|התראות|Notifications
0288	הפעל התראות	enable Notifications	10	SETTINGS	הפעל|enable|התראות|Notifications
0289	השבת התראות	disable Notifications	10	SETTINGS	השבת|disable|התראות|Notifications
0290	עבור התראות	go Notifications	10	SETTINGS	עבור|go|התראות|Notifications
0291	היכנס התראות	enter Notifications	10	SETTINGS	היכנס|enter|התראות|Notifications
0292	גישה התראות	access Notifications	10	SETTINGS	גישה|access|התראות|Notifications
0293	אפשר התראות	allow Notifications	10	SETTINGS	אפשר|allow|התראות|Notifications
0294	בטל התראות	disable Notifications	10	SETTINGS	בטל|disable|התראות|Notifications
0295	אפס התראות	reset Notifications	10	SETTINGS	אפס|reset|התראות|Notifications
0296	שנה התראות	change Notifications	10	SETTINGS	שנה|change|התראות|Notifications
0297	הגדר התראות	set Notifications	10	SETTINGS	הגדר|set|התראות|Notifications
0298	שלוט התראות	control Notifications	10	SETTINGS	שלוט|control|התראות|Notifications
0299	התאם התראות	adjust Notifications	10	SETTINGS	התאם|adjust|התראות|Notifications
0300	נווט התראות	navigate Notifications	10	SETTINGS	נווט|navigate|התראות|Notifications
0301	עיין התראות	inspect Notifications	10	SETTINGS	עיין|inspect|התראות|Notifications
0302	עדכן התראות	update Notifications	10	SETTINGS	עדכן|update|התראות|Notifications
0303	שמור התראות	save Notifications	10	SETTINGS	שמור|save|התראות|Notifications
0304	פתח את התראות	open Notifications	10	SETTINGS	פתח את|open|התראות|Notifications
0305	בדוק את התראות	check Notifications	10	SETTINGS	בדוק את|check|התראות|Notifications
0306	הצג את התראות	show Notifications	10	SETTINGS	הצג את|show|התראות|Notifications
0307	עבור למסך התראות	go to screen Notifications	10	SETTINGS	עבור למסך|go to screen|התראות|Notifications
0308	פתח אפליקציות	open Apps	11	SETTINGS	פתח|open|אפליקציות|Apps
0309	הצג אפליקציות	show Apps	11	SETTINGS	הצג|show|אפליקציות|Apps
0310	בדוק אפליקציות	check Apps	11	SETTINGS	בדוק|check|אפליקציות|Apps
0311	נהל אפליקציות	manage Apps	11	SETTINGS	נהל|manage|אפליקציות|Apps
0312	כוון אפליקציות	adjust Apps	11	SETTINGS	כוון|adjust|אפליקציות|Apps
0313	בחר אפליקציות	choose Apps	11	SETTINGS	בחר|choose|אפליקציות|Apps
0314	העבר אפליקציות	switch Apps	11	SETTINGS	העבר|switch|אפליקציות|Apps
0315	הפעל אפליקציות	enable Apps	11	SETTINGS	הפעל|enable|אפליקציות|Apps
0316	השבת אפליקציות	disable Apps	11	SETTINGS	השבת|disable|אפליקציות|Apps
0317	עבור אפליקציות	go Apps	11	SETTINGS	עבור|go|אפליקציות|Apps
0318	היכנס אפליקציות	enter Apps	11	SETTINGS	היכנס|enter|אפליקציות|Apps
0319	גישה אפליקציות	access Apps	11	SETTINGS	גישה|access|אפליקציות|Apps
0320	אפשר אפליקציות	allow Apps	11	SETTINGS	אפשר|allow|אפליקציות|Apps
0321	בטל אפליקציות	disable Apps	11	SETTINGS	בטל|disable|אפליקציות|Apps
0322	אפס אפליקציות	reset Apps	11	SETTINGS	אפס|reset|אפליקציות|Apps
0323	שנה אפליקציות	change Apps	11	SETTINGS	שנה|change|אפליקציות|Apps
0324	הגדר אפליקציות	set Apps	11	SETTINGS	הגדר|set|אפליקציות|Apps
0325	שלוט אפליקציות	control Apps	11	SETTINGS	שלוט|control|אפליקציות|Apps
0326	התאם אפליקציות	adjust Apps	11	SETTINGS	התאם|adjust|אפליקציות|Apps
0327	נווט אפליקציות	navigate Apps	11	SETTINGS	נווט|navigate|אפליקציות|Apps
0328	עיין אפליקציות	inspect Apps	11	SETTINGS	עיין|inspect|אפליקציות|Apps
0329	עדכן אפליקציות	update Apps	11	SETTINGS	עדכן|update|אפליקציות|Apps
0330	שמור אפליקציות	save Apps	11	SETTINGS	שמור|save|אפליקציות|Apps
0331	פתח את אפליקציות	open Apps	11	SETTINGS	פתח את|open|אפליקציות|Apps
0332	בדוק את אפליקציות	check Apps	11	SETTINGS	בדוק את|check|אפליקציות|Apps
0333	הצג את אפליקציות	show Apps	11	SETTINGS	הצג את|show|אפליקציות|Apps
0334	עבור למסך אפליקציות	go to screen Apps	11	SETTINGS	עבור למסך|go to screen|אפליקציות|Apps
0335	פתח אחסון	open Storage	13	SETTINGS	פתח|open|אחסון|Storage
0336	הצג אחסון	show Storage	13	SETTINGS	הצג|show|אחסון|Storage
0337	בדוק אחסון	check Storage	13	SETTINGS	בדוק|check|אחסון|Storage
0338	נהל אחסון	manage Storage	13	SETTINGS	נהל|manage|אחסון|Storage
0339	כוון אחסון	adjust Storage	13	SETTINGS	כוון|adjust|אחסון|Storage
0340	בחר אחסון	choose Storage	13	SETTINGS	בחר|choose|אחסון|Storage
0341	העבר אחסון	switch Storage	13	SETTINGS	העבר|switch|אחסון|Storage
0342	הפעל אחסון	enable Storage	13	SETTINGS	הפעל|enable|אחסון|Storage
0343	השבת אחסון	disable Storage	13	SETTINGS	השבת|disable|אחסון|Storage
0344	עבור אחסון	go Storage	13	SETTINGS	עבור|go|אחסון|Storage
0345	היכנס אחסון	enter Storage	13	SETTINGS	היכנס|enter|אחסון|Storage
0346	גישה אחסון	access Storage	13	SETTINGS	גישה|access|אחסון|Storage
0347	אפשר אחסון	allow Storage	13	SETTINGS	אפשר|allow|אחסון|Storage
0348	בטל אחסון	disable Storage	13	SETTINGS	בטל|disable|אחסון|Storage
0349	אפס אחסון	reset Storage	13	SETTINGS	אפס|reset|אחסון|Storage
0350	שנה אחסון	change Storage	13	SETTINGS	שנה|change|אחסון|Storage
0351	הגדר אחסון	set Storage	13	SETTINGS	הגדר|set|אחסון|Storage
0352	שלוט אחסון	control Storage	13	SETTINGS	שלוט|control|אחסון|Storage
0353	התאם אחסון	adjust Storage	13	SETTINGS	התאם|adjust|אחסון|Storage
0354	נווט אחסון	navigate Storage	13	SETTINGS	נווט|navigate|אחסון|Storage
0355	עיין אחסון	inspect Storage	13	SETTINGS	עיין|inspect|אחסון|Storage
0356	עדכן אחסון	update Storage	13	SETTINGS	עדכן|update|אחסון|Storage
0357	שמור אחסון	save Storage	13	SETTINGS	שמור|save|אחסון|Storage
0358	פתח את אחסון	open Storage	13	SETTINGS	פתח את|open|אחסון|Storage
0359	בדוק את אחסון	check Storage	13	SETTINGS	בדוק את|check|אחסון|Storage
0360	הצג את אחסון	show Storage	13	SETTINGS	הצג את|show|אחסון|Storage
0361	עבור למסך אחסון	go to screen Storage	13	SETTINGS	עבור למסך|go to screen|אחסון|Storage
0362	פתח אבטחה	open Security	14	SETTINGS	פתח|open|אבטחה|Security
0363	הצג אבטחה	show Security	14	SETTINGS	הצג|show|אבטחה|Security
0364	בדוק אבטחה	check Security	14	SETTINGS	בדוק|check|אבטחה|Security
0365	נהל אבטחה	manage Security	14	SETTINGS	נהל|manage|אבטחה|Security
0366	כוון אבטחה	adjust Security	14	SETTINGS	כוון|adjust|אבטחה|Security
0367	בחר אבטחה	choose Security	14	SETTINGS	בחר|choose|אבטחה|Security
0368	העבר אבטחה	switch Security	14	SETTINGS	העבר|switch|אבטחה|Security
0369	הפעל אבטחה	enable Security	14	SETTINGS	הפעל|enable|אבטחה|Security
0370	השבת אבטחה	disable Security	14	SETTINGS	השבת|disable|אבטחה|Security
0371	עבור אבטחה	go Security	14	SETTINGS	עבור|go|אבטחה|Security
0372	היכנס אבטחה	enter Security	14	SETTINGS	היכנס|enter|אבטחה|Security
0373	גישה אבטחה	access Security	14	SETTINGS	גישה|access|אבטחה|Security
0374	אפשר אבטחה	allow Security	14	SETTINGS	אפשר|allow|אבטחה|Security
0375	בטל אבטחה	disable Security	14	SETTINGS	בטל|disable|אבטחה|Security
0376	אפס אבטחה	reset Security	14	SETTINGS	אפס|reset|אבטחה|Security
0377	שנה אבטחה	change Security	14	SETTINGS	שנה|change|אבטחה|Security
0378	הגדר אבטחה	set Security	14	SETTINGS	הגדר|set|אבטחה|Security
0379	שלוט אבטחה	control Security	14	SETTINGS	שלוט|control|אבטחה|Security
0380	התאם אבטחה	adjust Security	14	SETTINGS	התאם|adjust|אבטחה|Security
0381	נווט אבטחה	navigate Security	14	SETTINGS	נווט|navigate|אבטחה|Security
0382	עיין אבטחה	inspect Security	14	SETTINGS	עיין|inspect|אבטחה|Security
0383	עדכן אבטחה	update Security	14	SETTINGS	עדכן|update|אבטחה|Security
0384	שמור אבטחה	save Security	14	SETTINGS	שמור|save|אבטחה|Security
0385	פתח את אבטחה	open Security	14	SETTINGS	פתח את|open|אבטחה|Security
0386	בדוק את אבטחה	check Security	14	SETTINGS	בדוק את|check|אבטחה|Security
0387	הצג את אבטחה	show Security	14	SETTINGS	הצג את|show|אבטחה|Security
0388	עבור למסך אבטחה	go to screen Security	14	SETTINGS	עבור למסך|go to screen|אבטחה|Security
0389	פתח מיקום	open Location	15	SETTINGS	פתח|open|מיקום|Location
0390	הצג מיקום	show Location	15	SETTINGS	הצג|show|מיקום|Location
0391	בדוק מיקום	check Location	15	SETTINGS	בדוק|check|מיקום|Location
0392	נהל מיקום	manage Location	15	SETTINGS	נהל|manage|מיקום|Location
0393	כוון מיקום	adjust Location	15	SETTINGS	כוון|adjust|מיקום|Location
0394	בחר מיקום	choose Location	15	SETTINGS	בחר|choose|מיקום|Location
0395	העבר מיקום	switch Location	15	SETTINGS	העבר|switch|מיקום|Location
0396	הפעל מיקום	enable Location	15	SETTINGS	הפעל|enable|מיקום|Location
0397	השבת מיקום	disable Location	15	SETTINGS	השבת|disable|מיקום|Location
0398	עבור מיקום	go Location	15	SETTINGS	עבור|go|מיקום|Location
0399	היכנס מיקום	enter Location	15	SETTINGS	היכנס|enter|מיקום|Location
0400	גישה מיקום	access Location	15	SETTINGS	גישה|access|מיקום|Location
0401	אפשר מיקום	allow Location	15	SETTINGS	אפשר|allow|מיקום|Location
0402	בטל מיקום	disable Location	15	SETTINGS	בטל|disable|מיקום|Location
0403	אפס מיקום	reset Location	15	SETTINGS	אפס|reset|מיקום|Location
0404	שנה מיקום	change Location	15	SETTINGS	שנה|change|מיקום|Location
0405	הגדר מיקום	set Location	15	SETTINGS	הגדר|set|מיקום|Location
0406	שלוט מיקום	control Location	15	SETTINGS	שלוט|control|מיקום|Location
0407	התאם מיקום	adjust Location	15	SETTINGS	התאם|adjust|מיקום|Location
0408	נווט מיקום	navigate Location	15	SETTINGS	נווט|navigate|מיקום|Location
0409	עיין מיקום	inspect Location	15	SETTINGS	עיין|inspect|מיקום|Location
0410	עדכן מיקום	update Location	15	SETTINGS	עדכן|update|מיקום|Location
0411	שמור מיקום	save Location	15	SETTINGS	שמור|save|מיקום|Location
0412	פתח את מיקום	open Location	15	SETTINGS	פתח את|open|מיקום|Location
0413	בדוק את מיקום	check Location	15	SETTINGS	בדוק את|check|מיקום|Location
0414	הצג את מיקום	show Location	15	SETTINGS	הצג את|show|מיקום|Location
0415	עבור למסך מיקום	go to screen Location	15	SETTINGS	עבור למסך|go to screen|מיקום|Location
0416	פתח הרשאות	open Permissions	16	SETTINGS	פתח|open|הרשאות|Permissions
0417	הצג הרשאות	show Permissions	16	SETTINGS	הצג|show|הרשאות|Permissions
0418	בדוק הרשאות	check Permissions	16	SETTINGS	בדוק|check|הרשאות|Permissions
0419	נהל הרשאות	manage Permissions	16	SETTINGS	נהל|manage|הרשאות|Permissions
0420	כוון הרשאות	adjust Permissions	16	SETTINGS	כוון|adjust|הרשאות|Permissions
0421	בחר הרשאות	choose Permissions	16	SETTINGS	בחר|choose|הרשאות|Permissions
0422	העבר הרשאות	switch Permissions	16	SETTINGS	העבר|switch|הרשאות|Permissions
0423	הפעל הרשאות	enable Permissions	16	SETTINGS	הפעל|enable|הרשאות|Permissions
0424	השבת הרשאות	disable Permissions	16	SETTINGS	השבת|disable|הרשאות|Permissions
0425	עבור הרשאות	go Permissions	16	SETTINGS	עבור|go|הרשאות|Permissions
0426	היכנס הרשאות	enter Permissions	16	SETTINGS	היכנס|enter|הרשאות|Permissions
0427	גישה הרשאות	access Permissions	16	SETTINGS	גישה|access|הרשאות|Permissions
0428	אפשר הרשאות	allow Permissions	16	SETTINGS	אפשר|allow|הרשאות|Permissions
0429	בטל הרשאות	disable Permissions	16	SETTINGS	בטל|disable|הרשאות|Permissions
0430	אפס הרשאות	reset Permissions	16	SETTINGS	אפס|reset|הרשאות|Permissions
0431	שנה הרשאות	change Permissions	16	SETTINGS	שנה|change|הרשאות|Permissions
0432	הגדר הרשאות	set Permissions	16	SETTINGS	הגדר|set|הרשאות|Permissions
0433	שלוט הרשאות	control Permissions	16	SETTINGS	שלוט|control|הרשאות|Permissions
0434	התאם הרשאות	adjust Permissions	16	SETTINGS	התאם|adjust|הרשאות|Permissions
0435	נווט הרשאות	navigate Permissions	16	SETTINGS	נווט|navigate|הרשאות|Permissions
0436	עיין הרשאות	inspect Permissions	16	SETTINGS	עיין|inspect|הרשאות|Permissions
0437	עדכן הרשאות	update Permissions	16	SETTINGS	עדכן|update|הרשאות|Permissions
0438	שמור הרשאות	save Permissions	16	SETTINGS	שמור|save|הרשאות|Permissions
0439	פתח את הרשאות	open Permissions	16	SETTINGS	פתח את|open|הרשאות|Permissions
0440	בדוק את הרשאות	check Permissions	16	SETTINGS	בדוק את|check|הרשאות|Permissions
0441	הצג את הרשאות	show Permissions	16	SETTINGS	הצג את|show|הרשאות|Permissions
0442	עבור למסך הרשאות	go to screen Permissions	16	SETTINGS	עבור למסך|go to screen|הרשאות|Permissions
0443	פתח נגישות	open Accessibility	17	SETTINGS	פתח|open|נגישות|Accessibility
0444	הצג נגישות	show Accessibility	17	SETTINGS	הצג|show|נגישות|Accessibility
0445	בדוק נגישות	check Accessibility	17	SETTINGS	בדוק|check|נגישות|Accessibility
0446	נהל נגישות	manage Accessibility	17	SETTINGS	נהל|manage|נגישות|Accessibility
0447	כוון נגישות	adjust Accessibility	17	SETTINGS	כוון|adjust|נגישות|Accessibility
0448	בחר נגישות	choose Accessibility	17	SETTINGS	בחר|choose|נגישות|Accessibility
0449	העבר נגישות	switch Accessibility	17	SETTINGS	העבר|switch|נגישות|Accessibility
0450	הפעל נגישות	enable Accessibility	17	SETTINGS	הפעל|enable|נגישות|Accessibility
0451	השבת נגישות	disable Accessibility	17	SETTINGS	השבת|disable|נגישות|Accessibility
0452	עבור נגישות	go Accessibility	17	SETTINGS	עבור|go|נגישות|Accessibility
0453	היכנס נגישות	enter Accessibility	17	SETTINGS	היכנס|enter|נגישות|Accessibility
0454	גישה נגישות	access Accessibility	17	SETTINGS	גישה|access|נגישות|Accessibility
0455	אפשר נגישות	allow Accessibility	17	SETTINGS	אפשר|allow|נגישות|Accessibility
0456	בטל נגישות	disable Accessibility	17	SETTINGS	בטל|disable|נגישות|Accessibility
0457	אפס נגישות	reset Accessibility	17	SETTINGS	אפס|reset|נגישות|Accessibility
0458	שנה נגישות	change Accessibility	17	SETTINGS	שנה|change|נגישות|Accessibility
0459	הגדר נגישות	set Accessibility	17	SETTINGS	הגדר|set|נגישות|Accessibility
0460	שלוט נגישות	control Accessibility	17	SETTINGS	שלוט|control|נגישות|Accessibility
0461	התאם נגישות	adjust Accessibility	17	SETTINGS	התאם|adjust|נגישות|Accessibility
0462	נווט נגישות	navigate Accessibility	17	SETTINGS	נווט|navigate|נגישות|Accessibility
0463	עיין נגישות	inspect Accessibility	17	SETTINGS	עיין|inspect|נגישות|Accessibility
0464	עדכן נגישות	update Accessibility	17	SETTINGS	עדכן|update|נגישות|Accessibility
0465	שמור נגישות	save Accessibility	17	SETTINGS	שמור|save|נגישות|Accessibility
0466	פתח את נגישות	open Accessibility	17	SETTINGS	פתח את|open|נגישות|Accessibility
0467	בדוק את נגישות	check Accessibility	17	SETTINGS	בדוק את|check|נגישות|Accessibility
0468	הצג את נגישות	show Accessibility	17	SETTINGS	הצג את|show|נגישות|Accessibility
0469	עבור למסך נגישות	go to screen Accessibility	17	SETTINGS	עבור למסך|go to screen|נגישות|Accessibility
0470	פתח חיסכון בסוללה	open Battery saver	18	SETTINGS	פתח|open|חיסכון בסוללה|Battery saver
0471	הצג חיסכון בסוללה	show Battery saver	18	SETTINGS	הצג|show|חיסכון בסוללה|Battery saver
0472	בדוק חיסכון בסוללה	check Battery saver	18	SETTINGS	בדוק|check|חיסכון בסוללה|Battery saver
0473	נהל חיסכון בסוללה	manage Battery saver	18	SETTINGS	נהל|manage|חיסכון בסוללה|Battery saver
0474	כוון חיסכון בסוללה	adjust Battery saver	18	SETTINGS	כוון|adjust|חיסכון בסוללה|Battery saver
0475	בחר חיסכון בסוללה	choose Battery saver	18	SETTINGS	בחר|choose|חיסכון בסוללה|Battery saver
0476	העבר חיסכון בסוללה	switch Battery saver	18	SETTINGS	העבר|switch|חיסכון בסוללה|Battery saver
0477	הפעל חיסכון בסוללה	enable Battery saver	18	SETTINGS	הפעל|enable|חיסכון בסוללה|Battery saver
0478	השבת חיסכון בסוללה	disable Battery saver	18	SETTINGS	השבת|disable|חיסכון בסוללה|Battery saver
0479	עבור חיסכון בסוללה	go Battery saver	18	SETTINGS	עבור|go|חיסכון בסוללה|Battery saver
0480	היכנס חיסכון בסוללה	enter Battery saver	18	SETTINGS	היכנס|enter|חיסכון בסוללה|Battery saver
0481	גישה חיסכון בסוללה	access Battery saver	18	SETTINGS	גישה|access|חיסכון בסוללה|Battery saver
0482	אפשר חיסכון בסוללה	allow Battery saver	18	SETTINGS	אפשר|allow|חיסכון בסוללה|Battery saver
0483	בטל חיסכון בסוללה	disable Battery saver	18	SETTINGS	בטל|disable|חיסכון בסוללה|Battery saver
0484	אפס חיסכון בסוללה	reset Battery saver	18	SETTINGS	אפס|reset|חיסכון בסוללה|Battery saver
0485	שנה חיסכון בסוללה	change Battery saver	18	SETTINGS	שנה|change|חיסכון בסוללה|Battery saver
0486	הגדר חיסכון בסוללה	set Battery saver	18	SETTINGS	הגדר|set|חיסכון בסוללה|Battery saver
0487	שלוט חיסכון בסוללה	control Battery saver	18	SETTINGS	שלוט|control|חיסכון בסוללה|Battery saver
0488	התאם חיסכון בסוללה	adjust Battery saver	18	SETTINGS	התאם|adjust|חיסכון בסוללה|Battery saver
0489	נווט חיסכון בסוללה	navigate Battery saver	18	SETTINGS	נווט|navigate|חיסכון בסוללה|Battery saver
0490	עיין חיסכון בסוללה	inspect Battery saver	18	SETTINGS	עיין|inspect|חיסכון בסוללה|Battery saver
0491	עדכן חיסכון בסוללה	update Battery saver	18	SETTINGS	עדכן|update|חיסכון בסוללה|Battery saver
0492	שמור חיסכון בסוללה	save Battery saver	18	SETTINGS	שמור|save|חיסכון בסוללה|Battery saver
0493	פתח את חיסכון בסוללה	open Battery saver	18	SETTINGS	פתח את|open|חיסכון בסוללה|Battery saver
0494	בדוק את חיסכון בסוללה	check Battery saver	18	SETTINGS	בדוק את|check|חיסכון בסוללה|Battery saver
0495	הצג את חיסכון בסוללה	show Battery saver	18	SETTINGS	הצג את|show|חיסכון בסוללה|Battery saver
0496	עבור למסך חיסכון בסוללה	go to screen Battery saver	18	SETTINGS	עבור למסך|go to screen|חיסכון בסוללה|Battery saver
0497	פתח תאריך	open Date	20	SETTINGS	פתח|open|תאריך|Date
0498	הצג תאריך	show Date	20	SETTINGS	הצג|show|תאריך|Date
0499	בדוק תאריך	check Date	20	SETTINGS	בדוק|check|תאריך|Date
0500	נהל תאריך	manage Date	20	SETTINGS	נהל|manage|תאריך|Date
0501	כוון תאריך	adjust Date	20	SETTINGS	כוון|adjust|תאריך|Date
0502	בחר תאריך	choose Date	20	SETTINGS	בחר|choose|תאריך|Date
0503	העבר תאריך	switch Date	20	SETTINGS	העבר|switch|תאריך|Date
0504	הפעל תאריך	enable Date	20	SETTINGS	הפעל|enable|תאריך|Date
0505	השבת תאריך	disable Date	20	SETTINGS	השבת|disable|תאריך|Date
0506	עבור תאריך	go Date	20	SETTINGS	עבור|go|תאריך|Date
0507	היכנס תאריך	enter Date	20	SETTINGS	היכנס|enter|תאריך|Date
0508	גישה תאריך	access Date	20	SETTINGS	גישה|access|תאריך|Date
0509	אפשר תאריך	allow Date	20	SETTINGS	אפשר|allow|תאריך|Date
0510	בטל תאריך	disable Date	20	SETTINGS	בטל|disable|תאריך|Date
0511	אפס תאריך	reset Date	20	SETTINGS	אפס|reset|תאריך|Date
0512	שנה תאריך	change Date	20	SETTINGS	שנה|change|תאריך|Date
0513	הגדר תאריך	set Date	20	SETTINGS	הגדר|set|תאריך|Date
0514	שלוט תאריך	control Date	20	SETTINGS	שלוט|control|תאריך|Date
0515	התאם תאריך	adjust Date	20	SETTINGS	התאם|adjust|תאריך|Date
0516	נווט תאריך	navigate Date	20	SETTINGS	נווט|navigate|תאריך|Date
0517	עיין תאריך	inspect Date	20	SETTINGS	עיין|inspect|תאריך|Date
0518	עדכן תאריך	update Date	20	SETTINGS	עדכן|update|תאריך|Date
0519	שמור תאריך	save Date	20	SETTINGS	שמור|save|תאריך|Date
0520	פתח את תאריך	open Date	20	SETTINGS	פתח את|open|תאריך|Date
0521	בדוק את תאריך	check Date	20	SETTINGS	בדוק את|check|תאריך|Date
0522	הצג את תאריך	show Date	20	SETTINGS	הצג את|show|תאריך|Date
0523	עבור למסך תאריך	go to screen Date	20	SETTINGS	עבור למסך|go to screen|תאריך|Date
0524	פתח שעה	open Time	21	SETTINGS	פתח|open|שעה|Time
0525	הצג שעה	show Time	21	SETTINGS	הצג|show|שעה|Time
0526	בדוק שעה	check Time	21	SETTINGS	בדוק|check|שעה|Time
0527	נהל שעה	manage Time	21	SETTINGS	נהל|manage|שעה|Time
0528	כוון שעה	adjust Time	21	SETTINGS	כוון|adjust|שעה|Time
0529	בחר שעה	choose Time	21	SETTINGS	בחר|choose|שעה|Time
0530	העבר שעה	switch Time	21	SETTINGS	העבר|switch|שעה|Time
0531	הפעל שעה	enable Time	21	SETTINGS	הפעל|enable|שעה|Time
0532	השבת שעה	disable Time	21	SETTINGS	השבת|disable|שעה|Time
0533	עבור שעה	go Time	21	SETTINGS	עבור|go|שעה|Time
0534	היכנס שעה	enter Time	21	SETTINGS	היכנס|enter|שעה|Time
0535	גישה שעה	access Time	21	SETTINGS	גישה|access|שעה|Time
0536	אפשר שעה	allow Time	21	SETTINGS	אפשר|allow|שעה|Time
0537	בטל שעה	disable Time	21	SETTINGS	בטל|disable|שעה|Time
0538	אפס שעה	reset Time	21	SETTINGS	אפס|reset|שעה|Time
0539	שנה שעה	change Time	21	SETTINGS	שנה|change|שעה|Time
0540	הגדר שעה	set Time	21	SETTINGS	הגדר|set|שעה|Time
0541	שלוט שעה	control Time	21	SETTINGS	שלוט|control|שעה|Time
0542	התאם שעה	adjust Time	21	SETTINGS	התאם|adjust|שעה|Time
0543	נווט שעה	navigate Time	21	SETTINGS	נווט|navigate|שעה|Time
0544	עיין שעה	inspect Time	21	SETTINGS	עיין|inspect|שעה|Time
0545	עדכן שעה	update Time	21	SETTINGS	עדכן|update|שעה|Time
0546	שמור שעה	save Time	21	SETTINGS	שמור|save|שעה|Time
0547	פתח את שעה	open Time	21	SETTINGS	פתח את|open|שעה|Time
0548	בדוק את שעה	check Time	21	SETTINGS	בדוק את|check|שעה|Time
0549	הצג את שעה	show Time	21	SETTINGS	הצג את|show|שעה|Time
0550	עבור למסך שעה	go to screen Time	21	SETTINGS	עבור למסך|go to screen|שעה|Time
0551	פתח שפה	open Language	23	SETTINGS	פתח|open|שפה|Language
0552	הצג שפה	show Language	23	SETTINGS	הצג|show|שפה|Language
0553	בדוק שפה	check Language	23	SETTINGS	בדוק|check|שפה|Language
0554	נהל שפה	manage Language	23	SETTINGS	נהל|manage|שפה|Language
0555	כוון שפה	adjust Language	23	SETTINGS	כוון|adjust|שפה|Language
0556	בחר שפה	choose Language	23	SETTINGS	בחר|choose|שפה|Language
0557	העבר שפה	switch Language	23	SETTINGS	העבר|switch|שפה|Language
0558	הפעל שפה	enable Language	23	SETTINGS	הפעל|enable|שפה|Language
0559	השבת שפה	disable Language	23	SETTINGS	השבת|disable|שפה|Language
0560	עבור שפה	go Language	23	SETTINGS	עבור|go|שפה|Language
0561	היכנס שפה	enter Language	23	SETTINGS	היכנס|enter|שפה|Language
0562	גישה שפה	access Language	23	SETTINGS	גישה|access|שפה|Language
0563	אפשר שפה	allow Language	23	SETTINGS	אפשר|allow|שפה|Language
0564	בטל שפה	disable Language	23	SETTINGS	בטל|disable|שפה|Language
0565	אפס שפה	reset Language	23	SETTINGS	אפס|reset|שפה|Language
0566	שנה שפה	change Language	23	SETTINGS	שנה|change|שפה|Language
0567	הגדר שפה	set Language	23	SETTINGS	הגדר|set|שפה|Language
0568	שלוט שפה	control Language	23	SETTINGS	שלוט|control|שפה|Language
0569	התאם שפה	adjust Language	23	SETTINGS	התאם|adjust|שפה|Language
0570	נווט שפה	navigate Language	23	SETTINGS	נווט|navigate|שפה|Language
0571	עיין שפה	inspect Language	23	SETTINGS	עיין|inspect|שפה|Language
0572	עדכן שפה	update Language	23	SETTINGS	עדכן|update|שפה|Language
0573	שמור שפה	save Language	23	SETTINGS	שמור|save|שפה|Language
0574	פתח את שפה	open Language	23	SETTINGS	פתח את|open|שפה|Language
0575	בדוק את שפה	check Language	23	SETTINGS	בדוק את|check|שפה|Language
0576	הצג את שפה	show Language	23	SETTINGS	הצג את|show|שפה|Language
0577	עבור למסך שפה	go to screen Language	23	SETTINGS	עבור למסך|go to screen|שפה|Language
0578	פתח מקלדת	open Keyboard	24	SETTINGS	פתח|open|מקלדת|Keyboard
0579	הצג מקלדת	show Keyboard	24	SETTINGS	הצג|show|מקלדת|Keyboard
0580	בדוק מקלדת	check Keyboard	24	SETTINGS	בדוק|check|מקלדת|Keyboard
0581	נהל מקלדת	manage Keyboard	24	SETTINGS	נהל|manage|מקלדת|Keyboard
0582	כוון מקלדת	adjust Keyboard	24	SETTINGS	כוון|adjust|מקלדת|Keyboard
0583	בחר מקלדת	choose Keyboard	24	SETTINGS	בחר|choose|מקלדת|Keyboard
0584	העבר מקלדת	switch Keyboard	24	SETTINGS	העבר|switch|מקלדת|Keyboard
0585	הפעל מקלדת	enable Keyboard	24	SETTINGS	הפעל|enable|מקלדת|Keyboard
0586	השבת מקלדת	disable Keyboard	24	SETTINGS	השבת|disable|מקלדת|Keyboard
0587	עבור מקלדת	go Keyboard	24	SETTINGS	עבור|go|מקלדת|Keyboard
0588	היכנס מקלדת	enter Keyboard	24	SETTINGS	היכנס|enter|מקלדת|Keyboard
0589	גישה מקלדת	access Keyboard	24	SETTINGS	גישה|access|מקלדת|Keyboard
0590	אפשר מקלדת	allow Keyboard	24	SETTINGS	אפשר|allow|מקלדת|Keyboard
0591	בטל מקלדת	disable Keyboard	24	SETTINGS	בטל|disable|מקלדת|Keyboard
0592	אפס מקלדת	reset Keyboard	24	SETTINGS	אפס|reset|מקלדת|Keyboard
0593	שנה מקלדת	change Keyboard	24	SETTINGS	שנה|change|מקלדת|Keyboard
0594	הגדר מקלדת	set Keyboard	24	SETTINGS	הגדר|set|מקלדת|Keyboard
0595	שלוט מקלדת	control Keyboard	24	SETTINGS	שלוט|control|מקלדת|Keyboard
0596	התאם מקלדת	adjust Keyboard	24	SETTINGS	התאם|adjust|מקלדת|Keyboard
0597	נווט מקלדת	navigate Keyboard	24	SETTINGS	נווט|navigate|מקלדת|Keyboard
0598	עיין מקלדת	inspect Keyboard	24	SETTINGS	עיין|inspect|מקלדת|Keyboard
0599	עדכן מקלדת	update Keyboard	24	SETTINGS	עדכן|update|מקלדת|Keyboard
0600	שמור מקלדת	save Keyboard	24	SETTINGS	שמור|save|מקלדת|Keyboard
0601	פתח את מקלדת	open Keyboard	24	SETTINGS	פתח את|open|מקלדת|Keyboard
0602	בדוק את מקלדת	check Keyboard	24	SETTINGS	בדוק את|check|מקלדת|Keyboard
0603	הצג את מקלדת	show Keyboard	24	SETTINGS	הצג את|show|מקלדת|Keyboard
0604	עבור למסך מקלדת	go to screen Keyboard	24	SETTINGS	עבור למסך|go to screen|מקלדת|Keyboard
0605	פתח שידור מסך	open Cast	26	SETTINGS	פתח|open|שידור מסך|Cast
0606	הצג שידור מסך	show Cast	26	SETTINGS	הצג|show|שידור מסך|Cast
0607	בדוק שידור מסך	check Cast	26	SETTINGS	בדוק|check|שידור מסך|Cast
0608	נהל שידור מסך	manage Cast	26	SETTINGS	נהל|manage|שידור מסך|Cast
0609	כוון שידור מסך	adjust Cast	26	SETTINGS	כוון|adjust|שידור מסך|Cast
0610	בחר שידור מסך	choose Cast	26	SETTINGS	בחר|choose|שידור מסך|Cast
0611	העבר שידור מסך	switch Cast	26	SETTINGS	העבר|switch|שידור מסך|Cast
0612	הפעל שידור מסך	enable Cast	26	SETTINGS	הפעל|enable|שידור מסך|Cast
0613	השבת שידור מסך	disable Cast	26	SETTINGS	השבת|disable|שידור מסך|Cast
0614	עבור שידור מסך	go Cast	26	SETTINGS	עבור|go|שידור מסך|Cast
0615	היכנס שידור מסך	enter Cast	26	SETTINGS	היכנס|enter|שידור מסך|Cast
0616	גישה שידור מסך	access Cast	26	SETTINGS	גישה|access|שידור מסך|Cast
0617	אפשר שידור מסך	allow Cast	26	SETTINGS	אפשר|allow|שידור מסך|Cast
0618	בטל שידור מסך	disable Cast	26	SETTINGS	בטל|disable|שידור מסך|Cast
0619	אפס שידור מסך	reset Cast	26	SETTINGS	אפס|reset|שידור מסך|Cast
0620	שנה שידור מסך	change Cast	26	SETTINGS	שנה|change|שידור מסך|Cast
0621	הגדר שידור מסך	set Cast	26	SETTINGS	הגדר|set|שידור מסך|Cast
0622	שלוט שידור מסך	control Cast	26	SETTINGS	שלוט|control|שידור מסך|Cast
0623	התאם שידור מסך	adjust Cast	26	SETTINGS	התאם|adjust|שידור מסך|Cast
0624	נווט שידור מסך	navigate Cast	26	SETTINGS	נווט|navigate|שידור מסך|Cast
0625	עיין שידור מסך	inspect Cast	26	SETTINGS	עיין|inspect|שידור מסך|Cast
0626	עדכן שידור מסך	update Cast	26	SETTINGS	עדכן|update|שידור מסך|Cast
0627	שמור שידור מסך	save Cast	26	SETTINGS	שמור|save|שידור מסך|Cast
0628	פתח את שידור מסך	open Cast	26	SETTINGS	פתח את|open|שידור מסך|Cast
0629	בדוק את שידור מסך	check Cast	26	SETTINGS	בדוק את|check|שידור מסך|Cast
0630	הצג את שידור מסך	show Cast	26	SETTINGS	הצג את|show|שידור מסך|Cast
0631	עבור למסך שידור מסך	go to screen Cast	26	SETTINGS	עבור למסך|go to screen|שידור מסך|Cast
0632	פתח NFC	open NFC	27	SETTINGS	פתח|open|NFC|NFC
0633	הצג NFC	show NFC	27	SETTINGS	הצג|show|NFC|NFC
0634	בדוק NFC	check NFC	27	SETTINGS	בדוק|check|NFC|NFC
0635	נהל NFC	manage NFC	27	SETTINGS	נהל|manage|NFC|NFC
0636	כוון NFC	adjust NFC	27	SETTINGS	כוון|adjust|NFC|NFC
0637	בחר NFC	choose NFC	27	SETTINGS	בחר|choose|NFC|NFC
0638	העבר NFC	switch NFC	27	SETTINGS	העבר|switch|NFC|NFC
0639	הפעל NFC	enable NFC	27	SETTINGS	הפעל|enable|NFC|NFC
0640	השבת NFC	disable NFC	27	SETTINGS	השבת|disable|NFC|NFC
0641	עבור NFC	go NFC	27	SETTINGS	עבור|go|NFC|NFC
0642	היכנס NFC	enter NFC	27	SETTINGS	היכנס|enter|NFC|NFC
0643	גישה NFC	access NFC	27	SETTINGS	גישה|access|NFC|NFC
0644	אפשר NFC	allow NFC	27	SETTINGS	אפשר|allow|NFC|NFC
0645	בטל NFC	disable NFC	27	SETTINGS	בטל|disable|NFC|NFC
0646	אפס NFC	reset NFC	27	SETTINGS	אפס|reset|NFC|NFC
0647	שנה NFC	change NFC	27	SETTINGS	שנה|change|NFC|NFC
0648	הגדר NFC	set NFC	27	SETTINGS	הגדר|set|NFC|NFC
0649	שלוט NFC	control NFC	27	SETTINGS	שלוט|control|NFC|NFC
0650	התאם NFC	adjust NFC	27	SETTINGS	התאם|adjust|NFC|NFC
0651	נווט NFC	navigate NFC	27	SETTINGS	נווט|navigate|NFC|NFC
0652	עיין NFC	inspect NFC	27	SETTINGS	עיין|inspect|NFC|NFC
0653	עדכן NFC	update NFC	27	SETTINGS	עדכן|update|NFC|NFC
0654	שמור NFC	save NFC	27	SETTINGS	שמור|save|NFC|NFC
0655	פתח את NFC	open NFC	27	SETTINGS	פתח את|open|NFC|NFC
0656	בדוק את NFC	check NFC	27	SETTINGS	בדוק את|check|NFC|NFC
0657	הצג את NFC	show NFC	27	SETTINGS	הצג את|show|NFC|NFC
0658	עבור למסך NFC	go to screen NFC	27	SETTINGS	עבור למסך|go to screen|NFC|NFC
0659	פתח רשתות	open Wireless	28	SETTINGS	פתח|open|רשתות|Wireless
0660	הצג רשתות	show Wireless	28	SETTINGS	הצג|show|רשתות|Wireless
0661	בדוק רשתות	check Wireless	28	SETTINGS	בדוק|check|רשתות|Wireless
0662	נהל רשתות	manage Wireless	28	SETTINGS	נהל|manage|רשתות|Wireless
0663	כוון רשתות	adjust Wireless	28	SETTINGS	כוון|adjust|רשתות|Wireless
0664	בחר רשתות	choose Wireless	28	SETTINGS	בחר|choose|רשתות|Wireless
0665	העבר רשתות	switch Wireless	28	SETTINGS	העבר|switch|רשתות|Wireless
0666	הפעל רשתות	enable Wireless	28	SETTINGS	הפעל|enable|רשתות|Wireless
0667	השבת רשתות	disable Wireless	28	SETTINGS	השבת|disable|רשתות|Wireless
0668	עבור רשתות	go Wireless	28	SETTINGS	עבור|go|רשתות|Wireless
0669	היכנס רשתות	enter Wireless	28	SETTINGS	היכנס|enter|רשתות|Wireless
0670	גישה רשתות	access Wireless	28	SETTINGS	גישה|access|רשתות|Wireless
0671	אפשר רשתות	allow Wireless	28	SETTINGS	אפשר|allow|רשתות|Wireless
0672	בטל רשתות	disable Wireless	28	SETTINGS	בטל|disable|רשתות|Wireless
0673	אפס רשתות	reset Wireless	28	SETTINGS	אפס|reset|רשתות|Wireless
0674	שנה רשתות	change Wireless	28	SETTINGS	שנה|change|רשתות|Wireless
0675	הגדר רשתות	set Wireless	28	SETTINGS	הגדר|set|רשתות|Wireless
0676	שלוט רשתות	control Wireless	28	SETTINGS	שלוט|control|רשתות|Wireless
0677	התאם רשתות	adjust Wireless	28	SETTINGS	התאם|adjust|רשתות|Wireless
0678	נווט רשתות	navigate Wireless	28	SETTINGS	נווט|navigate|רשתות|Wireless
0679	עיין רשתות	inspect Wireless	28	SETTINGS	עיין|inspect|רשתות|Wireless
0680	עדכן רשתות	update Wireless	28	SETTINGS	עדכן|update|רשתות|Wireless
0681	שמור רשתות	save Wireless	28	SETTINGS	שמור|save|רשתות|Wireless
0682	פתח את רשתות	open Wireless	28	SETTINGS	פתח את|open|רשתות|Wireless
0683	בדוק את רשתות	check Wireless	28	SETTINGS	בדוק את|check|רשתות|Wireless
0684	הצג את רשתות	show Wireless	28	SETTINGS	הצג את|show|רשתות|Wireless
0685	עבור למסך רשתות	go to screen Wireless	28	SETTINGS	עבור למסך|go to screen|רשתות|Wireless
0686	פתח סנכרון	open Sync	29	SETTINGS	פתח|open|סנכרון|Sync
0687	הצג סנכרון	show Sync	29	SETTINGS	הצג|show|סנכרון|Sync
0688	בדוק סנכרון	check Sync	29	SETTINGS	בדוק|check|סנכרון|Sync
0689	נהל סנכרון	manage Sync	29	SETTINGS	נהל|manage|סנכרון|Sync
0690	כוון סנכרון	adjust Sync	29	SETTINGS	כוון|adjust|סנכרון|Sync
0691	בחר סנכרון	choose Sync	29	SETTINGS	בחר|choose|סנכרון|Sync
0692	העבר סנכרון	switch Sync	29	SETTINGS	העבר|switch|סנכרון|Sync
0693	הפעל סנכרון	enable Sync	29	SETTINGS	הפעל|enable|סנכרון|Sync
0694	השבת סנכרון	disable Sync	29	SETTINGS	השבת|disable|סנכרון|Sync
0695	עבור סנכרון	go Sync	29	SETTINGS	עבור|go|סנכרון|Sync
0696	היכנס סנכרון	enter Sync	29	SETTINGS	היכנס|enter|סנכרון|Sync
0697	גישה סנכרון	access Sync	29	SETTINGS	גישה|access|סנכרון|Sync
0698	אפשר סנכרון	allow Sync	29	SETTINGS	אפשר|allow|סנכרון|Sync
0699	בטל סנכרון	disable Sync	29	SETTINGS	בטל|disable|סנכרון|Sync
0700	אפס סנכרון	reset Sync	29	SETTINGS	אפס|reset|סנכרון|Sync
0701	שנה סנכרון	change Sync	29	SETTINGS	שנה|change|סנכרון|Sync
0702	הגדר סנכרון	set Sync	29	SETTINGS	הגדר|set|סנכרון|Sync
0703	שלוט סנכרון	control Sync	29	SETTINGS	שלוט|control|סנכרון|Sync
0704	התאם סנכרון	adjust Sync	29	SETTINGS	התאם|adjust|סנכרון|Sync
0705	נווט סנכרון	navigate Sync	29	SETTINGS	נווט|navigate|סנכרון|Sync
0706	עיין סנכרון	inspect Sync	29	SETTINGS	עיין|inspect|סנכרון|Sync
0707	עדכן סנכרון	update Sync	29	SETTINGS	עדכן|update|סנכרון|Sync
0708	שמור סנכרון	save Sync	29	SETTINGS	שמור|save|סנכרון|Sync
0709	פתח את סנכרון	open Sync	29	SETTINGS	פתח את|open|סנכרון|Sync
0710	בדוק את סנכרון	check Sync	29	SETTINGS	בדוק את|check|סנכרון|Sync
0711	הצג את סנכרון	show Sync	29	SETTINGS	הצג את|show|סנכרון|Sync
0712	עבור למסך סנכרון	go to screen Sync	29	SETTINGS	עבור למסך|go to screen|סנכרון|Sync
0713	השתק שמע 713	mute 713	0	MUTE	השתק|השתקה|שקט|בלי קול|mute|713
0714	בטל השתקה 714	unmute 714	0	UNMUTE	בטל|השתק|unmute|714
0715	תעביר לשיר הבא 715	next track 715	0	MEDIA_NEXT	תעביר|תעבור|העבר|הבא|שיר|מוזיקה|next|track|715
0716	שיר הבא 716	next track 716	0	MEDIA_NEXT	הבא|שיר|מוזיקה|next|track|716
0717	תעביר לשיר הקודם 717	previous track 717	0	MEDIA_PREV	תעביר|העבר|קודם|הקודם|שיר|מוזיקה|previous|track|717
0718	נגן מוזיקה 718	play 718	0	MEDIA_PLAY	נגן|נגינה|מוזיקה|שיר|play|718
0719	השהה מוזיקה 719	pause 719	0	MEDIA_PAUSE	השהה|מוזיקה|שיר|pause|719
0720	עצור מוזיקה 720	stop 720	0	MEDIA_STOP	עצור|הפסק|מוזיקה|שיר|stop|720
0721	תגביה שמע 721	increase volume 721	0	VOL_UP	תגביה|תגביהה|הגבהה|תגביר|תעלה|תרים|הגבר|שמע|קול|מוזיקה|שיר|volume|louder|721
0722	תנמיך שמע 722	decrease volume 722	0	VOL_DOWN	תנמיך|הנמכה|תוריד|תקטין|הנמך|קול|שמע|מוזיקה|שיר|volume|quieter|722
0723	השתק שמע 723	mute 723	0	MUTE	השתק|השתקה|שקט|בלי קול|mute|723
0724	בטל השתקה 724	unmute 724	0	UNMUTE	בטל|השתק|unmute|724
0725	תעביר לשיר הבא 725	next track 725	0	MEDIA_NEXT	תעביר|תעבור|העבר|הבא|שיר|מוזיקה|next|track|725
0726	שיר הבא 726	next track 726	0	MEDIA_NEXT	הבא|שיר|מוזיקה|next|track|726
0727	תעביר לשיר הקודם 727	previous track 727	0	MEDIA_PREV	תעביר|העבר|קודם|הקודם|שיר|מוזיקה|previous|track|727
0728	נגן מוזיקה 728	play 728	0	MEDIA_PLAY	נגן|נגינה|מוזיקה|שיר|play|728
0729	השהה מוזיקה 729	pause 729	0	MEDIA_PAUSE	השהה|מוזיקה|שיר|pause|729
0730	עצור מוזיקה 730	stop 730	0	MEDIA_STOP	עצור|הפסק|מוזיקה|שיר|stop|730
0731	תגביה שמע 731	increase volume 731	0	VOL_UP	תגביה|תגביהה|הגבהה|תגביר|תעלה|תרים|הגבר|שמע|קול|מוזיקה|שיר|volume|louder|731
0732	תנמיך שמע 732	decrease volume 732	0	VOL_DOWN	תנמיך|הנמכה|תוריד|תקטין|הנמך|קול|שמע|מוזיקה|שיר|volume|quieter|732
0733	השתק שמע 733	mute 733	0	MUTE	השתק|השתקה|שקט|בלי קול|mute|733
0734	בטל השתקה 734	unmute 734	0	UNMUTE	בטל|השתק|unmute|734
0735	תעביר לשיר הבא 735	next track 735	0	MEDIA_NEXT	תעביר|תעבור|העבר|הבא|שיר|מוזיקה|next|track|735
0736	שיר הבא 736	next track 736	0	MEDIA_NEXT	הבא|שיר|מוזיקה|next|track|736
0737	תעביר לשיר הקודם 737	previous track 737	0	MEDIA_PREV	תעביר|העבר|קודם|הקודם|שיר|מוזיקה|previous|track|737
0738	נגן מוזיקה 738	play 738	0	MEDIA_PLAY	נגן|נגינה|מוזיקה|שיר|play|738
0739	השהה מוזיקה 739	pause 739	0	MEDIA_PAUSE	השהה|מוזיקה|שיר|pause|739
0740	עצור מוזיקה 740	stop 740	0	MEDIA_STOP	עצור|הפסק|מוזיקה|שיר|stop|740
0741	תגביה שמע 741	increase volume 741	0	VOL_UP	תגביה|תגביהה|הגבהה|תגביר|תעלה|תרים|הגבר|שמע|קול|מוזיקה|שיר|volume|louder|741
0742	תנמיך שמע 742	decrease volume 742	0	VOL_DOWN	תנמיך|הנמכה|תוריד|תקטין|הנמך|קול|שמע|מוזיקה|שיר|volume|quieter|742
0743	השתק שמע 743	mute 743	0	MUTE	השתק|השתקה|שקט|בלי קול|mute|743
0744	בטל השתקה 744	unmute 744	0	UNMUTE	בטל|השתק|unmute|744
0745	תעביר לשיר הבא 745	next track 745	0	MEDIA_NEXT	תעביר|תעבור|העבר|הבא|שיר|מוזיקה|next|track|745
0746	שיר הבא 746	next track 746	0	MEDIA_NEXT	הבא|שיר|מוזיקה|next|track|746
0747	תעביר לשיר הקודם 747	previous track 747	0	MEDIA_PREV	תעביר|העבר|קודם|הקודם|שיר|מוזיקה|previous|track|747
0748	נגן מוזיקה 748	play 748	0	MEDIA_PLAY	נגן|נגינה|מוזיקה|שיר|play|748
0749	השהה מוזיקה 749	pause 749	0	MEDIA_PAUSE	השהה|מוזיקה|שיר|pause|749
0750	עצור מוזיקה 750	stop 750	0	MEDIA_STOP	עצור|הפסק|מוזיקה|שיר|stop|750
0751	תגביה שמע 751	increase volume 751	0	VOL_UP	תגביה|תגביהה|הגבהה|תגביר|תעלה|תרים|הגבר|שמע|קול|מוזיקה|שיר|volume|louder|751
0752	תנמיך שמע 752	decrease volume 752	0	VOL_DOWN	תנמיך|הנמכה|תוריד|תקטין|הנמך|קול|שמע|מוזיקה|שיר|volume|quieter|752
0753	השתק שמע 753	mute 753	0	MUTE	השתק|השתקה|שקט|בלי קול|mute|753
0754	בטל השתקה 754	unmute 754	0	UNMUTE	בטל|השתק|unmute|754
0755	תעביר לשיר הבא 755	next track 755	0	MEDIA_NEXT	תעביר|תעבור|העבר|הבא|שיר|מוזיקה|next|track|755
0756	שיר הבא 756	next track 756	0	MEDIA_NEXT	הבא|שיר|מוזיקה|next|track|756
0757	תעביר לשיר הקודם 757	previous track 757	0	MEDIA_PREV	תעביר|העבר|קודם|הקודם|שיר|מוזיקה|previous|track|757
0758	נגן מוזיקה 758	play 758	0	MEDIA_PLAY	נגן|נגינה|מוזיקה|שיר|play|758
0759	השהה מוזיקה 759	pause 759	0	MEDIA_PAUSE	השהה|מוזיקה|שיר|pause|759
0760	עצור מוזיקה 760	stop 760	0	MEDIA_STOP	עצור|הפסק|מוזיקה|שיר|stop|760
0761	תגביה שמע 761	increase volume 761	0	VOL_UP	תגביה|תגביהה|הגבהה|תגביר|תעלה|תרים|הגבר|שמע|קול|מוזיקה|שיר|volume|louder|761
0762	תנמיך שמע 762	decrease volume 762	0	VOL_DOWN	תנמיך|הנמכה|תוריד|תקטין|הנמך|קול|שמע|מוזיקה|שיר|volume|quieter|762
0763	השתק שמע 763	mute 763	0	MUTE	השתק|השתקה|שקט|בלי קול|mute|763
0764	בטל השתקה 764	unmute 764	0	UNMUTE	בטל|השתק|unmute|764
0765	תעביר לשיר הבא 765	next track 765	0	MEDIA_NEXT	תעביר|תעבור|העבר|הבא|שיר|מוזיקה|next|track|765
0766	שיר הבא 766	next track 766	0	MEDIA_NEXT	הבא|שיר|מוזיקה|next|track|766
0767	תעביר לשיר הקודם 767	previous track 767	0	MEDIA_PREV	תעביר|העבר|קודם|הקודם|שיר|מוזיקה|previous|track|767
0768	נגן מוזיקה 768	play 768	0	MEDIA_PLAY	נגן|נגינה|מוזיקה|שיר|play|768
0769	השהה מוזיקה 769	pause 769	0	MEDIA_PAUSE	השהה|מוזיקה|שיר|pause|769
0770	עצור מוזיקה 770	stop 770	0	MEDIA_STOP	עצור|הפסק|מוזיקה|שיר|stop|770
0771	תגביה שמע 771	increase volume 771	0	VOL_UP	תגביה|תגביהה|הגבהה|תגביר|תעלה|תרים|הגבר|שמע|קול|מוזיקה|שיר|volume|louder|771
0772	תנמיך שמע 772	decrease volume 772	0	VOL_DOWN	תנמיך|הנמכה|תוריד|תקטין|הנמך|קול|שמע|מוזיקה|שיר|volume|quieter|772
0773	השתק שמע 773	mute 773	0	MUTE	השתק|השתקה|שקט|בלי קול|mute|773
0774	בטל השתקה 774	unmute 774	0	UNMUTE	בטל|השתק|unmute|774
0775	תעביר לשיר הבא 775	next track 775	0	MEDIA_NEXT	תעביר|תעבור|העבר|הבא|שיר|מוזיקה|next|track|775
0776	שיר הבא 776	next track 776	0	MEDIA_NEXT	הבא|שיר|מוזיקה|next|track|776
0777	תעביר לשיר הקודם 777	previous track 777	0	MEDIA_PREV	תעביר|העבר|קודם|הקודם|שיר|מוזיקה|previous|track|777
0778	נגן מוזיקה 778	play 778	0	MEDIA_PLAY	נגן|נגינה|מוזיקה|שיר|play|778
0779	השהה מוזיקה 779	pause 779	0	MEDIA_PAUSE	השהה|מוזיקה|שיר|pause|779
0780	עצור מוזיקה 780	stop 780	0	MEDIA_STOP	עצור|הפסק|מוזיקה|שיר|stop|780
0781	תגביה שמע 781	increase volume 781	0	VOL_UP	תגביה|תגביהה|הגבהה|תגביר|תעלה|תרים|הגבר|שמע|קול|מוזיקה|שיר|volume|louder|781
0782	תנמיך שמע 782	decrease volume 782	0	VOL_DOWN	תנמיך|הנמכה|תוריד|תקטין|הנמך|קול|שמע|מוזיקה|שיר|volume|quieter|782
0783	השתק שמע 783	mute 783	0	MUTE	השתק|השתקה|שקט|בלי קול|mute|783
0784	בטל השתקה 784	unmute 784	0	UNMUTE	בטל|השתק|unmute|784
0785	תעביר לשיר הבא 785	next track 785	0	MEDIA_NEXT	תעביר|תעבור|העבר|הבא|שיר|מוזיקה|next|track|785
0786	שיר הבא 786	next track 786	0	MEDIA_NEXT	הבא|שיר|מוזיקה|next|track|786
0787	תעביר לשיר הקודם 787	previous track 787	0	MEDIA_PREV	תעביר|העבר|קודם|הקודם|שיר|מוזיקה|previous|track|787
0788	נגן מוזיקה 788	play 788	0	MEDIA_PLAY	נגן|נגינה|מוזיקה|שיר|play|788
0789	השהה מוזיקה 789	pause 789	0	MEDIA_PAUSE	השהה|מוזיקה|שיר|pause|789
0790	עצור מוזיקה 790	stop 790	0	MEDIA_STOP	עצור|הפסק|מוזיקה|שיר|stop|790
0791	תגביה שמע 791	increase volume 791	0	VOL_UP	תגביה|תגביהה|הגבהה|תגביר|תעלה|תרים|הגבר|שמע|קול|מוזיקה|שיר|volume|louder|791
0792	תנמיך שמע 792	decrease volume 792	0	VOL_DOWN	תנמיך|הנמכה|תוריד|תקטין|הנמך|קול|שמע|מוזיקה|שיר|volume|quieter|792
0793	השתק שמע 793	mute 793	0	MUTE	השתק|השתקה|שקט|בלי קול|mute|793
0794	בטל השתקה 794	unmute 794	0	UNMUTE	בטל|השתק|unmute|794
0795	תעביר לשיר הבא 795	next track 795	0	MEDIA_NEXT	תעביר|תעבור|העבר|הבא|שיר|מוזיקה|next|track|795
0796	שיר הבא 796	next track 796	0	MEDIA_NEXT	הבא|שיר|מוזיקה|next|track|796
0797	תעביר לשיר הקודם 797	previous track 797	0	MEDIA_PREV	תעביר|העבר|קודם|הקודם|שיר|מוזיקה|previous|track|797
0798	נגן מוזיקה 798	play 798	0	MEDIA_PLAY	נגן|נגינה|מוזיקה|שיר|play|798
0799	השהה מוזיקה 799	pause 799	0	MEDIA_PAUSE	השהה|מוזיקה|שיר|pause|799
0800	עצור מוזיקה 800	stop 800	0	MEDIA_STOP	עצור|הפסק|מוזיקה|שיר|stop|800
0801	תגביה שמע 801	increase volume 801	0	VOL_UP	תגביה|תגביהה|הגבהה|תגביר|תעלה|תרים|הגבר|שמע|קול|מוזיקה|שיר|volume|louder|801
0802	תנמיך שמע 802	decrease volume 802	0	VOL_DOWN	תנמיך|הנמכה|תוריד|תקטין|הנמך|קול|שמע|מוזיקה|שיר|volume|quieter|802
0803	השתק שמע 803	mute 803	0	MUTE	השתק|השתקה|שקט|בלי קול|mute|803
0804	בטל השתקה 804	unmute 804	0	UNMUTE	בטל|השתק|unmute|804
0805	תעביר לשיר הבא 805	next track 805	0	MEDIA_NEXT	תעביר|תעבור|העבר|הבא|שיר|מוזיקה|next|track|805
0806	שיר הבא 806	next track 806	0	MEDIA_NEXT	הבא|שיר|מוזיקה|next|track|806
0807	תעביר לשיר הקודם 807	previous track 807	0	MEDIA_PREV	תעביר|העבר|קודם|הקודם|שיר|מוזיקה|previous|track|807
0808	נגן מוזיקה 808	play 808	0	MEDIA_PLAY	נגן|נגינה|מוזיקה|שיר|play|808
0809	השהה מוזיקה 809	pause 809	0	MEDIA_PAUSE	השהה|מוזיקה|שיר|pause|809
0810	עצור מוזיקה 810	stop 810	0	MEDIA_STOP	עצור|הפסק|מוזיקה|שיר|stop|810
0811	תגביה שמע 811	increase volume 811	0	VOL_UP	תגביה|תגביהה|הגבהה|תגביר|תעלה|תרים|הגבר|שמע|קול|מוזיקה|שיר|volume|louder|811
0812	תנמיך שמע 812	decrease volume 812	0	VOL_DOWN	תנמיך|הנמכה|תוריד|תקטין|הנמך|קול|שמע|מוזיקה|שיר|volume|quieter|812
0813	השתק שמע 813	mute 813	0	MUTE	השתק|השתקה|שקט|בלי קול|mute|813
0814	בטל השתקה 814	unmute 814	0	UNMUTE	בטל|השתק|unmute|814
0815	תעביר לשיר הבא 815	next track 815	0	MEDIA_NEXT	תעביר|תעבור|העבר|הבא|שיר|מוזיקה|next|track|815
0816	שיר הבא 816	next track 816	0	MEDIA_NEXT	הבא|שיר|מוזיקה|next|track|816
0817	תעביר לשיר הקודם 817	previous track 817	0	MEDIA_PREV	תעביר|העבר|קודם|הקודם|שיר|מוזיקה|previous|track|817
0818	נגן מוזיקה 818	play 818	0	MEDIA_PLAY	נגן|נגינה|מוזיקה|שיר|play|818
0819	השהה מוזיקה 819	pause 819	0	MEDIA_PAUSE	השהה|מוזיקה|שיר|pause|819
0820	עצור מוזיקה 820	stop 820	0	MEDIA_STOP	עצור|הפסק|מוזיקה|שיר|stop|820
0821	תגביה שמע 821	increase volume 821	0	VOL_UP	תגביה|תגביהה|הגבהה|תגביר|תעלה|תרים|הגבר|שמע|קול|מוזיקה|שיר|volume|louder|821
0822	תנמיך שמע 822	decrease volume 822	0	VOL_DOWN	תנמיך|הנמכה|תוריד|תקטין|הנמך|קול|שמע|מוזיקה|שיר|volume|quieter|822
0823	השתק שמע 823	mute 823	0	MUTE	השתק|השתקה|שקט|בלי קול|mute|823
0824	בטל השתקה 824	unmute 824	0	UNMUTE	בטל|השתק|unmute|824
0825	תעביר לשיר הבא 825	next track 825	0	MEDIA_NEXT	תעביר|תעבור|העבר|הבא|שיר|מוזיקה|next|track|825
0826	שיר הבא 826	next track 826	0	MEDIA_NEXT	הבא|שיר|מוזיקה|next|track|826
0827	תעביר לשיר הקודם 827	previous track 827	0	MEDIA_PREV	תעביר|העבר|קודם|הקודם|שיר|מוזיקה|previous|track|827
0828	נגן מוזיקה 828	play 828	0	MEDIA_PLAY	נגן|נגינה|מוזיקה|שיר|play|828
0829	השהה מוזיקה 829	pause 829	0	MEDIA_PAUSE	השהה|מוזיקה|שיר|pause|829
0830	עצור מוזיקה 830	stop 830	0	MEDIA_STOP	עצור|הפסק|מוזיקה|שיר|stop|830
0831	תגביה שמע 831	increase volume 831	0	VOL_UP	תגביה|תגביהה|הגבהה|תגביר|תעלה|תרים|הגבר|שמע|קול|מוזיקה|שיר|volume|louder|831
0832	תנמיך שמע 832	decrease volume 832	0	VOL_DOWN	תנמיך|הנמכה|תוריד|תקטין|הנמך|קול|שמע|מוזיקה|שיר|volume|quieter|832
0833	השתק שמע 833	mute 833	0	MUTE	השתק|השתקה|שקט|בלי קול|mute|833
0834	בטל השתקה 834	unmute 834	0	UNMUTE	בטל|השתק|unmute|834
0835	תעביר לשיר הבא 835	next track 835	0	MEDIA_NEXT	תעביר|תעבור|העבר|הבא|שיר|מוזיקה|next|track|835
0836	שיר הבא 836	next track 836	0	MEDIA_NEXT	הבא|שיר|מוזיקה|next|track|836
0837	תעביר לשיר הקודם 837	previous track 837	0	MEDIA_PREV	תעביר|העבר|קודם|הקודם|שיר|מוזיקה|previous|track|837
0838	נגן מוזיקה 838	play 838	0	MEDIA_PLAY	נגן|נגינה|מוזיקה|שיר|play|838
0839	השהה מוזיקה 839	pause 839	0	MEDIA_PAUSE	השהה|מוזיקה|שיר|pause|839
0840	עצור מוזיקה 840	stop 840	0	MEDIA_STOP	עצור|הפסק|מוזיקה|שיר|stop|840
0841	תגביה שמע 841	increase volume 841	0	VOL_UP	תגביה|תגביהה|הגבהה|תגביר|תעלה|תרים|הגבר|שמע|קול|מוזיקה|שיר|volume|louder|841
0842	תנמיך שמע 842	decrease volume 842	0	VOL_DOWN	תנמיך|הנמכה|תוריד|תקטין|הנמך|קול|שמע|מוזיקה|שיר|volume|quieter|842
0843	השתק שמע 843	mute 843	0	MUTE	השתק|השתקה|שקט|בלי קול|mute|843
0844	בטל השתקה 844	unmute 844	0	UNMUTE	בטל|השתק|unmute|844
0845	תעביר לשיר הבא 845	next track 845	0	MEDIA_NEXT	תעביר|תעבור|העבר|הבא|שיר|מוזיקה|next|track|845
0846	שיר הבא 846	next track 846	0	MEDIA_NEXT	הבא|שיר|מוזיקה|next|track|846
0847	תעביר לשיר הקודם 847	previous track 847	0	MEDIA_PREV	תעביר|העבר|קודם|הקודם|שיר|מוזיקה|previous|track|847
0848	נגן מוזיקה 848	play 848	0	MEDIA_PLAY	נגן|נגינה|מוזיקה|שיר|play|848
0849	השהה מוזיקה 849	pause 849	0	MEDIA_PAUSE	השהה|מוזיקה|שיר|pause|849
0850	עצור מוזיקה 850	stop 850	0	MEDIA_STOP	עצור|הפסק|מוזיקה|שיר|stop|850
0851	תגביה שמע 851	increase volume 851	0	VOL_UP	תגביה|תגביהה|הגבהה|תגביר|תעלה|תרים|הגבר|שמע|קול|מוזיקה|שיר|volume|louder|851
0852	תנמיך שמע 852	decrease volume 852	0	VOL_DOWN	תנמיך|הנמכה|תוריד|תקטין|הנמך|קול|שמע|מוזיקה|שיר|volume|quieter|852
0853	השתק שמע 853	mute 853	0	MUTE	השתק|השתקה|שקט|בלי קול|mute|853
0854	בטל השתקה 854	unmute 854	0	UNMUTE	בטל|השתק|unmute|854
0855	תעביר לשיר הבא 855	next track 855	0	MEDIA_NEXT	תעביר|תעבור|העבר|הבא|שיר|מוזיקה|next|track|855
0856	שיר הבא 856	next track 856	0	MEDIA_NEXT	הבא|שיר|מוזיקה|next|track|856
0857	תעביר לשיר הקודם 857	previous track 857	0	MEDIA_PREV	תעביר|העבר|קודם|הקודם|שיר|מוזיקה|previous|track|857
0858	נגן מוזיקה 858	play 858	0	MEDIA_PLAY	נגן|נגינה|מוזיקה|שיר|play|858
0859	השהה מוזיקה 859	pause 859	0	MEDIA_PAUSE	השהה|מוזיקה|שיר|pause|859
0860	עצור מוזיקה 860	stop 860	0	MEDIA_STOP	עצור|הפסק|מוזיקה|שיר|stop|860
0861	תגביה שמע 861	increase volume 861	0	VOL_UP	תגביה|תגביהה|הגבהה|תגביר|תעלה|תרים|הגבר|שמע|קול|מוזיקה|שיר|volume|louder|861
0862	תנמיך שמע 862	decrease volume 862	0	VOL_DOWN	תנמיך|הנמכה|תוריד|תקטין|הנמך|קול|שמע|מוזיקה|שיר|volume|quieter|862
0863	השתק שמע 863	mute 863	0	MUTE	השתק|השתקה|שקט|בלי קול|mute|863
0864	בטל השתקה 864	unmute 864	0	UNMUTE	בטל|השתק|unmute|864
0865	תעביר לשיר הבא 865	next track 865	0	MEDIA_NEXT	תעביר|תעבור|העבר|הבא|שיר|מוזיקה|next|track|865
0866	שיר הבא 866	next track 866	0	MEDIA_NEXT	הבא|שיר|מוזיקה|next|track|866
0867	תעביר לשיר הקודם 867	previous track 867	0	MEDIA_PREV	תעביר|העבר|קודם|הקודם|שיר|מוזיקה|previous|track|867
0868	נגן מוזיקה 868	play 868	0	MEDIA_PLAY	נגן|נגינה|מוזיקה|שיר|play|868
0869	השהה מוזיקה 869	pause 869	0	MEDIA_PAUSE	השהה|מוזיקה|שיר|pause|869
0870	עצור מוזיקה 870	stop 870	0	MEDIA_STOP	עצור|הפסק|מוזיקה|שיר|stop|870
0871	תגביה שמע 871	increase volume 871	0	VOL_UP	תגביה|תגביהה|הגבהה|תגביר|תעלה|תרים|הגבר|שמע|קול|מוזיקה|שיר|volume|louder|871
0872	תנמיך שמע 872	decrease volume 872	0	VOL_DOWN	תנמיך|הנמכה|תוריד|תקטין|הנמך|קול|שמע|מוזיקה|שיר|volume|quieter|872
0873	השתק שמע 873	mute 873	0	MUTE	השתק|השתקה|שקט|בלי קול|mute|873
0874	בטל השתקה 874	unmute 874	0	UNMUTE	בטל|השתק|unmute|874
0875	תעביר לשיר הבא 875	next track 875	0	MEDIA_NEXT	תעביר|תעבור|העבר|הבא|שיר|מוזיקה|next|track|875
0876	שיר הבא 876	next track 876	0	MEDIA_NEXT	הבא|שיר|מוזיקה|next|track|876
0877	תעביר לשיר הקודם 877	previous track 877	0	MEDIA_PREV	תעביר|העבר|קודם|הקודם|שיר|מוזיקה|previous|track|877
0878	נגן מוזיקה 878	play 878	0	MEDIA_PLAY	נגן|נגינה|מוזיקה|שיר|play|878
0879	השהה מוזיקה 879	pause 879	0	MEDIA_PAUSE	השהה|מוזיקה|שיר|pause|879
0880	עצור מוזיקה 880	stop 880	0	MEDIA_STOP	עצור|הפסק|מוזיקה|שיר|stop|880
0881	תגביה שמע 881	increase volume 881	0	VOL_UP	תגביה|תגביהה|הגבהה|תגביר|תעלה|תרים|הגבר|שמע|קול|מוזיקה|שיר|volume|louder|881
0882	תנמיך שמע 882	decrease volume 882	0	VOL_DOWN	תנמיך|הנמכה|תוריד|תקטין|הנמך|קול|שמע|מוזיקה|שיר|volume|quieter|882
0883	השתק שמע 883	mute 883	0	MUTE	השתק|השתקה|שקט|בלי קול|mute|883
0884	בטל השתקה 884	unmute 884	0	UNMUTE	בטל|השתק|unmute|884
0885	תעביר לשיר הבא 885	next track 885	0	MEDIA_NEXT	תעביר|תעבור|העבר|הבא|שיר|מוזיקה|next|track|885
0886	שיר הבא 886	next track 886	0	MEDIA_NEXT	הבא|שיר|מוזיקה|next|track|886
0887	תעביר לשיר הקודם 887	previous track 887	0	MEDIA_PREV	תעביר|העבר|קודם|הקודם|שיר|מוזיקה|previous|track|887
0888	נגן מוזיקה 888	play 888	0	MEDIA_PLAY	נגן|נגינה|מוזיקה|שיר|play|888
0889	השהה מוזיקה 889	pause 889	0	MEDIA_PAUSE	השהה|מוזיקה|שיר|pause|889
0890	עצור מוזיקה 890	stop 890	0	MEDIA_STOP	עצור|הפסק|מוזיקה|שיר|stop|890
0891	תגביה שמע 891	increase volume 891	0	VOL_UP	תגביה|תגביהה|הגבהה|תגביר|תעלה|תרים|הגבר|שמע|קול|מוזיקה|שיר|volume|louder|891
0892	תנמיך שמע 892	decrease volume 892	0	VOL_DOWN	תנמיך|הנמכה|תוריד|תקטין|הנמך|קול|שמע|מוזיקה|שיר|volume|quieter|892
0893	השתק שמע 893	mute 893	0	MUTE	השתק|השתקה|שקט|בלי קול|mute|893
0894	בטל השתקה 894	unmute 894	0	UNMUTE	בטל|השתק|unmute|894
0895	תעביר לשיר הבא 895	next track 895	0	MEDIA_NEXT	תעביר|תעבור|העבר|הבא|שיר|מוזיקה|next|track|895
0896	שיר הבא 896	next track 896	0	MEDIA_NEXT	הבא|שיר|מוזיקה|next|track|896
0897	תעביר לשיר הקודם 897	previous track 897	0	MEDIA_PREV	תעביר|העבר|קודם|הקודם|שיר|מוזיקה|previous|track|897
0898	נגן מוזיקה 898	play 898	0	MEDIA_PLAY	נגן|נגינה|מוזיקה|שיר|play|898
0899	השהה מוזיקה 899	pause 899	0	MEDIA_PAUSE	השהה|מוזיקה|שיר|pause|899
0900	עצור מוזיקה 900	stop 900	0	MEDIA_STOP	עצור|הפסק|מוזיקה|שיר|stop|900
0901	תגביה שמע 901	increase volume 901	0	VOL_UP	תגביה|תגביהה|הגבהה|תגביר|תעלה|תרים|הגבר|שמע|קול|מוזיקה|שיר|volume|louder|901
0902	תנמיך שמע 902	decrease volume 902	0	VOL_DOWN	תנמיך|הנמכה|תוריד|תקטין|הנמך|קול|שמע|מוזיקה|שיר|volume|quieter|902
0903	השתק שמע 903	mute 903	0	MUTE	השתק|השתקה|שקט|בלי קול|mute|903
0904	בטל השתקה 904	unmute 904	0	UNMUTE	בטל|השתק|unmute|904
0905	תעביר לשיר הבא 905	next track 905	0	MEDIA_NEXT	תעביר|תעבור|העבר|הבא|שיר|מוזיקה|next|track|905
0906	שיר הבא 906	next track 906	0	MEDIA_NEXT	הבא|שיר|מוזיקה|next|track|906
0907	תעביר לשיר הקודם 907	previous track 907	0	MEDIA_PREV	תעביר|העבר|קודם|הקודם|שיר|מוזיקה|previous|track|907
0908	נגן מוזיקה 908	play 908	0	MEDIA_PLAY	נגן|נגינה|מוזיקה|שיר|play|908
0909	השהה מוזיקה 909	pause 909	0	MEDIA_PAUSE	השהה|מוזיקה|שיר|pause|909
0910	עצור מוזיקה 910	stop 910	0	MEDIA_STOP	עצור|הפסק|מוזיקה|שיר|stop|910
0911	תגביה שמע 911	increase volume 911	0	VOL_UP	תגביה|תגביהה|הגבהה|תגביר|תעלה|תרים|הגבר|שמע|קול|מוזיקה|שיר|volume|louder|911
0912	תנמיך שמע 912	decrease volume 912	0	VOL_DOWN	תנמיך|הנמכה|תוריד|תקטין|הנמך|קול|שמע|מוזיקה|שיר|volume|quieter|912
0913	השתק שמע 913	mute 913	0	MUTE	השתק|השתקה|שקט|בלי קול|mute|913
0914	בטל השתקה 914	unmute 914	0	UNMUTE	בטל|השתק|unmute|914
0915	תעביר לשיר הבא 915	next track 915	0	MEDIA_NEXT	תעביר|תעבור|העבר|הבא|שיר|מוזיקה|next|track|915
0916	שיר הבא 916	next track 916	0	MEDIA_NEXT	הבא|שיר|מוזיקה|next|track|916
0917	תעביר לשיר הקודם 917	previous track 917	0	MEDIA_PREV	תעביר|העבר|קודם|הקודם|שיר|מוזיקה|previous|track|917
0918	נגן מוזיקה 918	play 918	0	MEDIA_PLAY	נגן|נגינה|מוזיקה|שיר|play|918
0919	השהה מוזיקה 919	pause 919	0	MEDIA_PAUSE	השהה|מוזיקה|שיר|pause|919
0920	עצור מוזיקה 920	stop 920	0	MEDIA_STOP	עצור|הפסק|מוזיקה|שיר|stop|920
0921	תגביה שמע 921	increase volume 921	0	VOL_UP	תגביה|תגביהה|הגבהה|תגביר|תעלה|תרים|הגבר|שמע|קול|מוזיקה|שיר|volume|louder|921
0922	תנמיך שמע 922	decrease volume 922	0	VOL_DOWN	תנמיך|הנמכה|תוריד|תקטין|הנמך|קול|שמע|מוזיקה|שיר|volume|quieter|922
0923	השתק שמע 923	mute 923	0	MUTE	השתק|השתקה|שקט|בלי קול|mute|923
0924	בטל השתקה 924	unmute 924	0	UNMUTE	בטל|השתק|unmute|924
0925	תעביר לשיר הבא 925	next track 925	0	MEDIA_NEXT	תעביר|תעבור|העבר|הבא|שיר|מוזיקה|next|track|925
0926	שיר הבא 926	next track 926	0	MEDIA_NEXT	הבא|שיר|מוזיקה|next|track|926
0927	תעביר לשיר הקודם 927	previous track 927	0	MEDIA_PREV	תעביר|העבר|קודם|הקודם|שיר|מוזיקה|previous|track|927
0928	נגן מוזיקה 928	play 928	0	MEDIA_PLAY	נגן|נגינה|מוזיקה|שיר|play|928
0929	השהה מוזיקה 929	pause 929	0	MEDIA_PAUSE	השהה|מוזיקה|שיר|pause|929
0930	עצור מוזיקה 930	stop 930	0	MEDIA_STOP	עצור|הפסק|מוזיקה|שיר|stop|930
0931	תגביה שמע 931	increase volume 931	0	VOL_UP	תגביה|תגביהה|הגבהה|תגביר|תעלה|תרים|הגבר|שמע|קול|מוזיקה|שיר|volume|louder|931
0932	תנמיך שמע 932	decrease volume 932	0	VOL_DOWN	תנמיך|הנמכה|תוריד|תקטין|הנמך|קול|שמע|מוזיקה|שיר|volume|quieter|932
0933	השתק שמע 933	mute 933	0	MUTE	השתק|השתקה|שקט|בלי קול|mute|933
0934	בטל השתקה 934	unmute 934	0	UNMUTE	בטל|השתק|unmute|934
0935	תעביר לשיר הבא 935	next track 935	0	MEDIA_NEXT	תעביר|תעבור|העבר|הבא|שיר|מוזיקה|next|track|935
0936	שיר הבא 936	next track 936	0	MEDIA_NEXT	הבא|שיר|מוזיקה|next|track|936
0937	תעביר לשיר הקודם 937	previous track 937	0	MEDIA_PREV	תעביר|העבר|קודם|הקודם|שיר|מוזיקה|previous|track|937
0938	נגן מוזיקה 938	play 938	0	MEDIA_PLAY	נגן|נגינה|מוזיקה|שיר|play|938
0939	השהה מוזיקה 939	pause 939	0	MEDIA_PAUSE	השהה|מוזיקה|שיר|pause|939
0940	עצור מוזיקה 940	stop 940	0	MEDIA_STOP	עצור|הפסק|מוזיקה|שיר|stop|940
0941	תגביה שמע 941	increase volume 941	0	VOL_UP	תגביה|תגביהה|הגבהה|תגביר|תעלה|תרים|הגבר|שמע|קול|מוזיקה|שיר|volume|louder|941
0942	תנמיך שמע 942	decrease volume 942	0	VOL_DOWN	תנמיך|הנמכה|תוריד|תקטין|הנמך|קול|שמע|מוזיקה|שיר|volume|quieter|942
0943	השתק שמע 943	mute 943	0	MUTE	השתק|השתקה|שקט|בלי קול|mute|943
0944	בטל השתקה 944	unmute 944	0	UNMUTE	בטל|השתק|unmute|944
0945	תעביר לשיר הבא 945	next track 945	0	MEDIA_NEXT	תעביר|תעבור|העבר|הבא|שיר|מוזיקה|next|track|945
0946	שיר הבא 946	next track 946	0	MEDIA_NEXT	הבא|שיר|מוזיקה|next|track|946
0947	תעביר לשיר הקודם 947	previous track 947	0	MEDIA_PREV	תעביר|העבר|קודם|הקודם|שיר|מוזיקה|previous|track|947
0948	נגן מוזיקה 948	play 948	0	MEDIA_PLAY	נגן|נגינה|מוזיקה|שיר|play|948
0949	השהה מוזיקה 949	pause 949	0	MEDIA_PAUSE	השהה|מוזיקה|שיר|pause|949
0950	עצור מוזיקה 950	stop 950	0	MEDIA_STOP	עצור|הפסק|מוזיקה|שיר|stop|950
0951	תגביה שמע 951	increase volume 951	0	VOL_UP	תגביה|תגביהה|הגבהה|תגביר|תעלה|תרים|הגבר|שמע|קול|מוזיקה|שיר|volume|louder|951
0952	תנמיך שמע 952	decrease volume 952	0	VOL_DOWN	תנמיך|הנמכה|תוריד|תקטין|הנמך|קול|שמע|מוזיקה|שיר|volume|quieter|952
0953	השתק שמע 953	mute 953	0	MUTE	השתק|השתקה|שקט|בלי קול|mute|953
0954	בטל השתקה 954	unmute 954	0	UNMUTE	בטל|השתק|unmute|954
0955	תעביר לשיר הבא 955	next track 955	0	MEDIA_NEXT	תעביר|תעבור|העבר|הבא|שיר|מוזיקה|next|track|955
0956	שיר הבא 956	next track 956	0	MEDIA_NEXT	הבא|שיר|מוזיקה|next|track|956
0957	תעביר לשיר הקודם 957	previous track 957	0	MEDIA_PREV	תעביר|העבר|קודם|הקודם|שיר|מוזיקה|previous|track|957
0958	נגן מוזיקה 958	play 958	0	MEDIA_PLAY	נגן|נגינה|מוזיקה|שיר|play|958
0959	השהה מוזיקה 959	pause 959	0	MEDIA_PAUSE	השהה|מוזיקה|שיר|pause|959
0960	עצור מוזיקה 960	stop 960	0	MEDIA_STOP	עצור|הפסק|מוזיקה|שיר|stop|960
0961	תגביה שמע 961	increase volume 961	0	VOL_UP	תגביה|תגביהה|הגבהה|תגביר|תעלה|תרים|הגבר|שמע|קול|מוזיקה|שיר|volume|louder|961
0962	תנמיך שמע 962	decrease volume 962	0	VOL_DOWN	תנמיך|הנמכה|תוריד|תקטין|הנמך|קול|שמע|מוזיקה|שיר|volume|quieter|962
0963	השתק שמע 963	mute 963	0	MUTE	השתק|השתקה|שקט|בלי קול|mute|963
0964	בטל השתקה 964	unmute 964	0	UNMUTE	בטל|השתק|unmute|964
0965	תעביר לשיר הבא 965	next track 965	0	MEDIA_NEXT	תעביר|תעבור|העבר|הבא|שיר|מוזיקה|next|track|965
0966	שיר הבא 966	next track 966	0	MEDIA_NEXT	הבא|שיר|מוזיקה|next|track|966
0967	תעביר לשיר הקודם 967	previous track 967	0	MEDIA_PREV	תעביר|העבר|קודם|הקודם|שיר|מוזיקה|previous|track|967
0968	נגן מוזיקה 968	play 968	0	MEDIA_PLAY	נגן|נגינה|מוזיקה|שיר|play|968
0969	השהה מוזיקה 969	pause 969	0	MEDIA_PAUSE	השהה|מוזיקה|שיר|pause|969
0970	עצור מוזיקה 970	stop 970	0	MEDIA_STOP	עצור|הפסק|מוזיקה|שיר|stop|970
0971	תגביה שמע 971	increase volume 971	0	VOL_UP	תגביה|תגביהה|הגבהה|תגביר|תעלה|תרים|הגבר|שמע|קול|מוזיקה|שיר|volume|louder|971
0972	תנמיך שמע 972	decrease volume 972	0	VOL_DOWN	תנמיך|הנמכה|תוריד|תקטין|הנמך|קול|שמע|מוזיקה|שיר|volume|quieter|972
0973	השתק שמע 973	mute 973	0	MUTE	השתק|השתקה|שקט|בלי קול|mute|973
0974	בטל השתקה 974	unmute 974	0	UNMUTE	בטל|השתק|unmute|974
0975	תעביר לשיר הבא 975	next track 975	0	MEDIA_NEXT	תעביר|תעבור|העבר|הבא|שיר|מוזיקה|next|track|975
0976	שיר הבא 976	next track 976	0	MEDIA_NEXT	הבא|שיר|מוזיקה|next|track|976
0977	תעביר לשיר הקודם 977	previous track 977	0	MEDIA_PREV	תעביר|העבר|קודם|הקודם|שיר|מוזיקה|previous|track|977
0978	נגן מוזיקה 978	play 978	0	MEDIA_PLAY	נגן|נגינה|מוזיקה|שיר|play|978
0979	השהה מוזיקה 979	pause 979	0	MEDIA_PAUSE	השהה|מוזיקה|שיר|pause|979
0980	עצור מוזיקה 980	stop 980	0	MEDIA_STOP	עצור|הפסק|מוזיקה|שיר|stop|980
0981	תגביה שמע 981	increase volume 981	0	VOL_UP	תגביה|תגביהה|הגבהה|תגביר|תעלה|תרים|הגבר|שמע|קול|מוזיקה|שיר|volume|louder|981
0982	תנמיך שמע 982	decrease volume 982	0	VOL_DOWN	תנמיך|הנמכה|תוריד|תקטין|הנמך|קול|שמע|מוזיקה|שיר|volume|quieter|982
0983	השתק שמע 983	mute 983	0	MUTE	השתק|השתקה|שקט|בלי קול|mute|983
0984	בטל השתקה 984	unmute 984	0	UNMUTE	בטל|השתק|unmute|984
0985	תעביר לשיר הבא 985	next track 985	0	MEDIA_NEXT	תעביר|תעבור|העבר|הבא|שיר|מוזיקה|next|track|985
0986	שיר הבא 986	next track 986	0	MEDIA_NEXT	הבא|שיר|מוזיקה|next|track|986
0987	תעביר לשיר הקודם 987	previous track 987	0	MEDIA_PREV	תעביר|העבר|קודם|הקודם|שיר|מוזיקה|previous|track|987
0988	נגן מוזיקה 988	play 988	0	MEDIA_PLAY	נגן|נגינה|מוזיקה|שיר|play|988
0989	השהה מוזיקה 989	pause 989	0	MEDIA_PAUSE	השהה|מוזיקה|שיר|pause|989
0990	עצור מוזיקה 990	stop 990	0	MEDIA_STOP	עצור|הפסק|מוזיקה|שיר|stop|990
0991	תגביה שמע 991	increase volume 991	0	VOL_UP	תגביה|תגביהה|הגבהה|תגביר|תעלה|תרים|הגבר|שמע|קול|מוזיקה|שיר|volume|louder|991
0992	תנמיך שמע 992	decrease volume 992	0	VOL_DOWN	תנמיך|הנמכה|תוריד|תקטין|הנמך|קול|שמע|מוזיקה|שיר|volume|quieter|992
0993	השתק שמע 993	mute 993	0	MUTE	השתק|השתקה|שקט|בלי קול|mute|993
0994	בטל השתקה 994	unmute 994	0	UNMUTE	בטל|השתק|unmute|994
0995	תעביר לשיר הבא 995	next track 995	0	MEDIA_NEXT	תעביר|תעבור|העבר|הבא|שיר|מוזיקה|next|track|995
0996	שיר הבא 996	next track 996	0	MEDIA_NEXT	הבא|שיר|מוזיקה|next|track|996
0997	תעביר לשיר הקודם 997	previous track 997	0	MEDIA_PREV	תעביר|העבר|קודם|הקודם|שיר|מוזיקה|previous|track|997
0998	נגן מוזיקה 998	play 998	0	MEDIA_PLAY	נגן|נגינה|מוזיקה|שיר|play|998
0999	השהה מוזיקה 999	pause 999	0	MEDIA_PAUSE	השהה|מוזיקה|שיר|pause|999
1000	עצור מוזיקה 1000	stop 1000	0	MEDIA_STOP	עצור|הפסק|מוזיקה|שיר|stop|1000
1001	תגביה שמע 1001	increase volume 1001	0	VOL_UP	תגביה|תגביהה|הגבהה|תגביר|תעלה|תרים|הגבר|שמע|קול|מוזיקה|שיר|volume|louder|1001
1002	תנמיך שמע 1002	decrease volume 1002	0	VOL_DOWN	תנמיך|הנמכה|תוריד|תקטין|הנמך|קול|שמע|מוזיקה|שיר|volume|quieter|1002
1003	השתק שמע 1003	mute 1003	0	MUTE	השתק|השתקה|שקט|בלי קול|mute|1003
1004	בטל השתקה 1004	unmute 1004	0	UNMUTE	בטל|השתק|unmute|1004
1005	תעביר לשיר הבא 1005	next track 1005	0	MEDIA_NEXT	תעביר|תעבור|העבר|הבא|שיר|מוזיקה|next|track|1005
1006	שיר הבא 1006	next track 1006	0	MEDIA_NEXT	הבא|שיר|מוזיקה|next|track|1006
1007	תעביר לשיר הקודם 1007	previous track 1007	0	MEDIA_PREV	תעביר|העבר|קודם|הקודם|שיר|מוזיקה|previous|track|1007
1008	נגן מוזיקה 1008	play 1008	0	MEDIA_PLAY	נגן|נגינה|מוזיקה|שיר|play|1008
1009	השהה מוזיקה 1009	pause 1009	0	MEDIA_PAUSE	השהה|מוזיקה|שיר|pause|1009
1010	עצור מוזיקה 1010	stop 1010	0	MEDIA_STOP	עצור|הפסק|מוזיקה|שיר|stop|1010
1011	תגביה שמע 1011	increase volume 1011	0	VOL_UP	תגביה|תגביהה|הגבהה|תגביר|תעלה|תרים|הגבר|שמע|קול|מוזיקה|שיר|volume|louder|1011
1012	תנמיך שמע 1012	decrease volume 1012	0	VOL_DOWN	תנמיך|הנמכה|תוריד|תקטין|הנמך|קול|שמע|מוזיקה|שיר|volume|quieter|1012
1013	השתק שמע 1013	mute 1013	0	MUTE	השתק|השתקה|שקט|בלי קול|mute|1013
1014	בטל השתקה 1014	unmute 1014	0	UNMUTE	בטל|השתק|unmute|1014
1015	תעביר לשיר הבא 1015	next track 1015	0	MEDIA_NEXT	תעביר|תעבור|העבר|הבא|שיר|מוזיקה|next|track|1015
1016	שיר הבא 1016	next track 1016	0	MEDIA_NEXT	הבא|שיר|מוזיקה|next|track|1016
1017	תעביר לשיר הקודם 1017	previous track 1017	0	MEDIA_PREV	תעביר|העבר|קודם|הקודם|שיר|מוזיקה|previous|track|1017
1018	נגן מוזיקה 1018	play 1018	0	MEDIA_PLAY	נגן|נגינה|מוזיקה|שיר|play|1018
1019	השהה מוזיקה 1019	pause 1019	0	MEDIA_PAUSE	השהה|מוזיקה|שיר|pause|1019
1020	עצור מוזיקה 1020	stop 1020	0	MEDIA_STOP	עצור|הפסק|מוזיקה|שיר|stop|1020
1021	תגביה שמע 1021	increase volume 1021	0	VOL_UP	תגביה|תגביהה|הגבהה|תגביר|תעלה|תרים|הגבר|שמע|קול|מוזיקה|שיר|volume|louder|1021
1022	תנמיך שמע 1022	decrease volume 1022	0	VOL_DOWN	תנמיך|הנמכה|תוריד|תקטין|הנמך|קול|שמע|מוזיקה|שיר|volume|quieter|1022
1023	השתק שמע 1023	mute 1023	0	MUTE	השתק|השתקה|שקט|בלי קול|mute|1023
1024	בטל השתקה 1024	unmute 1024	0	UNMUTE	בטל|השתק|unmute|1024
1025	תעביר לשיר הבא 1025	next track 1025	0	MEDIA_NEXT	תעביר|תעבור|העבר|הבא|שיר|מוזיקה|next|track|1025
1026	שיר הבא 1026	next track 1026	0	MEDIA_NEXT	הבא|שיר|מוזיקה|next|track|1026
1027	תעביר לשיר הקודם 1027	previous track 1027	0	MEDIA_PREV	תעביר|העבר|קודם|הקודם|שיר|מוזיקה|previous|track|1027
1028	נגן מוזיקה 1028	play 1028	0	MEDIA_PLAY	נגן|נגינה|מוזיקה|שיר|play|1028
1029	השהה מוזיקה 1029	pause 1029	0	MEDIA_PAUSE	השהה|מוזיקה|שיר|pause|1029
1030	עצור מוזיקה 1030	stop 1030	0	MEDIA_STOP	עצור|הפסק|מוזיקה|שיר|stop|1030
1031	תגביה שמע 1031	increase volume 1031	0	VOL_UP	תגביה|תגביהה|הגבהה|תגביר|תעלה|תרים|הגבר|שמע|קול|מוזיקה|שיר|volume|louder|1031
1032	תנמיך שמע 1032	decrease volume 1032	0	VOL_DOWN	תנמיך|הנמכה|תוריד|תקטין|הנמך|קול|שמע|מוזיקה|שיר|volume|quieter|1032
1033	השתק שמע 1033	mute 1033	0	MUTE	השתק|השתקה|שקט|בלי קול|mute|1033
1034	בטל השתקה 1034	unmute 1034	0	UNMUTE	בטל|השתק|unmute|1034
1035	תעביר לשיר הבא 1035	next track 1035	0	MEDIA_NEXT	תעביר|תעבור|העבר|הבא|שיר|מוזיקה|next|track|1035
1036	שיר הבא 1036	next track 1036	0	MEDIA_NEXT	הבא|שיר|מוזיקה|next|track|1036
1037	תעביר לשיר הקודם 1037	previous track 1037	0	MEDIA_PREV	תעביר|העבר|קודם|הקודם|שיר|מוזיקה|previous|track|1037
1038	נגן מוזיקה 1038	play 1038	0	MEDIA_PLAY	נגן|נגינה|מוזיקה|שיר|play|1038
1039	השהה מוזיקה 1039	pause 1039	0	MEDIA_PAUSE	השהה|מוזיקה|שיר|pause|1039
1040	עצור מוזיקה 1040	stop 1040	0	MEDIA_STOP	עצור|הפסק|מוזיקה|שיר|stop|1040
1041	תגביה שמע 1041	increase volume 1041	0	VOL_UP	תגביה|תגביהה|הגבהה|תגביר|תעלה|תרים|הגבר|שמע|קול|מוזיקה|שיר|volume|louder|1041
1042	תנמיך שמע 1042	decrease volume 1042	0	VOL_DOWN	תנמיך|הנמכה|תוריד|תקטין|הנמך|קול|שמע|מוזיקה|שיר|volume|quieter|1042
1043	השתק שמע 1043	mute 1043	0	MUTE	השתק|השתקה|שקט|בלי קול|mute|1043
1044	בטל השתקה 1044	unmute 1044	0	UNMUTE	בטל|השתק|unmute|1044
1045	תעביר לשיר הבא 1045	next track 1045	0	MEDIA_NEXT	תעביר|תעבור|העבר|הבא|שיר|מוזיקה|next|track|1045
1046	שיר הבא 1046	next track 1046	0	MEDIA_NEXT	הבא|שיר|מוזיקה|next|track|1046
1047	תעביר לשיר הקודם 1047	previous track 1047	0	MEDIA_PREV	תעביר|העבר|קודם|הקודם|שיר|מוזיקה|previous|track|1047
1048	נגן מוזיקה 1048	play 1048	0	MEDIA_PLAY	נגן|נגינה|מוזיקה|שיר|play|1048
1049	השהה מוזיקה 1049	pause 1049	0	MEDIA_PAUSE	השהה|מוזיקה|שיר|pause|1049
1050	עצור מוזיקה 1050	stop 1050	0	MEDIA_STOP	עצור|הפסק|מוזיקה|שיר|stop|1050
1051	תגביה שמע 1051	increase volume 1051	0	VOL_UP	תגביה|תגביהה|הגבהה|תגביר|תעלה|תרים|הגבר|שמע|קול|מוזיקה|שיר|volume|louder|1051
1052	תנמיך שמע 1052	decrease volume 1052	0	VOL_DOWN	תנמיך|הנמכה|תוריד|תקטין|הנמך|קול|שמע|מוזיקה|שיר|volume|quieter|1052
1053	השתק שמע 1053	mute 1053	0	MUTE	השתק|השתקה|שקט|בלי קול|mute|1053
1054	בטל השתקה 1054	unmute 1054	0	UNMUTE	בטל|השתק|unmute|1054
1055	תעביר לשיר הבא 1055	next track 1055	0	MEDIA_NEXT	תעביר|תעבור|העבר|הבא|שיר|מוזיקה|next|track|1055
1056	שיר הבא 1056	next track 1056	0	MEDIA_NEXT	הבא|שיר|מוזיקה|next|track|1056
1057	תעביר לשיר הקודם 1057	previous track 1057	0	MEDIA_PREV	תעביר|העבר|קודם|הקודם|שיר|מוזיקה|previous|track|1057
1058	נגן מוזיקה 1058	play 1058	0	MEDIA_PLAY	נגן|נגינה|מוזיקה|שיר|play|1058
1059	השהה מוזיקה 1059	pause 1059	0	MEDIA_PAUSE	השהה|מוזיקה|שיר|pause|1059
1060	עצור מוזיקה 1060	stop 1060	0	MEDIA_STOP	עצור|הפסק|מוזיקה|שיר|stop|1060
1061	תגביה שמע 1061	increase volume 1061	0	VOL_UP	תגביה|תגביהה|הגבהה|תגביר|תעלה|תרים|הגבר|שמע|קול|מוזיקה|שיר|volume|louder|1061
1062	תנמיך שמע 1062	decrease volume 1062	0	VOL_DOWN	תנמיך|הנמכה|תוריד|תקטין|הנמך|קול|שמע|מוזיקה|שיר|volume|quieter|1062
1063	השתק שמע 1063	mute 1063	0	MUTE	השתק|השתקה|שקט|בלי קול|mute|1063
1064	בטל השתקה 1064	unmute 1064	0	UNMUTE	בטל|השתק|unmute|1064
1065	תעביר לשיר הבא 1065	next track 1065	0	MEDIA_NEXT	תעביר|תעבור|העבר|הבא|שיר|מוזיקה|next|track|1065
1066	שיר הבא 1066	next track 1066	0	MEDIA_NEXT	הבא|שיר|מוזיקה|next|track|1066
1067	תעביר לשיר הקודם 1067	previous track 1067	0	MEDIA_PREV	תעביר|העבר|קודם|הקודם|שיר|מוזיקה|previous|track|1067
1068	נגן מוזיקה 1068	play 1068	0	MEDIA_PLAY	נגן|נגינה|מוזיקה|שיר|play|1068
1069	השהה מוזיקה 1069	pause 1069	0	MEDIA_PAUSE	השהה|מוזיקה|שיר|pause|1069
1070	עצור מוזיקה 1070	stop 1070	0	MEDIA_STOP	עצור|הפסק|מוזיקה|שיר|stop|1070
1071	תגביה שמע 1071	increase volume 1071	0	VOL_UP	תגביה|תגביהה|הגבהה|תגביר|תעלה|תרים|הגבר|שמע|קול|מוזיקה|שיר|volume|louder|1071
1072	תנמיך שמע 1072	decrease volume 1072	0	VOL_DOWN	תנמיך|הנמכה|תוריד|תקטין|הנמך|קול|שמע|מוזיקה|שיר|volume|quieter|1072
1073	השתק שמע 1073	mute 1073	0	MUTE	השתק|השתקה|שקט|בלי קול|mute|1073
1074	בטל השתקה 1074	unmute 1074	0	UNMUTE	בטל|השתק|unmute|1074
1075	תעביר לשיר הבא 1075	next track 1075	0	MEDIA_NEXT	תעביר|תעבור|העבר|הבא|שיר|מוזיקה|next|track|1075
1076	שיר הבא 1076	next track 1076	0	MEDIA_NEXT	הבא|שיר|מוזיקה|next|track|1076
1077	תעביר לשיר הקודם 1077	previous track 1077	0	MEDIA_PREV	תעביר|העבר|קודם|הקודם|שיר|מוזיקה|previous|track|1077
1078	נגן מוזיקה 1078	play 1078	0	MEDIA_PLAY	נגן|נגינה|מוזיקה|שיר|play|1078
1079	השהה מוזיקה 1079	pause 1079	0	MEDIA_PAUSE	השהה|מוזיקה|שיר|pause|1079
1080	עצור מוזיקה 1080	stop 1080	0	MEDIA_STOP	עצור|הפסק|מוזיקה|שיר|stop|1080
1081	תגביה שמע 1081	increase volume 1081	0	VOL_UP	תגביה|תגביהה|הגבהה|תגביר|תעלה|תרים|הגבר|שמע|קול|מוזיקה|שיר|volume|louder|1081
1082	תנמיך שמע 1082	decrease volume 1082	0	VOL_DOWN	תנמיך|הנמכה|תוריד|תקטין|הנמך|קול|שמע|מוזיקה|שיר|volume|quieter|1082
1083	השתק שמע 1083	mute 1083	0	MUTE	השתק|השתקה|שקט|בלי קול|mute|1083
1084	בטל השתקה 1084	unmute 1084	0	UNMUTE	בטל|השתק|unmute|1084
1085	תעביר לשיר הבא 1085	next track 1085	0	MEDIA_NEXT	תעביר|תעבור|העבר|הבא|שיר|מוזיקה|next|track|1085
1086	שיר הבא 1086	next track 1086	0	MEDIA_NEXT	הבא|שיר|מוזיקה|next|track|1086
1087	תעביר לשיר הקודם 1087	previous track 1087	0	MEDIA_PREV	תעביר|העבר|קודם|הקודם|שיר|מוזיקה|previous|track|1087
1088	נגן מוזיקה 1088	play 1088	0	MEDIA_PLAY	נגן|נגינה|מוזיקה|שיר|play|1088
1089	השהה מוזיקה 1089	pause 1089	0	MEDIA_PAUSE	השהה|מוזיקה|שיר|pause|1089
1090	עצור מוזיקה 1090	stop 1090	0	MEDIA_STOP	עצור|הפסק|מוזיקה|שיר|stop|1090
1091	תגביה שמע 1091	increase volume 1091	0	VOL_UP	תגביה|תגביהה|הגבהה|תגביר|תעלה|תרים|הגבר|שמע|קול|מוזיקה|שיר|volume|louder|1091
1092	תנמיך שמע 1092	decrease volume 1092	0	VOL_DOWN	תנמיך|הנמכה|תוריד|תקטין|הנמך|קול|שמע|מוזיקה|שיר|volume|quieter|1092
1093	השתק שמע 1093	mute 1093	0	MUTE	השתק|השתקה|שקט|בלי קול|mute|1093
1094	בטל השתקה 1094	unmute 1094	0	UNMUTE	בטל|השתק|unmute|1094
1095	תעביר לשיר הבא 1095	next track 1095	0	MEDIA_NEXT	תעביר|תעבור|העבר|הבא|שיר|מוזיקה|next|track|1095
1096	שיר הבא 1096	next track 1096	0	MEDIA_NEXT	הבא|שיר|מוזיקה|next|track|1096
1097	תעביר לשיר הקודם 1097	previous track 1097	0	MEDIA_PREV	תעביר|העבר|קודם|הקודם|שיר|מוזיקה|previous|track|1097
1098	נגן מוזיקה 1098	play 1098	0	MEDIA_PLAY	נגן|נגינה|מוזיקה|שיר|play|1098
1099	השהה מוזיקה 1099	pause 1099	0	MEDIA_PAUSE	השהה|מוזיקה|שיר|pause|1099
1100	עצור מוזיקה 1100	stop 1100	0	MEDIA_STOP	עצור|הפסק|מוזיקה|שיר|stop|1100
1101	תגביה שמע 1101	increase volume 1101	0	VOL_UP	תגביה|תגביהה|הגבהה|תגביר|תעלה|תרים|הגבר|שמע|קול|מוזיקה|שיר|volume|louder|1101
1102	תנמיך שמע 1102	decrease volume 1102	0	VOL_DOWN	תנמיך|הנמכה|תוריד|תקטין|הנמך|קול|שמע|מוזיקה|שיר|volume|quieter|1102
1103	השתק שמע 1103	mute 1103	0	MUTE	השתק|השתקה|שקט|בלי קול|mute|1103
1104	בטל השתקה 1104	unmute 1104	0	UNMUTE	בטל|השתק|unmute|1104
1105	תעביר לשיר הבא 1105	next track 1105	0	MEDIA_NEXT	תעביר|תעבור|העבר|הבא|שיר|מוזיקה|next|track|1105
1106	שיר הבא 1106	next track 1106	0	MEDIA_NEXT	הבא|שיר|מוזיקה|next|track|1106
1107	תעביר לשיר הקודם 1107	previous track 1107	0	MEDIA_PREV	תעביר|העבר|קודם|הקודם|שיר|מוזיקה|previous|track|1107
1108	נגן מוזיקה 1108	play 1108	0	MEDIA_PLAY	נגן|נגינה|מוזיקה|שיר|play|1108
1109	השהה מוזיקה 1109	pause 1109	0	MEDIA_PAUSE	השהה|מוזיקה|שיר|pause|1109
1110	עצור מוזיקה 1110	stop 1110	0	MEDIA_STOP	עצור|הפסק|מוזיקה|שיר|stop|1110
1111	תגביה שמע 1111	increase volume 1111	0	VOL_UP	תגביה|תגביהה|הגבהה|תגביר|תעלה|תרים|הגבר|שמע|קול|מוזיקה|שיר|volume|louder|1111
1112	תנמיך שמע 1112	decrease volume 1112	0	VOL_DOWN	תנמיך|הנמכה|תוריד|תקטין|הנמך|קול|שמע|מוזיקה|שיר|volume|quieter|1112
1113	השתק שמע 1113	mute 1113	0	MUTE	השתק|השתקה|שקט|בלי קול|mute|1113
1114	בטל השתקה 1114	unmute 1114	0	UNMUTE	בטל|השתק|unmute|1114
1115	תעביר לשיר הבא 1115	next track 1115	0	MEDIA_NEXT	תעביר|תעבור|העבר|הבא|שיר|מוזיקה|next|track|1115
1116	שיר הבא 1116	next track 1116	0	MEDIA_NEXT	הבא|שיר|מוזיקה|next|track|1116
1117	תעביר לשיר הקודם 1117	previous track 1117	0	MEDIA_PREV	תעביר|העבר|קודם|הקודם|שיר|מוזיקה|previous|track|1117
1118	נגן מוזיקה 1118	play 1118	0	MEDIA_PLAY	נגן|נגינה|מוזיקה|שיר|play|1118
1119	השהה מוזיקה 1119	pause 1119	0	MEDIA_PAUSE	השהה|מוזיקה|שיר|pause|1119
1120	עצור מוזיקה 1120	stop 1120	0	MEDIA_STOP	עצור|הפסק|מוזיקה|שיר|stop|1120
1121	תגביה שמע 1121	increase volume 1121	0	VOL_UP	תגביה|תגביהה|הגבהה|תגביר|תעלה|תרים|הגבר|שמע|קול|מוזיקה|שיר|volume|louder|1121
1122	תנמיך שמע 1122	decrease volume 1122	0	VOL_DOWN	תנמיך|הנמכה|תוריד|תקטין|הנמך|קול|שמע|מוזיקה|שיר|volume|quieter|1122
1123	השתק שמע 1123	mute 1123	0	MUTE	השתק|השתקה|שקט|בלי קול|mute|1123
1124	בטל השתקה 1124	unmute 1124	0	UNMUTE	בטל|השתק|unmute|1124
1125	תעביר לשיר הבא 1125	next track 1125	0	MEDIA_NEXT	תעביר|תעבור|העבר|הבא|שיר|מוזיקה|next|track|1125
1126	שיר הבא 1126	next track 1126	0	MEDIA_NEXT	הבא|שיר|מוזיקה|next|track|1126
1127	תעביר לשיר הקודם 1127	previous track 1127	0	MEDIA_PREV	תעביר|העבר|קודם|הקודם|שיר|מוזיקה|previous|track|1127
1128	נגן מוזיקה 1128	play 1128	0	MEDIA_PLAY	נגן|נגינה|מוזיקה|שיר|play|1128
1129	השהה מוזיקה 1129	pause 1129	0	MEDIA_PAUSE	השהה|מוזיקה|שיר|pause|1129
1130	עצור מוזיקה 1130	stop 1130	0	MEDIA_STOP	עצור|הפסק|מוזיקה|שיר|stop|1130
1131	תגביה שמע 1131	increase volume 1131	0	VOL_UP	תגביה|תגביהה|הגבהה|תגביר|תעלה|תרים|הגבר|שמע|קול|מוזיקה|שיר|volume|louder|1131
1132	תנמיך שמע 1132	decrease volume 1132	0	VOL_DOWN	תנמיך|הנמכה|תוריד|תקטין|הנמך|קול|שמע|מוזיקה|שיר|volume|quieter|1132
1133	השתק שמע 1133	mute 1133	0	MUTE	השתק|השתקה|שקט|בלי קול|mute|1133
1134	בטל השתקה 1134	unmute 1134	0	UNMUTE	בטל|השתק|unmute|1134
1135	תעביר לשיר הבא 1135	next track 1135	0	MEDIA_NEXT	תעביר|תעבור|העבר|הבא|שיר|מוזיקה|next|track|1135
1136	שיר הבא 1136	next track 1136	0	MEDIA_NEXT	הבא|שיר|מוזיקה|next|track|1136
1137	תעביר לשיר הקודם 1137	previous track 1137	0	MEDIA_PREV	תעביר|העבר|קודם|הקודם|שיר|מוזיקה|previous|track|1137
1138	נגן מוזיקה 1138	play 1138	0	MEDIA_PLAY	נגן|נגינה|מוזיקה|שיר|play|1138
1139	השהה מוזיקה 1139	pause 1139	0	MEDIA_PAUSE	השהה|מוזיקה|שיר|pause|1139
1140	עצור מוזיקה 1140	stop 1140	0	MEDIA_STOP	עצור|הפסק|מוזיקה|שיר|stop|1140
1141	תגביה שמע 1141	increase volume 1141	0	VOL_UP	תגביה|תגביהה|הגבהה|תגביר|תעלה|תרים|הגבר|שמע|קול|מוזיקה|שיר|volume|louder|1141
1142	תנמיך שמע 1142	decrease volume 1142	0	VOL_DOWN	תנמיך|הנמכה|תוריד|תקטין|הנמך|קול|שמע|מוזיקה|שיר|volume|quieter|1142
1143	השתק שמע 1143	mute 1143	0	MUTE	השתק|השתקה|שקט|בלי קול|mute|1143
1144	בטל השתקה 1144	unmute 1144	0	UNMUTE	בטל|השתק|unmute|1144
1145	תעביר לשיר הבא 1145	next track 1145	0	MEDIA_NEXT	תעביר|תעבור|העבר|הבא|שיר|מוזיקה|next|track|1145
1146	שיר הבא 1146	next track 1146	0	MEDIA_NEXT	הבא|שיר|מוזיקה|next|track|1146
1147	תעביר לשיר הקודם 1147	previous track 1147	0	MEDIA_PREV	תעביר|העבר|קודם|הקודם|שיר|מוזיקה|previous|track|1147
1148	נגן מוזיקה 1148	play 1148	0	MEDIA_PLAY	נגן|נגינה|מוזיקה|שיר|play|1148
1149	השהה מוזיקה 1149	pause 1149	0	MEDIA_PAUSE	השהה|מוזיקה|שיר|pause|1149
1150	עצור מוזיקה 1150	stop 1150	0	MEDIA_STOP	עצור|הפסק|מוזיקה|שיר|stop|1150
1151	תגביה שמע 1151	increase volume 1151	0	VOL_UP	תגביה|תגביהה|הגבהה|תגביר|תעלה|תרים|הגבר|שמע|קול|מוזיקה|שיר|volume|louder|1151
1152	תנמיך שמע 1152	decrease volume 1152	0	VOL_DOWN	תנמיך|הנמכה|תוריד|תקטין|הנמך|קול|שמע|מוזיקה|שיר|volume|quieter|1152
1153	השתק שמע 1153	mute 1153	0	MUTE	השתק|השתקה|שקט|בלי קול|mute|1153
1154	בטל השתקה 1154	unmute 1154	0	UNMUTE	בטל|השתק|unmute|1154
1155	תעביר לשיר הבא 1155	next track 1155	0	MEDIA_NEXT	תעביר|תעבור|העבר|הבא|שיר|מוזיקה|next|track|1155
1156	שיר הבא 1156	next track 1156	0	MEDIA_NEXT	הבא|שיר|מוזיקה|next|track|1156
1157	תעביר לשיר הקודם 1157	previous track 1157	0	MEDIA_PREV	תעביר|העבר|קודם|הקודם|שיר|מוזיקה|previous|track|1157
1158	נגן מוזיקה 1158	play 1158	0	MEDIA_PLAY	נגן|נגינה|מוזיקה|שיר|play|1158
1159	השהה מוזיקה 1159	pause 1159	0	MEDIA_PAUSE	השהה|מוזיקה|שיר|pause|1159
1160	עצור מוזיקה 1160	stop 1160	0	MEDIA_STOP	עצור|הפסק|מוזיקה|שיר|stop|1160
1161	תגביה שמע 1161	increase volume 1161	0	VOL_UP	תגביה|תגביהה|הגבהה|תגביר|תעלה|תרים|הגבר|שמע|קול|מוזיקה|שיר|volume|louder|1161
1162	תנמיך שמע 1162	decrease volume 1162	0	VOL_DOWN	תנמיך|הנמכה|תוריד|תקטין|הנמך|קול|שמע|מוזיקה|שיר|volume|quieter|1162
1163	השתק שמע 1163	mute 1163	0	MUTE	השתק|השתקה|שקט|בלי קול|mute|1163
1164	בטל השתקה 1164	unmute 1164	0	UNMUTE	בטל|השתק|unmute|1164
1165	תעביר לשיר הבא 1165	next track 1165	0	MEDIA_NEXT	תעביר|תעבור|העבר|הבא|שיר|מוזיקה|next|track|1165
1166	שיר הבא 1166	next track 1166	0	MEDIA_NEXT	הבא|שיר|מוזיקה|next|track|1166
1167	תעביר לשיר הקודם 1167	previous track 1167	0	MEDIA_PREV	תעביר|העבר|קודם|הקודם|שיר|מוזיקה|previous|track|1167
1168	נגן מוזיקה 1168	play 1168	0	MEDIA_PLAY	נגן|נגינה|מוזיקה|שיר|play|1168
1169	השהה מוזיקה 1169	pause 1169	0	MEDIA_PAUSE	השהה|מוזיקה|שיר|pause|1169
1170	עצור מוזיקה 1170	stop 1170	0	MEDIA_STOP	עצור|הפסק|מוזיקה|שיר|stop|1170
1171	תגביה שמע 1171	increase volume 1171	0	VOL_UP	תגביה|תגביהה|הגבהה|תגביר|תעלה|תרים|הגבר|שמע|קול|מוזיקה|שיר|volume|louder|1171
1172	תנמיך שמע 1172	decrease volume 1172	0	VOL_DOWN	תנמיך|הנמכה|תוריד|תקטין|הנמך|קול|שמע|מוזיקה|שיר|volume|quieter|1172
1173	השתק שמע 1173	mute 1173	0	MUTE	השתק|השתקה|שקט|בלי קול|mute|1173
1174	בטל השתקה 1174	unmute 1174	0	UNMUTE	בטל|השתק|unmute|1174
1175	תעביר לשיר הבא 1175	next track 1175	0	MEDIA_NEXT	תעביר|תעבור|העבר|הבא|שיר|מוזיקה|next|track|1175
1176	שיר הבא 1176	next track 1176	0	MEDIA_NEXT	הבא|שיר|מוזיקה|next|track|1176
1177	תעביר לשיר הקודם 1177	previous track 1177	0	MEDIA_PREV	תעביר|העבר|קודם|הקודם|שיר|מוזיקה|previous|track|1177
1178	נגן מוזיקה 1178	play 1178	0	MEDIA_PLAY	נגן|נגינה|מוזיקה|שיר|play|1178
1179	השהה מוזיקה 1179	pause 1179	0	MEDIA_PAUSE	השהה|מוזיקה|שיר|pause|1179
1180	עצור מוזיקה 1180	stop 1180	0	MEDIA_STOP	עצור|הפסק|מוזיקה|שיר|stop|1180
1181	תגביה שמע 1181	increase volume 1181	0	VOL_UP	תגביה|תגביהה|הגבהה|תגביר|תעלה|תרים|הגבר|שמע|קול|מוזיקה|שיר|volume|louder|1181
1182	תנמיך שמע 1182	decrease volume 1182	0	VOL_DOWN	תנמיך|הנמכה|תוריד|תקטין|הנמך|קול|שמע|מוזיקה|שיר|volume|quieter|1182
1183	השתק שמע 1183	mute 1183	0	MUTE	השתק|השתקה|שקט|בלי קול|mute|1183
1184	בטל השתקה 1184	unmute 1184	0	UNMUTE	בטל|השתק|unmute|1184
1185	תעביר לשיר הבא 1185	next track 1185	0	MEDIA_NEXT	תעביר|תעבור|העבר|הבא|שיר|מוזיקה|next|track|1185
1186	שיר הבא 1186	next track 1186	0	MEDIA_NEXT	הבא|שיר|מוזיקה|next|track|1186
1187	תעביר לשיר הקודם 1187	previous track 1187	0	MEDIA_PREV	תעביר|העבר|קודם|הקודם|שיר|מוזיקה|previous|track|1187
1188	נגן מוזיקה 1188	play 1188	0	MEDIA_PLAY	נגן|נגינה|מוזיקה|שיר|play|1188
1189	השהה מוזיקה 1189	pause 1189	0	MEDIA_PAUSE	השהה|מוזיקה|שיר|pause|1189
1190	עצור מוזיקה 1190	stop 1190	0	MEDIA_STOP	עצור|הפסק|מוזיקה|שיר|stop|1190
1191	תגביה שמע 1191	increase volume 1191	0	VOL_UP	תגביה|תגביהה|הגבהה|תגביר|תעלה|תרים|הגבר|שמע|קול|מוזיקה|שיר|volume|louder|1191
1192	תנמיך שמע 1192	decrease volume 1192	0	VOL_DOWN	תנמיך|הנמכה|תוריד|תקטין|הנמך|קול|שמע|מוזיקה|שיר|volume|quieter|1192
1193	השתק שמע 1193	mute 1193	0	MUTE	השתק|השתקה|שקט|בלי קול|mute|1193
1194	בטל השתקה 1194	unmute 1194	0	UNMUTE	בטל|השתק|unmute|1194
1195	תעביר לשיר הבא 1195	next track 1195	0	MEDIA_NEXT	תעביר|תעבור|העבר|הבא|שיר|מוזיקה|next|track|1195
1196	שיר הבא 1196	next track 1196	0	MEDIA_NEXT	הבא|שיר|מוזיקה|next|track|1196
1197	תעביר לשיר הקודם 1197	previous track 1197	0	MEDIA_PREV	תעביר|העבר|קודם|הקודם|שיר|מוזיקה|previous|track|1197
1198	נגן מוזיקה 1198	play 1198	0	MEDIA_PLAY	נגן|נגינה|מוזיקה|שיר|play|1198
1199	השהה מוזיקה 1199	pause 1199	0	MEDIA_PAUSE	השהה|מוזיקה|שיר|pause|1199
1200	עצור מוזיקה 1200	stop 1200	0	MEDIA_STOP	עצור|הפסק|מוזיקה|שיר|stop|1200
1201	תגביה שמע 1201	increase volume 1201	0	VOL_UP	תגביה|תגביהה|הגבהה|תגביר|תעלה|תרים|הגבר|שמע|קול|מוזיקה|שיר|volume|louder|1201
1202	תנמיך שמע 1202	decrease volume 1202	0	VOL_DOWN	תנמיך|הנמכה|תוריד|תקטין|הנמך|קול|שמע|מוזיקה|שיר|volume|quieter|1202
1203	השתק שמע 1203	mute 1203	0	MUTE	השתק|השתקה|שקט|בלי קול|mute|1203
1204	בטל השתקה 1204	unmute 1204	0	UNMUTE	בטל|השתק|unmute|1204
1205	תעביר לשיר הבא 1205	next track 1205	0	MEDIA_NEXT	תעביר|תעבור|העבר|הבא|שיר|מוזיקה|next|track|1205
1206	שיר הבא 1206	next track 1206	0	MEDIA_NEXT	הבא|שיר|מוזיקה|next|track|1206
1207	תעביר לשיר הקודם 1207	previous track 1207	0	MEDIA_PREV	תעביר|העבר|קודם|הקודם|שיר|מוזיקה|previous|track|1207
1208	נגן מוזיקה 1208	play 1208	0	MEDIA_PLAY	נגן|נגינה|מוזיקה|שיר|play|1208
1209	השהה מוזיקה 1209	pause 1209	0	MEDIA_PAUSE	השהה|מוזיקה|שיר|pause|1209
1210	עצור מוזיקה 1210	stop 1210	0	MEDIA_STOP	עצור|הפסק|מוזיקה|שיר|stop|1210
1211	תגביה שמע 1211	increase volume 1211	0	VOL_UP	תגביה|תגביהה|הגבהה|תגביר|תעלה|תרים|הגבר|שמע|קול|מוזיקה|שיר|volume|louder|1211
1212	תנמיך שמע 1212	decrease volume 1212	0	VOL_DOWN	תנמיך|הנמכה|תוריד|תקטין|הנמך|קול|שמע|מוזיקה|שיר|volume|quieter|1212
1213	השתק שמע 1213	mute 1213	0	MUTE	השתק|השתקה|שקט|בלי קול|mute|1213
1214	בטל השתקה 1214	unmute 1214	0	UNMUTE	בטל|השתק|unmute|1214
1215	תעביר לשיר הבא 1215	next track 1215	0	MEDIA_NEXT	תעביר|תעבור|העבר|הבא|שיר|מוזיקה|next|track|1215
1216	שיר הבא 1216	next track 1216	0	MEDIA_NEXT	הבא|שיר|מוזיקה|next|track|1216
1217	תעביר לשיר הקודם 1217	previous track 1217	0	MEDIA_PREV	תעביר|העבר|קודם|הקודם|שיר|מוזיקה|previous|track|1217
1218	נגן מוזיקה 1218	play 1218	0	MEDIA_PLAY	נגן|נגינה|מוזיקה|שיר|play|1218
1219	השהה מוזיקה 1219	pause 1219	0	MEDIA_PAUSE	השהה|מוזיקה|שיר|pause|1219
1220	עצור מוזיקה 1220	stop 1220	0	MEDIA_STOP	עצור|הפסק|מוזיקה|שיר|stop|1220
1221	תגביה שמע 1221	increase volume 1221	0	VOL_UP	תגביה|תגביהה|הגבהה|תגביר|תעלה|תרים|הגבר|שמע|קול|מוזיקה|שיר|volume|louder|1221
1222	תנמיך שמע 1222	decrease volume 1222	0	VOL_DOWN	תנמיך|הנמכה|תוריד|תקטין|הנמך|קול|שמע|מוזיקה|שיר|volume|quieter|1222
1223	השתק שמע 1223	mute 1223	0	MUTE	השתק|השתקה|שקט|בלי קול|mute|1223
1224	בטל השתקה 1224	unmute 1224	0	UNMUTE	בטל|השתק|unmute|1224
1225	תעביר לשיר הבא 1225	next track 1225	0	MEDIA_NEXT	תעביר|תעבור|העבר|הבא|שיר|מוזיקה|next|track|1225
1226	שיר הבא 1226	next track 1226	0	MEDIA_NEXT	הבא|שיר|מוזיקה|next|track|1226
1227	תעביר לשיר הקודם 1227	previous track 1227	0	MEDIA_PREV	תעביר|העבר|קודם|הקודם|שיר|מוזיקה|previous|track|1227
1228	נגן מוזיקה 1228	play 1228	0	MEDIA_PLAY	נגן|נגינה|מוזיקה|שיר|play|1228
1229	השהה מוזיקה 1229	pause 1229	0	MEDIA_PAUSE	השהה|מוזיקה|שיר|pause|1229
1230	עצור מוזיקה 1230	stop 1230	0	MEDIA_STOP	עצור|הפסק|מוזיקה|שיר|stop|1230
1231	תגביה שמע 1231	increase volume 1231	0	VOL_UP	תגביה|תגביהה|הגבהה|תגביר|תעלה|תרים|הגבר|שמע|קול|מוזיקה|שיר|volume|louder|1231
1232	תנמיך שמע 1232	decrease volume 1232	0	VOL_DOWN	תנמיך|הנמכה|תוריד|תקטין|הנמך|קול|שמע|מוזיקה|שיר|volume|quieter|1232
1233	השתק שמע 1233	mute 1233	0	MUTE	השתק|השתקה|שקט|בלי קול|mute|1233
1234	בטל השתקה 1234	unmute 1234	0	UNMUTE	בטל|השתק|unmute|1234
1235	תעביר לשיר הבא 1235	next track 1235	0	MEDIA_NEXT	תעביר|תעבור|העבר|הבא|שיר|מוזיקה|next|track|1235
1236	שיר הבא 1236	next track 1236	0	MEDIA_NEXT	הבא|שיר|מוזיקה|next|track|1236
1237	תעביר לשיר הקודם 1237	previous track 1237	0	MEDIA_PREV	תעביר|העבר|קודם|הקודם|שיר|מוזיקה|previous|track|1237
1238	נגן מוזיקה 1238	play 1238	0	MEDIA_PLAY	נגן|נגינה|מוזיקה|שיר|play|1238
1239	השהה מוזיקה 1239	pause 1239	0	MEDIA_PAUSE	השהה|מוזיקה|שיר|pause|1239
1240	עצור מוזיקה 1240	stop 1240	0	MEDIA_STOP	עצור|הפסק|מוזיקה|שיר|stop|1240
1241	תגביה שמע 1241	increase volume 1241	0	VOL_UP	תגביה|תגביהה|הגבהה|תגביר|תעלה|תרים|הגבר|שמע|קול|מוזיקה|שיר|volume|louder|1241
1242	תנמיך שמע 1242	decrease volume 1242	0	VOL_DOWN	תנמיך|הנמכה|תוריד|תקטין|הנמך|קול|שמע|מוזיקה|שיר|volume|quieter|1242
1243	השתק שמע 1243	mute 1243	0	MUTE	השתק|השתקה|שקט|בלי קול|mute|1243
1244	בטל השתקה 1244	unmute 1244	0	UNMUTE	בטל|השתק|unmute|1244
1245	תעביר לשיר הבא 1245	next track 1245	0	MEDIA_NEXT	תעביר|תעבור|העבר|הבא|שיר|מוזיקה|next|track|1245
1246	שיר הבא 1246	next track 1246	0	MEDIA_NEXT	הבא|שיר|מוזיקה|next|track|1246
1247	תעביר לשיר הקודם 1247	previous track 1247	0	MEDIA_PREV	תעביר|העבר|קודם|הקודם|שיר|מוזיקה|previous|track|1247
1248	נגן מוזיקה 1248	play 1248	0	MEDIA_PLAY	נגן|נגינה|מוזיקה|שיר|play|1248
1249	השהה מוזיקה 1249	pause 1249	0	MEDIA_PAUSE	השהה|מוזיקה|שיר|pause|1249
1250	עצור מוזיקה 1250	stop 1250	0	MEDIA_STOP	עצור|הפסק|מוזיקה|שיר|stop|1250
1251	תגביה שמע 1251	increase volume 1251	0	VOL_UP	תגביה|תגביהה|הגבהה|תגביר|תעלה|תרים|הגבר|שמע|קול|מוזיקה|שיר|volume|louder|1251
1252	תנמיך שמע 1252	decrease volume 1252	0	VOL_DOWN	תנמיך|הנמכה|תוריד|תקטין|הנמך|קול|שמע|מוזיקה|שיר|volume|quieter|1252
1253	השתק שמע 1253	mute 1253	0	MUTE	השתק|השתקה|שקט|בלי קול|mute|1253
1254	בטל השתקה 1254	unmute 1254	0	UNMUTE	בטל|השתק|unmute|1254
1255	תעביר לשיר הבא 1255	next track 1255	0	MEDIA_NEXT	תעביר|תעבור|העבר|הבא|שיר|מוזיקה|next|track|1255
1256	שיר הבא 1256	next track 1256	0	MEDIA_NEXT	הבא|שיר|מוזיקה|next|track|1256
1257	תעביר לשיר הקודם 1257	previous track 1257	0	MEDIA_PREV	תעביר|העבר|קודם|הקודם|שיר|מוזיקה|previous|track|1257
1258	נגן מוזיקה 1258	play 1258	0	MEDIA_PLAY	נגן|נגינה|מוזיקה|שיר|play|1258
1259	השהה מוזיקה 1259	pause 1259	0	MEDIA_PAUSE	השהה|מוזיקה|שיר|pause|1259
1260	עצור מוזיקה 1260	stop 1260	0	MEDIA_STOP	עצור|הפסק|מוזיקה|שיר|stop|1260
1261	תגביה שמע 1261	increase volume 1261	0	VOL_UP	תגביה|תגביהה|הגבהה|תגביר|תעלה|תרים|הגבר|שמע|קול|מוזיקה|שיר|volume|louder|1261
1262	תנמיך שמע 1262	decrease volume 1262	0	VOL_DOWN	תנמיך|הנמכה|תוריד|תקטין|הנמך|קול|שמע|מוזיקה|שיר|volume|quieter|1262
1263	השתק שמע 1263	mute 1263	0	MUTE	השתק|השתקה|שקט|בלי קול|mute|1263
1264	בטל השתקה 1264	unmute 1264	0	UNMUTE	בטל|השתק|unmute|1264
1265	תעביר לשיר הבא 1265	next track 1265	0	MEDIA_NEXT	תעביר|תעבור|העבר|הבא|שיר|מוזיקה|next|track|1265
1266	שיר הבא 1266	next track 1266	0	MEDIA_NEXT	הבא|שיר|מוזיקה|next|track|1266
1267	תעביר לשיר הקודם 1267	previous track 1267	0	MEDIA_PREV	תעביר|העבר|קודם|הקודם|שיר|מוזיקה|previous|track|1267
1268	נגן מוזיקה 1268	play 1268	0	MEDIA_PLAY	נגן|נגינה|מוזיקה|שיר|play|1268
1269	השהה מוזיקה 1269	pause 1269	0	MEDIA_PAUSE	השהה|מוזיקה|שיר|pause|1269
1270	עצור מוזיקה 1270	stop 1270	0	MEDIA_STOP	עצור|הפסק|מוזיקה|שיר|stop|1270
1271	תגביה שמע 1271	increase volume 1271	0	VOL_UP	תגביה|תגביהה|הגבהה|תגביר|תעלה|תרים|הגבר|שמע|קול|מוזיקה|שיר|volume|louder|1271
1272	תנמיך שמע 1272	decrease volume 1272	0	VOL_DOWN	תנמיך|הנמכה|תוריד|תקטין|הנמך|קול|שמע|מוזיקה|שיר|volume|quieter|1272
1273	השתק שמע 1273	mute 1273	0	MUTE	השתק|השתקה|שקט|בלי קול|mute|1273
1274	בטל השתקה 1274	unmute 1274	0	UNMUTE	בטל|השתק|unmute|1274
1275	תעביר לשיר הבא 1275	next track 1275	0	MEDIA_NEXT	תעביר|תעבור|העבר|הבא|שיר|מוזיקה|next|track|1275
1276	שיר הבא 1276	next track 1276	0	MEDIA_NEXT	הבא|שיר|מוזיקה|next|track|1276
1277	תעביר לשיר הקודם 1277	previous track 1277	0	MEDIA_PREV	תעביר|העבר|קודם|הקודם|שיר|מוזיקה|previous|track|1277
1278	נגן מוזיקה 1278	play 1278	0	MEDIA_PLAY	נגן|נגינה|מוזיקה|שיר|play|1278
1279	השהה מוזיקה 1279	pause 1279	0	MEDIA_PAUSE	השהה|מוזיקה|שיר|pause|1279
1280	עצור מוזיקה 1280	stop 1280	0	MEDIA_STOP	עצור|הפסק|מוזיקה|שיר|stop|1280
1281	תגביה שמע 1281	increase volume 1281	0	VOL_UP	תגביה|תגביהה|הגבהה|תגביר|תעלה|תרים|הגבר|שמע|קול|מוזיקה|שיר|volume|louder|1281
1282	תנמיך שמע 1282	decrease volume 1282	0	VOL_DOWN	תנמיך|הנמכה|תוריד|תקטין|הנמך|קול|שמע|מוזיקה|שיר|volume|quieter|1282
1283	השתק שמע 1283	mute 1283	0	MUTE	השתק|השתקה|שקט|בלי קול|mute|1283
1284	בטל השתקה 1284	unmute 1284	0	UNMUTE	בטל|השתק|unmute|1284
1285	תעביר לשיר הבא 1285	next track 1285	0	MEDIA_NEXT	תעביר|תעבור|העבר|הבא|שיר|מוזיקה|next|track|1285
1286	שיר הבא 1286	next track 1286	0	MEDIA_NEXT	הבא|שיר|מוזיקה|next|track|1286
1287	תעביר לשיר הקודם 1287	previous track 1287	0	MEDIA_PREV	תעביר|העבר|קודם|הקודם|שיר|מוזיקה|previous|track|1287
1288	נגן מוזיקה 1288	play 1288	0	MEDIA_PLAY	נגן|נגינה|מוזיקה|שיר|play|1288
1289	השהה מוזיקה 1289	pause 1289	0	MEDIA_PAUSE	השהה|מוזיקה|שיר|pause|1289
1290	עצור מוזיקה 1290	stop 1290	0	MEDIA_STOP	עצור|הפסק|מוזיקה|שיר|stop|1290
1291	תגביה שמע 1291	increase volume 1291	0	VOL_UP	תגביה|תגביהה|הגבהה|תגביר|תעלה|תרים|הגבר|שמע|קול|מוזיקה|שיר|volume|louder|1291
1292	תנמיך שמע 1292	decrease volume 1292	0	VOL_DOWN	תנמיך|הנמכה|תוריד|תקטין|הנמך|קול|שמע|מוזיקה|שיר|volume|quieter|1292
1293	השתק שמע 1293	mute 1293	0	MUTE	השתק|השתקה|שקט|בלי קול|mute|1293
1294	בטל השתקה 1294	unmute 1294	0	UNMUTE	בטל|השתק|unmute|1294
1295	תעביר לשיר הבא 1295	next track 1295	0	MEDIA_NEXT	תעביר|תעבור|העבר|הבא|שיר|מוזיקה|next|track|1295
1296	שיר הבא 1296	next track 1296	0	MEDIA_NEXT	הבא|שיר|מוזיקה|next|track|1296
1297	תעביר לשיר הקודם 1297	previous track 1297	0	MEDIA_PREV	תעביר|העבר|קודם|הקודם|שיר|מוזיקה|previous|track|1297
1298	נגן מוזיקה 1298	play 1298	0	MEDIA_PLAY	נגן|נגינה|מוזיקה|שיר|play|1298
1299	השהה מוזיקה 1299	pause 1299	0	MEDIA_PAUSE	השהה|מוזיקה|שיר|pause|1299
1300	עצור מוזיקה 1300	stop 1300	0	MEDIA_STOP	עצור|הפסק|מוזיקה|שיר|stop|1300
1301	תגביה שמע 1301	increase volume 1301	0	VOL_UP	תגביה|תגביהה|הגבהה|תגביר|תעלה|תרים|הגבר|שמע|קול|מוזיקה|שיר|volume|louder|1301
1302	תנמיך שמע 1302	decrease volume 1302	0	VOL_DOWN	תנמיך|הנמכה|תוריד|תקטין|הנמך|קול|שמע|מוזיקה|שיר|volume|quieter|1302
1303	השתק שמע 1303	mute 1303	0	MUTE	השתק|השתקה|שקט|בלי קול|mute|1303
1304	בטל השתקה 1304	unmute 1304	0	UNMUTE	בטל|השתק|unmute|1304
1305	תעביר לשיר הבא 1305	next track 1305	0	MEDIA_NEXT	תעביר|תעבור|העבר|הבא|שיר|מוזיקה|next|track|1305
1306	שיר הבא 1306	next track 1306	0	MEDIA_NEXT	הבא|שיר|מוזיקה|next|track|1306
1307	תעביר לשיר הקודם 1307	previous track 1307	0	MEDIA_PREV	תעביר|העבר|קודם|הקודם|שיר|מוזיקה|previous|track|1307
1308	נגן מוזיקה 1308	play 1308	0	MEDIA_PLAY	נגן|נגינה|מוזיקה|שיר|play|1308
1309	השהה מוזיקה 1309	pause 1309	0	MEDIA_PAUSE	השהה|מוזיקה|שיר|pause|1309
1310	עצור מוזיקה 1310	stop 1310	0	MEDIA_STOP	עצור|הפסק|מוזיקה|שיר|stop|1310
1311	תגביה שמע 1311	increase volume 1311	0	VOL_UP	תגביה|תגביהה|הגבהה|תגביר|תעלה|תרים|הגבר|שמע|קול|מוזיקה|שיר|volume|louder|1311
1312	תנמיך שמע 1312	decrease volume 1312	0	VOL_DOWN	תנמיך|הנמכה|תוריד|תקטין|הנמך|קול|שמע|מוזיקה|שיר|volume|quieter|1312
1313	השתק שמע 1313	mute 1313	0	MUTE	השתק|השתקה|שקט|בלי קול|mute|1313
1314	בטל השתקה 1314	unmute 1314	0	UNMUTE	בטל|השתק|unmute|1314
1315	תעביר לשיר הבא 1315	next track 1315	0	MEDIA_NEXT	תעביר|תעבור|העבר|הבא|שיר|מוזיקה|next|track|1315
1316	שיר הבא 1316	next track 1316	0	MEDIA_NEXT	הבא|שיר|מוזיקה|next|track|1316
1317	תעביר לשיר הקודם 1317	previous track 1317	0	MEDIA_PREV	תעביר|העבר|קודם|הקודם|שיר|מוזיקה|previous|track|1317
1318	נגן מוזיקה 1318	play 1318	0	MEDIA_PLAY	נגן|נגינה|מוזיקה|שיר|play|1318
1319	השהה מוזיקה 1319	pause 1319	0	MEDIA_PAUSE	השהה|מוזיקה|שיר|pause|1319
1320	עצור מוזיקה 1320	stop 1320	0	MEDIA_STOP	עצור|הפסק|מוזיקה|שיר|stop|1320
1321	תגביה שמע 1321	increase volume 1321	0	VOL_UP	תגביה|תגביהה|הגבהה|תגביר|תעלה|תרים|הגבר|שמע|קול|מוזיקה|שיר|volume|louder|1321
1322	תנמיך שמע 1322	decrease volume 1322	0	VOL_DOWN	תנמיך|הנמכה|תוריד|תקטין|הנמך|קול|שמע|מוזיקה|שיר|volume|quieter|1322
1323	השתק שמע 1323	mute 1323	0	MUTE	השתק|השתקה|שקט|בלי קול|mute|1323
1324	בטל השתקה 1324	unmute 1324	0	UNMUTE	בטל|השתק|unmute|1324
1325	תעביר לשיר הבא 1325	next track 1325	0	MEDIA_NEXT	תעביר|תעבור|העבר|הבא|שיר|מוזיקה|next|track|1325
1326	שיר הבא 1326	next track 1326	0	MEDIA_NEXT	הבא|שיר|מוזיקה|next|track|1326
1327	תעביר לשיר הקודם 1327	previous track 1327	0	MEDIA_PREV	תעביר|העבר|קודם|הקודם|שיר|מוזיקה|previous|track|1327
1328	נגן מוזיקה 1328	play 1328	0	MEDIA_PLAY	נגן|נגינה|מוזיקה|שיר|play|1328
1329	השהה מוזיקה 1329	pause 1329	0	MEDIA_PAUSE	השהה|מוזיקה|שיר|pause|1329
1330	עצור מוזיקה 1330	stop 1330	0	MEDIA_STOP	עצור|הפסק|מוזיקה|שיר|stop|1330
1331	תגביה שמע 1331	increase volume 1331	0	VOL_UP	תגביה|תגביהה|הגבהה|תגביר|תעלה|תרים|הגבר|שמע|קול|מוזיקה|שיר|volume|louder|1331
1332	תנמיך שמע 1332	decrease volume 1332	0	VOL_DOWN	תנמיך|הנמכה|תוריד|תקטין|הנמך|קול|שמע|מוזיקה|שיר|volume|quieter|1332
1333	השתק שמע 1333	mute 1333	0	MUTE	השתק|השתקה|שקט|בלי קול|mute|1333
1334	בטל השתקה 1334	unmute 1334	0	UNMUTE	בטל|השתק|unmute|1334
1335	תעביר לשיר הבא 1335	next track 1335	0	MEDIA_NEXT	תעביר|תעבור|העבר|הבא|שיר|מוזיקה|next|track|1335
1336	שיר הבא 1336	next track 1336	0	MEDIA_NEXT	הבא|שיר|מוזיקה|next|track|1336
1337	תעביר לשיר הקודם 1337	previous track 1337	0	MEDIA_PREV	תעביר|העבר|קודם|הקודם|שיר|מוזיקה|previous|track|1337
1338	נגן מוזיקה 1338	play 1338	0	MEDIA_PLAY	נגן|נגינה|מוזיקה|שיר|play|1338
1339	השהה מוזיקה 1339	pause 1339	0	MEDIA_PAUSE	השהה|מוזיקה|שיר|pause|1339
1340	עצור מוזיקה 1340	stop 1340	0	MEDIA_STOP	עצור|הפסק|מוזיקה|שיר|stop|1340
1341	תגביה שמע 1341	increase volume 1341	0	VOL_UP	תגביה|תגביהה|הגבהה|תגביר|תעלה|תרים|הגבר|שמע|קול|מוזיקה|שיר|volume|louder|1341
1342	תנמיך שמע 1342	decrease volume 1342	0	VOL_DOWN	תנמיך|הנמכה|תוריד|תקטין|הנמך|קול|שמע|מוזיקה|שיר|volume|quieter|1342
1343	השתק שמע 1343	mute 1343	0	MUTE	השתק|השתקה|שקט|בלי קול|mute|1343
1344	בטל השתקה 1344	unmute 1344	0	UNMUTE	בטל|השתק|unmute|1344
1345	תעביר לשיר הבא 1345	next track 1345	0	MEDIA_NEXT	תעביר|תעבור|העבר|הבא|שיר|מוזיקה|next|track|1345
1346	שיר הבא 1346	next track 1346	0	MEDIA_NEXT	הבא|שיר|מוזיקה|next|track|1346
1347	תעביר לשיר הקודם 1347	previous track 1347	0	MEDIA_PREV	תעביר|העבר|קודם|הקודם|שיר|מוזיקה|previous|track|1347
1348	נגן מוזיקה 1348	play 1348	0	MEDIA_PLAY	נגן|נגינה|מוזיקה|שיר|play|1348
1349	השהה מוזיקה 1349	pause 1349	0	MEDIA_PAUSE	השהה|מוזיקה|שיר|pause|1349
1350	עצור מוזיקה 1350	stop 1350	0	MEDIA_STOP	עצור|הפסק|מוזיקה|שיר|stop|1350
1351	תגביה שמע 1351	increase volume 1351	0	VOL_UP	תגביה|תגביהה|הגבהה|תגביר|תעלה|תרים|הגבר|שמע|קול|מוזיקה|שיר|volume|louder|1351
1352	תנמיך שמע 1352	decrease volume 1352	0	VOL_DOWN	תנמיך|הנמכה|תוריד|תקטין|הנמך|קול|שמע|מוזיקה|שיר|volume|quieter|1352
1353	השתק שמע 1353	mute 1353	0	MUTE	השתק|השתקה|שקט|בלי קול|mute|1353
1354	בטל השתקה 1354	unmute 1354	0	UNMUTE	בטל|השתק|unmute|1354
1355	תעביר לשיר הבא 1355	next track 1355	0	MEDIA_NEXT	תעביר|תעבור|העבר|הבא|שיר|מוזיקה|next|track|1355
1356	שיר הבא 1356	next track 1356	0	MEDIA_NEXT	הבא|שיר|מוזיקה|next|track|1356
1357	תעביר לשיר הקודם 1357	previous track 1357	0	MEDIA_PREV	תעביר|העבר|קודם|הקודם|שיר|מוזיקה|previous|track|1357
1358	נגן מוזיקה 1358	play 1358	0	MEDIA_PLAY	נגן|נגינה|מוזיקה|שיר|play|1358
1359	השהה מוזיקה 1359	pause 1359	0	MEDIA_PAUSE	השהה|מוזיקה|שיר|pause|1359
1360	עצור מוזיקה 1360	stop 1360	0	MEDIA_STOP	עצור|הפסק|מוזיקה|שיר|stop|1360
1361	תגביה שמע 1361	increase volume 1361	0	VOL_UP	תגביה|תגביהה|הגבהה|תגביר|תעלה|תרים|הגבר|שמע|קול|מוזיקה|שיר|volume|louder|1361
1362	תנמיך שמע 1362	decrease volume 1362	0	VOL_DOWN	תנמיך|הנמכה|תוריד|תקטין|הנמך|קול|שמע|מוזיקה|שיר|volume|quieter|1362
1363	השתק שמע 1363	mute 1363	0	MUTE	השתק|השתקה|שקט|בלי קול|mute|1363
1364	בטל השתקה 1364	unmute 1364	0	UNMUTE	בטל|השתק|unmute|1364
1365	תעביר לשיר הבא 1365	next track 1365	0	MEDIA_NEXT	תעביר|תעבור|העבר|הבא|שיר|מוזיקה|next|track|1365
1366	שיר הבא 1366	next track 1366	0	MEDIA_NEXT	הבא|שיר|מוזיקה|next|track|1366
1367	תעביר לשיר הקודם 1367	previous track 1367	0	MEDIA_PREV	תעביר|העבר|קודם|הקודם|שיר|מוזיקה|previous|track|1367
1368	נגן מוזיקה 1368	play 1368	0	MEDIA_PLAY	נגן|נגינה|מוזיקה|שיר|play|1368
1369	השהה מוזיקה 1369	pause 1369	0	MEDIA_PAUSE	השהה|מוזיקה|שיר|pause|1369
1370	עצור מוזיקה 1370	stop 1370	0	MEDIA_STOP	עצור|הפסק|מוזיקה|שיר|stop|1370
1371	תגביה שמע 1371	increase volume 1371	0	VOL_UP	תגביה|תגביהה|הגבהה|תגביר|תעלה|תרים|הגבר|שמע|קול|מוזיקה|שיר|volume|louder|1371
1372	תנמיך שמע 1372	decrease volume 1372	0	VOL_DOWN	תנמיך|הנמכה|תוריד|תקטין|הנמך|קול|שמע|מוזיקה|שיר|volume|quieter|1372
1373	השתק שמע 1373	mute 1373	0	MUTE	השתק|השתקה|שקט|בלי קול|mute|1373
1374	בטל השתקה 1374	unmute 1374	0	UNMUTE	בטל|השתק|unmute|1374
1375	תעביר לשיר הבא 1375	next track 1375	0	MEDIA_NEXT	תעביר|תעבור|העבר|הבא|שיר|מוזיקה|next|track|1375
1376	שיר הבא 1376	next track 1376	0	MEDIA_NEXT	הבא|שיר|מוזיקה|next|track|1376
1377	תעביר לשיר הקודם 1377	previous track 1377	0	MEDIA_PREV	תעביר|העבר|קודם|הקודם|שיר|מוזיקה|previous|track|1377
1378	נגן מוזיקה 1378	play 1378	0	MEDIA_PLAY	נגן|נגינה|מוזיקה|שיר|play|1378
1379	השהה מוזיקה 1379	pause 1379	0	MEDIA_PAUSE	השהה|מוזיקה|שיר|pause|1379
1380	עצור מוזיקה 1380	stop 1380	0	MEDIA_STOP	עצור|הפסק|מוזיקה|שיר|stop|1380
1381	תגביה שמע 1381	increase volume 1381	0	VOL_UP	תגביה|תגביהה|הגבהה|תגביר|תעלה|תרים|הגבר|שמע|קול|מוזיקה|שיר|volume|louder|1381
1382	תנמיך שמע 1382	decrease volume 1382	0	VOL_DOWN	תנמיך|הנמכה|תוריד|תקטין|הנמך|קול|שמע|מוזיקה|שיר|volume|quieter|1382
1383	השתק שמע 1383	mute 1383	0	MUTE	השתק|השתקה|שקט|בלי קול|mute|1383
1384	בטל השתקה 1384	unmute 1384	0	UNMUTE	בטל|השתק|unmute|1384
1385	תעביר לשיר הבא 1385	next track 1385	0	MEDIA_NEXT	תעביר|תעבור|העבר|הבא|שיר|מוזיקה|next|track|1385
1386	שיר הבא 1386	next track 1386	0	MEDIA_NEXT	הבא|שיר|מוזיקה|next|track|1386
1387	תעביר לשיר הקודם 1387	previous track 1387	0	MEDIA_PREV	תעביר|העבר|קודם|הקודם|שיר|מוזיקה|previous|track|1387
1388	נגן מוזיקה 1388	play 1388	0	MEDIA_PLAY	נגן|נגינה|מוזיקה|שיר|play|1388
1389	השהה מוזיקה 1389	pause 1389	0	MEDIA_PAUSE	השהה|מוזיקה|שיר|pause|1389
1390	עצור מוזיקה 1390	stop 1390	0	MEDIA_STOP	עצור|הפסק|מוזיקה|שיר|stop|1390
1391	תגביה שמע 1391	increase volume 1391	0	VOL_UP	תגביה|תגביהה|הגבהה|תגביר|תעלה|תרים|הגבר|שמע|קול|מוזיקה|שיר|volume|louder|1391
1392	תנמיך שמע 1392	decrease volume 1392	0	VOL_DOWN	תנמיך|הנמכה|תוריד|תקטין|הנמך|קול|שמע|מוזיקה|שיר|volume|quieter|1392
1393	השתק שמע 1393	mute 1393	0	MUTE	השתק|השתקה|שקט|בלי קול|mute|1393
1394	בטל השתקה 1394	unmute 1394	0	UNMUTE	בטל|השתק|unmute|1394
1395	תעביר לשיר הבא 1395	next track 1395	0	MEDIA_NEXT	תעביר|תעבור|העבר|הבא|שיר|מוזיקה|next|track|1395
1396	שיר הבא 1396	next track 1396	0	MEDIA_NEXT	הבא|שיר|מוזיקה|next|track|1396
1397	תעביר לשיר הקודם 1397	previous track 1397	0	MEDIA_PREV	תעביר|העבר|קודם|הקודם|שיר|מוזיקה|previous|track|1397
1398	נגן מוזיקה 1398	play 1398	0	MEDIA_PLAY	נגן|נגינה|מוזיקה|שיר|play|1398
1399	השהה מוזיקה 1399	pause 1399	0	MEDIA_PAUSE	השהה|מוזיקה|שיר|pause|1399
1400	עצור מוזיקה 1400	stop 1400	0	MEDIA_STOP	עצור|הפסק|מוזיקה|שיר|stop|1400
1401	תגביה שמע 1401	increase volume 1401	0	VOL_UP	תגביה|תגביהה|הגבהה|תגביר|תעלה|תרים|הגבר|שמע|קול|מוזיקה|שיר|volume|louder|1401
1402	תנמיך שמע 1402	decrease volume 1402	0	VOL_DOWN	תנמיך|הנמכה|תוריד|תקטין|הנמך|קול|שמע|מוזיקה|שיר|volume|quieter|1402
1403	השתק שמע 1403	mute 1403	0	MUTE	השתק|השתקה|שקט|בלי קול|mute|1403
1404	בטל השתקה 1404	unmute 1404	0	UNMUTE	בטל|השתק|unmute|1404
1405	תעביר לשיר הבא 1405	next track 1405	0	MEDIA_NEXT	תעביר|תעבור|העבר|הבא|שיר|מוזיקה|next|track|1405
1406	שיר הבא 1406	next track 1406	0	MEDIA_NEXT	הבא|שיר|מוזיקה|next|track|1406
1407	תעביר לשיר הקודם 1407	previous track 1407	0	MEDIA_PREV	תעביר|העבר|קודם|הקודם|שיר|מוזיקה|previous|track|1407
1408	נגן מוזיקה 1408	play 1408	0	MEDIA_PLAY	נגן|נגינה|מוזיקה|שיר|play|1408
1409	השהה מוזיקה 1409	pause 1409	0	MEDIA_PAUSE	השהה|מוזיקה|שיר|pause|1409
1410	עצור מוזיקה 1410	stop 1410	0	MEDIA_STOP	עצור|הפסק|מוזיקה|שיר|stop|1410
1411	תגביה שמע 1411	increase volume 1411	0	VOL_UP	תגביה|תגביהה|הגבהה|תגביר|תעלה|תרים|הגבר|שמע|קול|מוזיקה|שיר|volume|louder|1411
1412	תנמיך שמע 1412	decrease volume 1412	0	VOL_DOWN	תנמיך|הנמכה|תוריד|תקטין|הנמך|קול|שמע|מוזיקה|שיר|volume|quieter|1412
1413	השתק שמע 1413	mute 1413	0	MUTE	השתק|השתקה|שקט|בלי קול|mute|1413
1414	בטל השתקה 1414	unmute 1414	0	UNMUTE	בטל|השתק|unmute|1414
1415	תעביר לשיר הבא 1415	next track 1415	0	MEDIA_NEXT	תעביר|תעבור|העבר|הבא|שיר|מוזיקה|next|track|1415
1416	שיר הבא 1416	next track 1416	0	MEDIA_NEXT	הבא|שיר|מוזיקה|next|track|1416
1417	תעביר לשיר הקודם 1417	previous track 1417	0	MEDIA_PREV	תעביר|העבר|קודם|הקודם|שיר|מוזיקה|previous|track|1417
1418	נגן מוזיקה 1418	play 1418	0	MEDIA_PLAY	נגן|נגינה|מוזיקה|שיר|play|1418
1419	השהה מוזיקה 1419	pause 1419	0	MEDIA_PAUSE	השהה|מוזיקה|שיר|pause|1419
1420	עצור מוזיקה 1420	stop 1420	0	MEDIA_STOP	עצור|הפסק|מוזיקה|שיר|stop|1420
1421	תגביה שמע 1421	increase volume 1421	0	VOL_UP	תגביה|תגביהה|הגבהה|תגביר|תעלה|תרים|הגבר|שמע|קול|מוזיקה|שיר|volume|louder|1421
1422	תנמיך שמע 1422	decrease volume 1422	0	VOL_DOWN	תנמיך|הנמכה|תוריד|תקטין|הנמך|קול|שמע|מוזיקה|שיר|volume|quieter|1422
1423	השתק שמע 1423	mute 1423	0	MUTE	השתק|השתקה|שקט|בלי קול|mute|1423
1424	בטל השתקה 1424	unmute 1424	0	UNMUTE	בטל|השתק|unmute|1424
1425	תעביר לשיר הבא 1425	next track 1425	0	MEDIA_NEXT	תעביר|תעבור|העבר|הבא|שיר|מוזיקה|next|track|1425
1426	שיר הבא 1426	next track 1426	0	MEDIA_NEXT	הבא|שיר|מוזיקה|next|track|1426
1427	תעביר לשיר הקודם 1427	previous track 1427	0	MEDIA_PREV	תעביר|העבר|קודם|הקודם|שיר|מוזיקה|previous|track|1427
1428	נגן מוזיקה 1428	play 1428	0	MEDIA_PLAY	נגן|נגינה|מוזיקה|שיר|play|1428
1429	השהה מוזיקה 1429	pause 1429	0	MEDIA_PAUSE	השהה|מוזיקה|שיר|pause|1429
1430	עצור מוזיקה 1430	stop 1430	0	MEDIA_STOP	עצור|הפסק|מוזיקה|שיר|stop|1430
1431	תגביה שמע 1431	increase volume 1431	0	VOL_UP	תגביה|תגביהה|הגבהה|תגביר|תעלה|תרים|הגבר|שמע|קול|מוזיקה|שיר|volume|louder|1431
1432	תנמיך שמע 1432	decrease volume 1432	0	VOL_DOWN	תנמיך|הנמכה|תוריד|תקטין|הנמך|קול|שמע|מוזיקה|שיר|volume|quieter|1432
1433	השתק שמע 1433	mute 1433	0	MUTE	השתק|השתקה|שקט|בלי קול|mute|1433
1434	בטל השתקה 1434	unmute 1434	0	UNMUTE	בטל|השתק|unmute|1434
1435	תעביר לשיר הבא 1435	next track 1435	0	MEDIA_NEXT	תעביר|תעבור|העבר|הבא|שיר|מוזיקה|next|track|1435
1436	שיר הבא 1436	next track 1436	0	MEDIA_NEXT	הבא|שיר|מוזיקה|next|track|1436
1437	תעביר לשיר הקודם 1437	previous track 1437	0	MEDIA_PREV	תעביר|העבר|קודם|הקודם|שיר|מוזיקה|previous|track|1437
1438	נגן מוזיקה 1438	play 1438	0	MEDIA_PLAY	נגן|נגינה|מוזיקה|שיר|play|1438
1439	השהה מוזיקה 1439	pause 1439	0	MEDIA_PAUSE	השהה|מוזיקה|שיר|pause|1439
1440	עצור מוזיקה 1440	stop 1440	0	MEDIA_STOP	עצור|הפסק|מוזיקה|שיר|stop|1440
1441	תגביה שמע 1441	increase volume 1441	0	VOL_UP	תגביה|תגביהה|הגבהה|תגביר|תעלה|תרים|הגבר|שמע|קול|מוזיקה|שיר|volume|louder|1441
1442	תנמיך שמע 1442	decrease volume 1442	0	VOL_DOWN	תנמיך|הנמכה|תוריד|תקטין|הנמך|קול|שמע|מוזיקה|שיר|volume|quieter|1442
1443	השתק שמע 1443	mute 1443	0	MUTE	השתק|השתקה|שקט|בלי קול|mute|1443
1444	בטל השתקה 1444	unmute 1444	0	UNMUTE	בטל|השתק|unmute|1444
1445	תעביר לשיר הבא 1445	next track 1445	0	MEDIA_NEXT	תעביר|תעבור|העבר|הבא|שיר|מוזיקה|next|track|1445
1446	שיר הבא 1446	next track 1446	0	MEDIA_NEXT	הבא|שיר|מוזיקה|next|track|1446
1447	תעביר לשיר הקודם 1447	previous track 1447	0	MEDIA_PREV	תעביר|העבר|קודם|הקודם|שיר|מוזיקה|previous|track|1447
1448	נגן מוזיקה 1448	play 1448	0	MEDIA_PLAY	נגן|נגינה|מוזיקה|שיר|play|1448
1449	השהה מוזיקה 1449	pause 1449	0	MEDIA_PAUSE	השהה|מוזיקה|שיר|pause|1449
1450	עצור מוזיקה 1450	stop 1450	0	MEDIA_STOP	עצור|הפסק|מוזיקה|שיר|stop|1450
1451	תגביה שמע 1451	increase volume 1451	0	VOL_UP	תגביה|תגביהה|הגבהה|תגביר|תעלה|תרים|הגבר|שמע|קול|מוזיקה|שיר|volume|louder|1451
1452	תנמיך שמע 1452	decrease volume 1452	0	VOL_DOWN	תנמיך|הנמכה|תוריד|תקטין|הנמך|קול|שמע|מוזיקה|שיר|volume|quieter|1452
1453	השתק שמע 1453	mute 1453	0	MUTE	השתק|השתקה|שקט|בלי קול|mute|1453
1454	בטל השתקה 1454	unmute 1454	0	UNMUTE	בטל|השתק|unmute|1454
1455	תעביר לשיר הבא 1455	next track 1455	0	MEDIA_NEXT	תעביר|תעבור|העבר|הבא|שיר|מוזיקה|next|track|1455
1456	שיר הבא 1456	next track 1456	0	MEDIA_NEXT	הבא|שיר|מוזיקה|next|track|1456
1457	תעביר לשיר הקודם 1457	previous track 1457	0	MEDIA_PREV	תעביר|העבר|קודם|הקודם|שיר|מוזיקה|previous|track|1457
1458	נגן מוזיקה 1458	play 1458	0	MEDIA_PLAY	נגן|נגינה|מוזיקה|שיר|play|1458
1459	השהה מוזיקה 1459	pause 1459	0	MEDIA_PAUSE	השהה|מוזיקה|שיר|pause|1459
1460	עצור מוזיקה 1460	stop 1460	0	MEDIA_STOP	עצור|הפסק|מוזיקה|שיר|stop|1460
1461	תגביה שמע 1461	increase volume 1461	0	VOL_UP	תגביה|תגביהה|הגבהה|תגביר|תעלה|תרים|הגבר|שמע|קול|מוזיקה|שיר|volume|louder|1461
1462	תנמיך שמע 1462	decrease volume 1462	0	VOL_DOWN	תנמיך|הנמכה|תוריד|תקטין|הנמך|קול|שמע|מוזיקה|שיר|volume|quieter|1462
1463	השתק שמע 1463	mute 1463	0	MUTE	השתק|השתקה|שקט|בלי קול|mute|1463
1464	בטל השתקה 1464	unmute 1464	0	UNMUTE	בטל|השתק|unmute|1464
1465	תעביר לשיר הבא 1465	next track 1465	0	MEDIA_NEXT	תעביר|תעבור|העבר|הבא|שיר|מוזיקה|next|track|1465
1466	שיר הבא 1466	next track 1466	0	MEDIA_NEXT	הבא|שיר|מוזיקה|next|track|1466
1467	תעביר לשיר הקודם 1467	previous track 1467	0	MEDIA_PREV	תעביר|העבר|קודם|הקודם|שיר|מוזיקה|previous|track|1467
1468	נגן מוזיקה 1468	play 1468	0	MEDIA_PLAY	נגן|נגינה|מוזיקה|שיר|play|1468
1469	השהה מוזיקה 1469	pause 1469	0	MEDIA_PAUSE	השהה|מוזיקה|שיר|pause|1469
1470	עצור מוזיקה 1470	stop 1470	0	MEDIA_STOP	עצור|הפסק|מוזיקה|שיר|stop|1470
1471	תגביה שמע 1471	increase volume 1471	0	VOL_UP	תגביה|תגביהה|הגבהה|תגביר|תעלה|תרים|הגבר|שמע|קול|מוזיקה|שיר|volume|louder|1471
1472	תנמיך שמע 1472	decrease volume 1472	0	VOL_DOWN	תנמיך|הנמכה|תוריד|תקטין|הנמך|קול|שמע|מוזיקה|שיר|volume|quieter|1472
1473	השתק שמע 1473	mute 1473	0	MUTE	השתק|השתקה|שקט|בלי קול|mute|1473
1474	בטל השתקה 1474	unmute 1474	0	UNMUTE	בטל|השתק|unmute|1474
1475	תעביר לשיר הבא 1475	next track 1475	0	MEDIA_NEXT	תעביר|תעבור|העבר|הבא|שיר|מוזיקה|next|track|1475
1476	שיר הבא 1476	next track 1476	0	MEDIA_NEXT	הבא|שיר|מוזיקה|next|track|1476
1477	תעביר לשיר הקודם 1477	previous track 1477	0	MEDIA_PREV	תעביר|העבר|קודם|הקודם|שיר|מוזיקה|previous|track|1477
1478	נגן מוזיקה 1478	play 1478	0	MEDIA_PLAY	נגן|נגינה|מוזיקה|שיר|play|1478
1479	השהה מוזיקה 1479	pause 1479	0	MEDIA_PAUSE	השהה|מוזיקה|שיר|pause|1479
1480	עצור מוזיקה 1480	stop 1480	0	MEDIA_STOP	עצור|הפסק|מוזיקה|שיר|stop|1480
1481	תגביה שמע 1481	increase volume 1481	0	VOL_UP	תגביה|תגביהה|הגבהה|תגביר|תעלה|תרים|הגבר|שמע|קול|מוזיקה|שיר|volume|louder|1481
1482	תנמיך שמע 1482	decrease volume 1482	0	VOL_DOWN	תנמיך|הנמכה|תוריד|תקטין|הנמך|קול|שמע|מוזיקה|שיר|volume|quieter|1482
1483	השתק שמע 1483	mute 1483	0	MUTE	השתק|השתקה|שקט|בלי קול|mute|1483
1484	בטל השתקה 1484	unmute 1484	0	UNMUTE	בטל|השתק|unmute|1484
1485	תעביר לשיר הבא 1485	next track 1485	0	MEDIA_NEXT	תעביר|תעבור|העבר|הבא|שיר|מוזיקה|next|track|1485
1486	שיר הבא 1486	next track 1486	0	MEDIA_NEXT	הבא|שיר|מוזיקה|next|track|1486
1487	תעביר לשיר הקודם 1487	previous track 1487	0	MEDIA_PREV	תעביר|העבר|קודם|הקודם|שיר|מוזיקה|previous|track|1487
1488	נגן מוזיקה 1488	play 1488	0	MEDIA_PLAY	נגן|נגינה|מוזיקה|שיר|play|1488
1489	השהה מוזיקה 1489	pause 1489	0	MEDIA_PAUSE	השהה|מוזיקה|שיר|pause|1489
1490	עצור מוזיקה 1490	stop 1490	0	MEDIA_STOP	עצור|הפסק|מוזיקה|שיר|stop|1490
1491	תגביה שמע 1491	increase volume 1491	0	VOL_UP	תגביה|תגביהה|הגבהה|תגביר|תעלה|תרים|הגבר|שמע|קול|מוזיקה|שיר|volume|louder|1491
1492	תנמיך שמע 1492	decrease volume 1492	0	VOL_DOWN	תנמיך|הנמכה|תוריד|תקטין|הנמך|קול|שמע|מוזיקה|שיר|volume|quieter|1492
1493	השתק שמע 1493	mute 1493	0	MUTE	השתק|השתקה|שקט|בלי קול|mute|1493
1494	בטל השתקה 1494	unmute 1494	0	UNMUTE	בטל|השתק|unmute|1494
1495	תעביר לשיר הבא 1495	next track 1495	0	MEDIA_NEXT	תעביר|תעבור|העבר|הבא|שיר|מוזיקה|next|track|1495
1496	שיר הבא 1496	next track 1496	0	MEDIA_NEXT	הבא|שיר|מוזיקה|next|track|1496
1497	תעביר לשיר הקודם 1497	previous track 1497	0	MEDIA_PREV	תעביר|העבר|קודם|הקודם|שיר|מוזיקה|previous|track|1497
1498	נגן מוזיקה 1498	play 1498	0	MEDIA_PLAY	נגן|נגינה|מוזיקה|שיר|play|1498
1499	השהה מוזיקה 1499	pause 1499	0	MEDIA_PAUSE	השהה|מוזיקה|שיר|pause|1499
1500	עצור מוזיקה 1500	stop 1500	0	MEDIA_STOP	עצור|הפסק|מוזיקה|שיר|stop|1500
1501	תגביה שמע 1501	increase volume 1501	0	VOL_UP	תגביה|תגביהה|הגבהה|תגביר|תעלה|תרים|הגבר|שמע|קול|מוזיקה|שיר|volume|louder|1501
1502	תנמיך שמע 1502	decrease volume 1502	0	VOL_DOWN	תנמיך|הנמכה|תוריד|תקטין|הנמך|קול|שמע|מוזיקה|שיר|volume|quieter|1502
1503	השתק שמע 1503	mute 1503	0	MUTE	השתק|השתקה|שקט|בלי קול|mute|1503
1504	בטל השתקה 1504	unmute 1504	0	UNMUTE	בטל|השתק|unmute|1504
1505	תעביר לשיר הבא 1505	next track 1505	0	MEDIA_NEXT	תעביר|תעבור|העבר|הבא|שיר|מוזיקה|next|track|1505
1506	שיר הבא 1506	next track 1506	0	MEDIA_NEXT	הבא|שיר|מוזיקה|next|track|1506
1507	תעביר לשיר הקודם 1507	previous track 1507	0	MEDIA_PREV	תעביר|העבר|קודם|הקודם|שיר|מוזיקה|previous|track|1507
1508	נגן מוזיקה 1508	play 1508	0	MEDIA_PLAY	נגן|נגינה|מוזיקה|שיר|play|1508
1509	השהה מוזיקה 1509	pause 1509	0	MEDIA_PAUSE	השהה|מוזיקה|שיר|pause|1509
1510	עצור מוזיקה 1510	stop 1510	0	MEDIA_STOP	עצור|הפסק|מוזיקה|שיר|stop|1510
1511	תגביה שמע 1511	increase volume 1511	0	VOL_UP	תגביה|תגביהה|הגבהה|תגביר|תעלה|תרים|הגבר|שמע|קול|מוזיקה|שיר|volume|louder|1511
1512	תנמיך שמע 1512	decrease volume 1512	0	VOL_DOWN	תנמיך|הנמכה|תוריד|תקטין|הנמך|קול|שמע|מוזיקה|שיר|volume|quieter|1512
1513	השתק שמע 1513	mute 1513	0	MUTE	השתק|השתקה|שקט|בלי קול|mute|1513
1514	בטל השתקה 1514	unmute 1514	0	UNMUTE	בטל|השתק|unmute|1514
1515	תעביר לשיר הבא 1515	next track 1515	0	MEDIA_NEXT	תעביר|תעבור|העבר|הבא|שיר|מוזיקה|next|track|1515
1516	שיר הבא 1516	next track 1516	0	MEDIA_NEXT	הבא|שיר|מוזיקה|next|track|1516
1517	תעביר לשיר הקודם 1517	previous track 1517	0	MEDIA_PREV	תעביר|העבר|קודם|הקודם|שיר|מוזיקה|previous|track|1517
1518	נגן מוזיקה 1518	play 1518	0	MEDIA_PLAY	נגן|נגינה|מוזיקה|שיר|play|1518
1519	השהה מוזיקה 1519	pause 1519	0	MEDIA_PAUSE	השהה|מוזיקה|שיר|pause|1519
1520	עצור מוזיקה 1520	stop 1520	0	MEDIA_STOP	עצור|הפסק|מוזיקה|שיר|stop|1520
1521	תגביה שמע 1521	increase volume 1521	0	VOL_UP	תגביה|תגביהה|הגבהה|תגביר|תעלה|תרים|הגבר|שמע|קול|מוזיקה|שיר|volume|louder|1521
1522	תנמיך שמע 1522	decrease volume 1522	0	VOL_DOWN	תנמיך|הנמכה|תוריד|תקטין|הנמך|קול|שמע|מוזיקה|שיר|volume|quieter|1522
1523	השתק שמע 1523	mute 1523	0	MUTE	השתק|השתקה|שקט|בלי קול|mute|1523
1524	בטל השתקה 1524	unmute 1524	0	UNMUTE	בטל|השתק|unmute|1524
1525	תעביר לשיר הבא 1525	next track 1525	0	MEDIA_NEXT	תעביר|תעבור|העבר|הבא|שיר|מוזיקה|next|track|1525
1526	שיר הבא 1526	next track 1526	0	MEDIA_NEXT	הבא|שיר|מוזיקה|next|track|1526
1527	תעביר לשיר הקודם 1527	previous track 1527	0	MEDIA_PREV	תעביר|העבר|קודם|הקודם|שיר|מוזיקה|previous|track|1527
1528	נגן מוזיקה 1528	play 1528	0	MEDIA_PLAY	נגן|נגינה|מוזיקה|שיר|play|1528
1529	השהה מוזיקה 1529	pause 1529	0	MEDIA_PAUSE	השהה|מוזיקה|שיר|pause|1529
1530	עצור מוזיקה 1530	stop 1530	0	MEDIA_STOP	עצור|הפסק|מוזיקה|שיר|stop|1530
1531	תגביה שמע 1531	increase volume 1531	0	VOL_UP	תגביה|תגביהה|הגבהה|תגביר|תעלה|תרים|הגבר|שמע|קול|מוזיקה|שיר|volume|louder|1531
1532	תנמיך שמע 1532	decrease volume 1532	0	VOL_DOWN	תנמיך|הנמכה|תוריד|תקטין|הנמך|קול|שמע|מוזיקה|שיר|volume|quieter|1532
1533	השתק שמע 1533	mute 1533	0	MUTE	השתק|השתקה|שקט|בלי קול|mute|1533
1534	בטל השתקה 1534	unmute 1534	0	UNMUTE	בטל|השתק|unmute|1534
1535	תעביר לשיר הבא 1535	next track 1535	0	MEDIA_NEXT	תעביר|תעבור|העבר|הבא|שיר|מוזיקה|next|track|1535
1536	שיר הבא 1536	next track 1536	0	MEDIA_NEXT	הבא|שיר|מוזיקה|next|track|1536
1537	תעביר לשיר הקודם 1537	previous track 1537	0	MEDIA_PREV	תעביר|העבר|קודם|הקודם|שיר|מוזיקה|previous|track|1537
1538	נגן מוזיקה 1538	play 1538	0	MEDIA_PLAY	נגן|נגינה|מוזיקה|שיר|play|1538
1539	השהה מוזיקה 1539	pause 1539	0	MEDIA_PAUSE	השהה|מוזיקה|שיר|pause|1539
1540	עצור מוזיקה 1540	stop 1540	0	MEDIA_STOP	עצור|הפסק|מוזיקה|שיר|stop|1540
1541	תגביה שמע 1541	increase volume 1541	0	VOL_UP	תגביה|תגביהה|הגבהה|תגביר|תעלה|תרים|הגבר|שמע|קול|מוזיקה|שיר|volume|louder|1541
1542	תנמיך שמע 1542	decrease volume 1542	0	VOL_DOWN	תנמיך|הנמכה|תוריד|תקטין|הנמך|קול|שמע|מוזיקה|שיר|volume|quieter|1542
1543	השתק שמע 1543	mute 1543	0	MUTE	השתק|השתקה|שקט|בלי קול|mute|1543
1544	בטל השתקה 1544	unmute 1544	0	UNMUTE	בטל|השתק|unmute|1544
1545	תעביר לשיר הבא 1545	next track 1545	0	MEDIA_NEXT	תעביר|תעבור|העבר|הבא|שיר|מוזיקה|next|track|1545
1546	שיר הבא 1546	next track 1546	0	MEDIA_NEXT	הבא|שיר|מוזיקה|next|track|1546
1547	תעביר לשיר הקודם 1547	previous track 1547	0	MEDIA_PREV	תעביר|העבר|קודם|הקודם|שיר|מוזיקה|previous|track|1547
1548	נגן מוזיקה 1548	play 1548	0	MEDIA_PLAY	נגן|נגינה|מוזיקה|שיר|play|1548
1549	השהה מוזיקה 1549	pause 1549	0	MEDIA_PAUSE	השהה|מוזיקה|שיר|pause|1549
1550	עצור מוזיקה 1550	stop 1550	0	MEDIA_STOP	עצור|הפסק|מוזיקה|שיר|stop|1550
1551	תגביה שמע 1551	increase volume 1551	0	VOL_UP	תגביה|תגביהה|הגבהה|תגביר|תעלה|תרים|הגבר|שמע|קול|מוזיקה|שיר|volume|louder|1551
1552	תנמיך שמע 1552	decrease volume 1552	0	VOL_DOWN	תנמיך|הנמכה|תוריד|תקטין|הנמך|קול|שמע|מוזיקה|שיר|volume|quieter|1552
1553	השתק שמע 1553	mute 1553	0	MUTE	השתק|השתקה|שקט|בלי קול|mute|1553
1554	בטל השתקה 1554	unmute 1554	0	UNMUTE	בטל|השתק|unmute|1554
1555	תעביר לשיר הבא 1555	next track 1555	0	MEDIA_NEXT	תעביר|תעבור|העבר|הבא|שיר|מוזיקה|next|track|1555
1556	שיר הבא 1556	next track 1556	0	MEDIA_NEXT	הבא|שיר|מוזיקה|next|track|1556
1557	תעביר לשיר הקודם 1557	previous track 1557	0	MEDIA_PREV	תעביר|העבר|קודם|הקודם|שיר|מוזיקה|previous|track|1557
1558	נגן מוזיקה 1558	play 1558	0	MEDIA_PLAY	נגן|נגינה|מוזיקה|שיר|play|1558
1559	השהה מוזיקה 1559	pause 1559	0	MEDIA_PAUSE	השהה|מוזיקה|שיר|pause|1559
1560	עצור מוזיקה 1560	stop 1560	0	MEDIA_STOP	עצור|הפסק|מוזיקה|שיר|stop|1560
1561	תגביה שמע 1561	increase volume 1561	0	VOL_UP	תגביה|תגביהה|הגבהה|תגביר|תעלה|תרים|הגבר|שמע|קול|מוזיקה|שיר|volume|louder|1561
1562	תנמיך שמע 1562	decrease volume 1562	0	VOL_DOWN	תנמיך|הנמכה|תוריד|תקטין|הנמך|קול|שמע|מוזיקה|שיר|volume|quieter|1562
1563	השתק שמע 1563	mute 1563	0	MUTE	השתק|השתקה|שקט|בלי קול|mute|1563
1564	בטל השתקה 1564	unmute 1564	0	UNMUTE	בטל|השתק|unmute|1564
1565	תעביר לשיר הבא 1565	next track 1565	0	MEDIA_NEXT	תעביר|תעבור|העבר|הבא|שיר|מוזיקה|next|track|1565
1566	שיר הבא 1566	next track 1566	0	MEDIA_NEXT	הבא|שיר|מוזיקה|next|track|1566
1567	תעביר לשיר הקודם 1567	previous track 1567	0	MEDIA_PREV	תעביר|העבר|קודם|הקודם|שיר|מוזיקה|previous|track|1567
1568	נגן מוזיקה 1568	play 1568	0	MEDIA_PLAY	נגן|נגינה|מוזיקה|שיר|play|1568
1569	השהה מוזיקה 1569	pause 1569	0	MEDIA_PAUSE	השהה|מוזיקה|שיר|pause|1569
1570	עצור מוזיקה 1570	stop 1570	0	MEDIA_STOP	עצור|הפסק|מוזיקה|שיר|stop|1570
1571	תגביה שמע 1571	increase volume 1571	0	VOL_UP	תגביה|תגביהה|הגבהה|תגביר|תעלה|תרים|הגבר|שמע|קול|מוזיקה|שיר|volume|louder|1571
1572	תנמיך שמע 1572	decrease volume 1572	0	VOL_DOWN	תנמיך|הנמכה|תוריד|תקטין|הנמך|קול|שמע|מוזיקה|שיר|volume|quieter|1572
1573	השתק שמע 1573	mute 1573	0	MUTE	השתק|השתקה|שקט|בלי קול|mute|1573
1574	בטל השתקה 1574	unmute 1574	0	UNMUTE	בטל|השתק|unmute|1574
1575	תעביר לשיר הבא 1575	next track 1575	0	MEDIA_NEXT	תעביר|תעבור|העבר|הבא|שיר|מוזיקה|next|track|1575
1576	שיר הבא 1576	next track 1576	0	MEDIA_NEXT	הבא|שיר|מוזיקה|next|track|1576
1577	תעביר לשיר הקודם 1577	previous track 1577	0	MEDIA_PREV	תעביר|העבר|קודם|הקודם|שיר|מוזיקה|previous|track|1577
1578	נגן מוזיקה 1578	play 1578	0	MEDIA_PLAY	נגן|נגינה|מוזיקה|שיר|play|1578
1579	השהה מוזיקה 1579	pause 1579	0	MEDIA_PAUSE	השהה|מוזיקה|שיר|pause|1579
1580	עצור מוזיקה 1580	stop 1580	0	MEDIA_STOP	עצור|הפסק|מוזיקה|שיר|stop|1580
1581	תגביה שמע 1581	increase volume 1581	0	VOL_UP	תגביה|תגביהה|הגבהה|תגביר|תעלה|תרים|הגבר|שמע|קול|מוזיקה|שיר|volume|louder|1581
1582	תנמיך שמע 1582	decrease volume 1582	0	VOL_DOWN	תנמיך|הנמכה|תוריד|תקטין|הנמך|קול|שמע|מוזיקה|שיר|volume|quieter|1582
1583	השתק שמע 1583	mute 1583	0	MUTE	השתק|השתקה|שקט|בלי קול|mute|1583
1584	בטל השתקה 1584	unmute 1584	0	UNMUTE	בטל|השתק|unmute|1584
1585	תעביר לשיר הבא 1585	next track 1585	0	MEDIA_NEXT	תעביר|תעבור|העבר|הבא|שיר|מוזיקה|next|track|1585
1586	שיר הבא 1586	next track 1586	0	MEDIA_NEXT	הבא|שיר|מוזיקה|next|track|1586
1587	תעביר לשיר הקודם 1587	previous track 1587	0	MEDIA_PREV	תעביר|העבר|קודם|הקודם|שיר|מוזיקה|previous|track|1587
1588	נגן מוזיקה 1588	play 1588	0	MEDIA_PLAY	נגן|נגינה|מוזיקה|שיר|play|1588
1589	השהה מוזיקה 1589	pause 1589	0	MEDIA_PAUSE	השהה|מוזיקה|שיר|pause|1589
1590	עצור מוזיקה 1590	stop 1590	0	MEDIA_STOP	עצור|הפסק|מוזיקה|שיר|stop|1590
1591	תגביה שמע 1591	increase volume 1591	0	VOL_UP	תגביה|תגביהה|הגבהה|תגביר|תעלה|תרים|הגבר|שמע|קול|מוזיקה|שיר|volume|louder|1591
1592	תנמיך שמע 1592	decrease volume 1592	0	VOL_DOWN	תנמיך|הנמכה|תוריד|תקטין|הנמך|קול|שמע|מוזיקה|שיר|volume|quieter|1592
1593	השתק שמע 1593	mute 1593	0	MUTE	השתק|השתקה|שקט|בלי קול|mute|1593
1594	בטל השתקה 1594	unmute 1594	0	UNMUTE	בטל|השתק|unmute|1594
1595	תעביר לשיר הבא 1595	next track 1595	0	MEDIA_NEXT	תעביר|תעבור|העבר|הבא|שיר|מוזיקה|next|track|1595
1596	שיר הבא 1596	next track 1596	0	MEDIA_NEXT	הבא|שיר|מוזיקה|next|track|1596
1597	תעביר לשיר הקודם 1597	previous track 1597	0	MEDIA_PREV	תעביר|העבר|קודם|הקודם|שיר|מוזיקה|previous|track|1597
1598	נגן מוזיקה 1598	play 1598	0	MEDIA_PLAY	נגן|נגינה|מוזיקה|שיר|play|1598
1599	השהה מוזיקה 1599	pause 1599	0	MEDIA_PAUSE	השהה|מוזיקה|שיר|pause|1599
1600	עצור מוזיקה 1600	stop 1600	0	MEDIA_STOP	עצור|הפסק|מוזיקה|שיר|stop|1600
1601	תגביה שמע 1601	increase volume 1601	0	VOL_UP	תגביה|תגביהה|הגבהה|תגביר|תעלה|תרים|הגבר|שמע|קול|מוזיקה|שיר|volume|louder|1601
1602	תנמיך שמע 1602	decrease volume 1602	0	VOL_DOWN	תנמיך|הנמכה|תוריד|תקטין|הנמך|קול|שמע|מוזיקה|שיר|volume|quieter|1602
1603	השתק שמע 1603	mute 1603	0	MUTE	השתק|השתקה|שקט|בלי קול|mute|1603
1604	בטל השתקה 1604	unmute 1604	0	UNMUTE	בטל|השתק|unmute|1604
1605	תעביר לשיר הבא 1605	next track 1605	0	MEDIA_NEXT	תעביר|תעבור|העבר|הבא|שיר|מוזיקה|next|track|1605
1606	שיר הבא 1606	next track 1606	0	MEDIA_NEXT	הבא|שיר|מוזיקה|next|track|1606
1607	תעביר לשיר הקודם 1607	previous track 1607	0	MEDIA_PREV	תעביר|העבר|קודם|הקודם|שיר|מוזיקה|previous|track|1607
1608	נגן מוזיקה 1608	play 1608	0	MEDIA_PLAY	נגן|נגינה|מוזיקה|שיר|play|1608
1609	השהה מוזיקה 1609	pause 1609	0	MEDIA_PAUSE	השהה|מוזיקה|שיר|pause|1609
1610	עצור מוזיקה 1610	stop 1610	0	MEDIA_STOP	עצור|הפסק|מוזיקה|שיר|stop|1610
1611	תגביה שמע 1611	increase volume 1611	0	VOL_UP	תגביה|תגביהה|הגבהה|תגביר|תעלה|תרים|הגבר|שמע|קול|מוזיקה|שיר|volume|louder|1611
1612	תנמיך שמע 1612	decrease volume 1612	0	VOL_DOWN	תנמיך|הנמכה|תוריד|תקטין|הנמך|קול|שמע|מוזיקה|שיר|volume|quieter|1612
1613	השתק שמע 1613	mute 1613	0	MUTE	השתק|השתקה|שקט|בלי קול|mute|1613
1614	בטל השתקה 1614	unmute 1614	0	UNMUTE	בטל|השתק|unmute|1614
1615	תעביר לשיר הבא 1615	next track 1615	0	MEDIA_NEXT	תעביר|תעבור|העבר|הבא|שיר|מוזיקה|next|track|1615
1616	שיר הבא 1616	next track 1616	0	MEDIA_NEXT	הבא|שיר|מוזיקה|next|track|1616
1617	תעביר לשיר הקודם 1617	previous track 1617	0	MEDIA_PREV	תעביר|העבר|קודם|הקודם|שיר|מוזיקה|previous|track|1617
1618	נגן מוזיקה 1618	play 1618	0	MEDIA_PLAY	נגן|נגינה|מוזיקה|שיר|play|1618
1619	השהה מוזיקה 1619	pause 1619	0	MEDIA_PAUSE	השהה|מוזיקה|שיר|pause|1619
1620	עצור מוזיקה 1620	stop 1620	0	MEDIA_STOP	עצור|הפסק|מוזיקה|שיר|stop|1620
1621	תגביה שמע 1621	increase volume 1621	0	VOL_UP	תגביה|תגביהה|הגבהה|תגביר|תעלה|תרים|הגבר|שמע|קול|מוזיקה|שיר|volume|louder|1621
1622	תנמיך שמע 1622	decrease volume 1622	0	VOL_DOWN	תנמיך|הנמכה|תוריד|תקטין|הנמך|קול|שמע|מוזיקה|שיר|volume|quieter|1622
1623	השתק שמע 1623	mute 1623	0	MUTE	השתק|השתקה|שקט|בלי קול|mute|1623
1624	בטל השתקה 1624	unmute 1624	0	UNMUTE	בטל|השתק|unmute|1624
1625	תעביר לשיר הבא 1625	next track 1625	0	MEDIA_NEXT	תעביר|תעבור|העבר|הבא|שיר|מוזיקה|next|track|1625
1626	שיר הבא 1626	next track 1626	0	MEDIA_NEXT	הבא|שיר|מוזיקה|next|track|1626
1627	תעביר לשיר הקודם 1627	previous track 1627	0	MEDIA_PREV	תעביר|העבר|קודם|הקודם|שיר|מוזיקה|previous|track|1627
1628	נגן מוזיקה 1628	play 1628	0	MEDIA_PLAY	נגן|נגינה|מוזיקה|שיר|play|1628
1629	השהה מוזיקה 1629	pause 1629	0	MEDIA_PAUSE	השהה|מוזיקה|שיר|pause|1629
1630	עצור מוזיקה 1630	stop 1630	0	MEDIA_STOP	עצור|הפסק|מוזיקה|שיר|stop|1630
1631	תגביה שמע 1631	increase volume 1631	0	VOL_UP	תגביה|תגביהה|הגבהה|תגביר|תעלה|תרים|הגבר|שמע|קול|מוזיקה|שיר|volume|louder|1631
1632	תנמיך שמע 1632	decrease volume 1632	0	VOL_DOWN	תנמיך|הנמכה|תוריד|תקטין|הנמך|קול|שמע|מוזיקה|שיר|volume|quieter|1632
1633	השתק שמע 1633	mute 1633	0	MUTE	השתק|השתקה|שקט|בלי קול|mute|1633
1634	בטל השתקה 1634	unmute 1634	0	UNMUTE	בטל|השתק|unmute|1634
1635	תעביר לשיר הבא 1635	next track 1635	0	MEDIA_NEXT	תעביר|תעבור|העבר|הבא|שיר|מוזיקה|next|track|1635
1636	שיר הבא 1636	next track 1636	0	MEDIA_NEXT	הבא|שיר|מוזיקה|next|track|1636
1637	תעביר לשיר הקודם 1637	previous track 1637	0	MEDIA_PREV	תעביר|העבר|קודם|הקודם|שיר|מוזיקה|previous|track|1637
1638	נגן מוזיקה 1638	play 1638	0	MEDIA_PLAY	נגן|נגינה|מוזיקה|שיר|play|1638
1639	השהה מוזיקה 1639	pause 1639	0	MEDIA_PAUSE	השהה|מוזיקה|שיר|pause|1639
1640	עצור מוזיקה 1640	stop 1640	0	MEDIA_STOP	עצור|הפסק|מוזיקה|שיר|stop|1640
1641	תגביה שמע 1641	increase volume 1641	0	VOL_UP	תגביה|תגביהה|הגבהה|תגביר|תעלה|תרים|הגבר|שמע|קול|מוזיקה|שיר|volume|louder|1641
1642	תנמיך שמע 1642	decrease volume 1642	0	VOL_DOWN	תנמיך|הנמכה|תוריד|תקטין|הנמך|קול|שמע|מוזיקה|שיר|volume|quieter|1642
1643	השתק שמע 1643	mute 1643	0	MUTE	השתק|השתקה|שקט|בלי קול|mute|1643
1644	בטל השתקה 1644	unmute 1644	0	UNMUTE	בטל|השתק|unmute|1644
1645	תעביר לשיר הבא 1645	next track 1645	0	MEDIA_NEXT	תעביר|תעבור|העבר|הבא|שיר|מוזיקה|next|track|1645
1646	שיר הבא 1646	next track 1646	0	MEDIA_NEXT	הבא|שיר|מוזיקה|next|track|1646
1647	תעביר לשיר הקודם 1647	previous track 1647	0	MEDIA_PREV	תעביר|העבר|קודם|הקודם|שיר|מוזיקה|previous|track|1647
1648	נגן מוזיקה 1648	play 1648	0	MEDIA_PLAY	נגן|נגינה|מוזיקה|שיר|play|1648
1649	השהה מוזיקה 1649	pause 1649	0	MEDIA_PAUSE	השהה|מוזיקה|שיר|pause|1649
1650	עצור מוזיקה 1650	stop 1650	0	MEDIA_STOP	עצור|הפסק|מוזיקה|שיר|stop|1650
1651	תגביה שמע 1651	increase volume 1651	0	VOL_UP	תגביה|תגביהה|הגבהה|תגביר|תעלה|תרים|הגבר|שמע|קול|מוזיקה|שיר|volume|louder|1651
1652	תנמיך שמע 1652	decrease volume 1652	0	VOL_DOWN	תנמיך|הנמכה|תוריד|תקטין|הנמך|קול|שמע|מוזיקה|שיר|volume|quieter|1652
1653	השתק שמע 1653	mute 1653	0	MUTE	השתק|השתקה|שקט|בלי קול|mute|1653
1654	בטל השתקה 1654	unmute 1654	0	UNMUTE	בטל|השתק|unmute|1654
1655	תעביר לשיר הבא 1655	next track 1655	0	MEDIA_NEXT	תעביר|תעבור|העבר|הבא|שיר|מוזיקה|next|track|1655
1656	שיר הבא 1656	next track 1656	0	MEDIA_NEXT	הבא|שיר|מוזיקה|next|track|1656
1657	תעביר לשיר הקודם 1657	previous track 1657	0	MEDIA_PREV	תעביר|העבר|קודם|הקודם|שיר|מוזיקה|previous|track|1657
1658	נגן מוזיקה 1658	play 1658	0	MEDIA_PLAY	נגן|נגינה|מוזיקה|שיר|play|1658
1659	השהה מוזיקה 1659	pause 1659	0	MEDIA_PAUSE	השהה|מוזיקה|שיר|pause|1659
1660	עצור מוזיקה 1660	stop 1660	0	MEDIA_STOP	עצור|הפסק|מוזיקה|שיר|stop|1660
1661	תגביה שמע 1661	increase volume 1661	0	VOL_UP	תגביה|תגביהה|הגבהה|תגביר|תעלה|תרים|הגבר|שמע|קול|מוזיקה|שיר|volume|louder|1661
1662	תנמיך שמע 1662	decrease volume 1662	0	VOL_DOWN	תנמיך|הנמכה|תוריד|תקטין|הנמך|קול|שמע|מוזיקה|שיר|volume|quieter|1662
1663	השתק שמע 1663	mute 1663	0	MUTE	השתק|השתקה|שקט|בלי קול|mute|1663
1664	בטל השתקה 1664	unmute 1664	0	UNMUTE	בטל|השתק|unmute|1664
1665	תעביר לשיר הבא 1665	next track 1665	0	MEDIA_NEXT	תעביר|תעבור|העבר|הבא|שיר|מוזיקה|next|track|1665
1666	שיר הבא 1666	next track 1666	0	MEDIA_NEXT	הבא|שיר|מוזיקה|next|track|1666
1667	תעביר לשיר הקודם 1667	previous track 1667	0	MEDIA_PREV	תעביר|העבר|קודם|הקודם|שיר|מוזיקה|previous|track|1667
1668	נגן מוזיקה 1668	play 1668	0	MEDIA_PLAY	נגן|נגינה|מוזיקה|שיר|play|1668
1669	השהה מוזיקה 1669	pause 1669	0	MEDIA_PAUSE	השהה|מוזיקה|שיר|pause|1669
1670	עצור מוזיקה 1670	stop 1670	0	MEDIA_STOP	עצור|הפסק|מוזיקה|שיר|stop|1670
1671	תגביה שמע 1671	increase volume 1671	0	VOL_UP	תגביה|תגביהה|הגבהה|תגביר|תעלה|תרים|הגבר|שמע|קול|מוזיקה|שיר|volume|louder|1671
1672	תנמיך שמע 1672	decrease volume 1672	0	VOL_DOWN	תנמיך|הנמכה|תוריד|תקטין|הנמך|קול|שמע|מוזיקה|שיר|volume|quieter|1672
1673	השתק שמע 1673	mute 1673	0	MUTE	השתק|השתקה|שקט|בלי קול|mute|1673
1674	בטל השתקה 1674	unmute 1674	0	UNMUTE	בטל|השתק|unmute|1674
1675	תעביר לשיר הבא 1675	next track 1675	0	MEDIA_NEXT	תעביר|תעבור|העבר|הבא|שיר|מוזיקה|next|track|1675
1676	שיר הבא 1676	next track 1676	0	MEDIA_NEXT	הבא|שיר|מוזיקה|next|track|1676
1677	תעביר לשיר הקודם 1677	previous track 1677	0	MEDIA_PREV	תעביר|העבר|קודם|הקודם|שיר|מוזיקה|previous|track|1677
1678	נגן מוזיקה 1678	play 1678	0	MEDIA_PLAY	נגן|נגינה|מוזיקה|שיר|play|1678
1679	השהה מוזיקה 1679	pause 1679	0	MEDIA_PAUSE	השהה|מוזיקה|שיר|pause|1679
1680	עצור מוזיקה 1680	stop 1680	0	MEDIA_STOP	עצור|הפסק|מוזיקה|שיר|stop|1680
1681	תגביה שמע 1681	increase volume 1681	0	VOL_UP	תגביה|תגביהה|הגבהה|תגביר|תעלה|תרים|הגבר|שמע|קול|מוזיקה|שיר|volume|louder|1681
1682	תנמיך שמע 1682	decrease volume 1682	0	VOL_DOWN	תנמיך|הנמכה|תוריד|תקטין|הנמך|קול|שמע|מוזיקה|שיר|volume|quieter|1682
1683	השתק שמע 1683	mute 1683	0	MUTE	השתק|השתקה|שקט|בלי קול|mute|1683
1684	בטל השתקה 1684	unmute 1684	0	UNMUTE	בטל|השתק|unmute|1684
1685	תעביר לשיר הבא 1685	next track 1685	0	MEDIA_NEXT	תעביר|תעבור|העבר|הבא|שיר|מוזיקה|next|track|1685
1686	שיר הבא 1686	next track 1686	0	MEDIA_NEXT	הבא|שיר|מוזיקה|next|track|1686
1687	תעביר לשיר הקודם 1687	previous track 1687	0	MEDIA_PREV	תעביר|העבר|קודם|הקודם|שיר|מוזיקה|previous|track|1687
1688	נגן מוזיקה 1688	play 1688	0	MEDIA_PLAY	נגן|נגינה|מוזיקה|שיר|play|1688
1689	השהה מוזיקה 1689	pause 1689	0	MEDIA_PAUSE	השהה|מוזיקה|שיר|pause|1689
1690	עצור מוזיקה 1690	stop 1690	0	MEDIA_STOP	עצור|הפסק|מוזיקה|שיר|stop|1690
1691	תגביה שמע 1691	increase volume 1691	0	VOL_UP	תגביה|תגביהה|הגבהה|תגביר|תעלה|תרים|הגבר|שמע|קול|מוזיקה|שיר|volume|louder|1691
1692	תנמיך שמע 1692	decrease volume 1692	0	VOL_DOWN	תנמיך|הנמכה|תוריד|תקטין|הנמך|קול|שמע|מוזיקה|שיר|volume|quieter|1692
1693	השתק שמע 1693	mute 1693	0	MUTE	השתק|השתקה|שקט|בלי קול|mute|1693
1694	בטל השתקה 1694	unmute 1694	0	UNMUTE	בטל|השתק|unmute|1694
1695	תעביר לשיר הבא 1695	next track 1695	0	MEDIA_NEXT	תעביר|תעבור|העבר|הבא|שיר|מוזיקה|next|track|1695
1696	שיר הבא 1696	next track 1696	0	MEDIA_NEXT	הבא|שיר|מוזיקה|next|track|1696
1697	תעביר לשיר הקודם 1697	previous track 1697	0	MEDIA_PREV	תעביר|העבר|קודם|הקודם|שיר|מוזיקה|previous|track|1697
1698	נגן מוזיקה 1698	play 1698	0	MEDIA_PLAY	נגן|נגינה|מוזיקה|שיר|play|1698
1699	השהה מוזיקה 1699	pause 1699	0	MEDIA_PAUSE	השהה|מוזיקה|שיר|pause|1699
1700	עצור מוזיקה 1700	stop 1700	0	MEDIA_STOP	עצור|הפסק|מוזיקה|שיר|stop|1700
1701	תגביה שמע 1701	increase volume 1701	0	VOL_UP	תגביה|תגביהה|הגבהה|תגביר|תעלה|תרים|הגבר|שמע|קול|מוזיקה|שיר|volume|louder|1701
1702	תנמיך שמע 1702	decrease volume 1702	0	VOL_DOWN	תנמיך|הנמכה|תוריד|תקטין|הנמך|קול|שמע|מוזיקה|שיר|volume|quieter|1702
1703	השתק שמע 1703	mute 1703	0	MUTE	השתק|השתקה|שקט|בלי קול|mute|1703
1704	בטל השתקה 1704	unmute 1704	0	UNMUTE	בטל|השתק|unmute|1704
1705	תעביר לשיר הבא 1705	next track 1705	0	MEDIA_NEXT	תעביר|תעבור|העבר|הבא|שיר|מוזיקה|next|track|1705
1706	שיר הבא 1706	next track 1706	0	MEDIA_NEXT	הבא|שיר|מוזיקה|next|track|1706
1707	תעביר לשיר הקודם 1707	previous track 1707	0	MEDIA_PREV	תעביר|העבר|קודם|הקודם|שיר|מוזיקה|previous|track|1707
1708	נגן מוזיקה 1708	play 1708	0	MEDIA_PLAY	נגן|נגינה|מוזיקה|שיר|play|1708
1709	השהה מוזיקה 1709	pause 1709	0	MEDIA_PAUSE	השהה|מוזיקה|שיר|pause|1709
1710	עצור מוזיקה 1710	stop 1710	0	MEDIA_STOP	עצור|הפסק|מוזיקה|שיר|stop|1710
1711	תגביה שמע 1711	increase volume 1711	0	VOL_UP	תגביה|תגביהה|הגבהה|תגביר|תעלה|תרים|הגבר|שמע|קול|מוזיקה|שיר|volume|louder|1711
1712	תנמיך שמע 1712	decrease volume 1712	0	VOL_DOWN	תנמיך|הנמכה|תוריד|תקטין|הנמך|קול|שמע|מוזיקה|שיר|volume|quieter|1712
1713	השתק שמע 1713	mute 1713	0	MUTE	השתק|השתקה|שקט|בלי קול|mute|1713
1714	בטל השתקה 1714	unmute 1714	0	UNMUTE	בטל|השתק|unmute|1714
1715	תעביר לשיר הבא 1715	next track 1715	0	MEDIA_NEXT	תעביר|תעבור|העבר|הבא|שיר|מוזיקה|next|track|1715
1716	שיר הבא 1716	next track 1716	0	MEDIA_NEXT	הבא|שיר|מוזיקה|next|track|1716
1717	תעביר לשיר הקודם 1717	previous track 1717	0	MEDIA_PREV	תעביר|העבר|קודם|הקודם|שיר|מוזיקה|previous|track|1717
1718	נגן מוזיקה 1718	play 1718	0	MEDIA_PLAY	נגן|נגינה|מוזיקה|שיר|play|1718
1719	השהה מוזיקה 1719	pause 1719	0	MEDIA_PAUSE	השהה|מוזיקה|שיר|pause|1719
1720	עצור מוזיקה 1720	stop 1720	0	MEDIA_STOP	עצור|הפסק|מוזיקה|שיר|stop|1720
1721	תגביה שמע 1721	increase volume 1721	0	VOL_UP	תגביה|תגביהה|הגבהה|תגביר|תעלה|תרים|הגבר|שמע|קול|מוזיקה|שיר|volume|louder|1721
1722	תנמיך שמע 1722	decrease volume 1722	0	VOL_DOWN	תנמיך|הנמכה|תוריד|תקטין|הנמך|קול|שמע|מוזיקה|שיר|volume|quieter|1722
1723	השתק שמע 1723	mute 1723	0	MUTE	השתק|השתקה|שקט|בלי קול|mute|1723
1724	בטל השתקה 1724	unmute 1724	0	UNMUTE	בטל|השתק|unmute|1724
1725	תעביר לשיר הבא 1725	next track 1725	0	MEDIA_NEXT	תעביר|תעבור|העבר|הבא|שיר|מוזיקה|next|track|1725
1726	שיר הבא 1726	next track 1726	0	MEDIA_NEXT	הבא|שיר|מוזיקה|next|track|1726
1727	תעביר לשיר הקודם 1727	previous track 1727	0	MEDIA_PREV	תעביר|העבר|קודם|הקודם|שיר|מוזיקה|previous|track|1727
1728	נגן מוזיקה 1728	play 1728	0	MEDIA_PLAY	נגן|נגינה|מוזיקה|שיר|play|1728
1729	השהה מוזיקה 1729	pause 1729	0	MEDIA_PAUSE	השהה|מוזיקה|שיר|pause|1729
1730	עצור מוזיקה 1730	stop 1730	0	MEDIA_STOP	עצור|הפסק|מוזיקה|שיר|stop|1730
1731	תגביה שמע 1731	increase volume 1731	0	VOL_UP	תגביה|תגביהה|הגבהה|תגביר|תעלה|תרים|הגבר|שמע|קול|מוזיקה|שיר|volume|louder|1731
1732	תנמיך שמע 1732	decrease volume 1732	0	VOL_DOWN	תנמיך|הנמכה|תוריד|תקטין|הנמך|קול|שמע|מוזיקה|שיר|volume|quieter|1732
1733	השתק שמע 1733	mute 1733	0	MUTE	השתק|השתקה|שקט|בלי קול|mute|1733
1734	בטל השתקה 1734	unmute 1734	0	UNMUTE	בטל|השתק|unmute|1734
1735	תעביר לשיר הבא 1735	next track 1735	0	MEDIA_NEXT	תעביר|תעבור|העבר|הבא|שיר|מוזיקה|next|track|1735
1736	שיר הבא 1736	next track 1736	0	MEDIA_NEXT	הבא|שיר|מוזיקה|next|track|1736
1737	תעביר לשיר הקודם 1737	previous track 1737	0	MEDIA_PREV	תעביר|העבר|קודם|הקודם|שיר|מוזיקה|previous|track|1737
1738	נגן מוזיקה 1738	play 1738	0	MEDIA_PLAY	נגן|נגינה|מוזיקה|שיר|play|1738
1739	השהה מוזיקה 1739	pause 1739	0	MEDIA_PAUSE	השהה|מוזיקה|שיר|pause|1739
1740	עצור מוזיקה 1740	stop 1740	0	MEDIA_STOP	עצור|הפסק|מוזיקה|שיר|stop|1740
1741	תגביה שמע 1741	increase volume 1741	0	VOL_UP	תגביה|תגביהה|הגבהה|תגביר|תעלה|תרים|הגבר|שמע|קול|מוזיקה|שיר|volume|louder|1741
1742	תנמיך שמע 1742	decrease volume 1742	0	VOL_DOWN	תנמיך|הנמכה|תוריד|תקטין|הנמך|קול|שמע|מוזיקה|שיר|volume|quieter|1742
1743	השתק שמע 1743	mute 1743	0	MUTE	השתק|השתקה|שקט|בלי קול|mute|1743
1744	בטל השתקה 1744	unmute 1744	0	UNMUTE	בטל|השתק|unmute|1744
1745	תעביר לשיר הבא 1745	next track 1745	0	MEDIA_NEXT	תעביר|תעבור|העבר|הבא|שיר|מוזיקה|next|track|1745
1746	שיר הבא 1746	next track 1746	0	MEDIA_NEXT	הבא|שיר|מוזיקה|next|track|1746
1747	תעביר לשיר הקודם 1747	previous track 1747	0	MEDIA_PREV	תעביר|העבר|קודם|הקודם|שיר|מוזיקה|previous|track|1747
1748	נגן מוזיקה 1748	play 1748	0	MEDIA_PLAY	נגן|נגינה|מוזיקה|שיר|play|1748
1749	השהה מוזיקה 1749	pause 1749	0	MEDIA_PAUSE	השהה|מוזיקה|שיר|pause|1749
1750	עצור מוזיקה 1750	stop 1750	0	MEDIA_STOP	עצור|הפסק|מוזיקה|שיר|stop|1750
1751	תגביה שמע 1751	increase volume 1751	0	VOL_UP	תגביה|תגביהה|הגבהה|תגביר|תעלה|תרים|הגבר|שמע|קול|מוזיקה|שיר|volume|louder|1751
1752	תנמיך שמע 1752	decrease volume 1752	0	VOL_DOWN	תנמיך|הנמכה|תוריד|תקטין|הנמך|קול|שמע|מוזיקה|שיר|volume|quieter|1752
1753	השתק שמע 1753	mute 1753	0	MUTE	השתק|השתקה|שקט|בלי קול|mute|1753
1754	בטל השתקה 1754	unmute 1754	0	UNMUTE	בטל|השתק|unmute|1754
1755	תעביר לשיר הבא 1755	next track 1755	0	MEDIA_NEXT	תעביר|תעבור|העבר|הבא|שיר|מוזיקה|next|track|1755
1756	שיר הבא 1756	next track 1756	0	MEDIA_NEXT	הבא|שיר|מוזיקה|next|track|1756
1757	תעביר לשיר הקודם 1757	previous track 1757	0	MEDIA_PREV	תעביר|העבר|קודם|הקודם|שיר|מוזיקה|previous|track|1757
1758	נגן מוזיקה 1758	play 1758	0	MEDIA_PLAY	נגן|נגינה|מוזיקה|שיר|play|1758
1759	השהה מוזיקה 1759	pause 1759	0	MEDIA_PAUSE	השהה|מוזיקה|שיר|pause|1759
1760	עצור מוזיקה 1760	stop 1760	0	MEDIA_STOP	עצור|הפסק|מוזיקה|שיר|stop|1760
1761	תגביה שמע 1761	increase volume 1761	0	VOL_UP	תגביה|תגביהה|הגבהה|תגביר|תעלה|תרים|הגבר|שמע|קול|מוזיקה|שיר|volume|louder|1761
1762	תנמיך שמע 1762	decrease volume 1762	0	VOL_DOWN	תנמיך|הנמכה|תוריד|תקטין|הנמך|קול|שמע|מוזיקה|שיר|volume|quieter|1762
1763	השתק שמע 1763	mute 1763	0	MUTE	השתק|השתקה|שקט|בלי קול|mute|1763
1764	בטל השתקה 1764	unmute 1764	0	UNMUTE	בטל|השתק|unmute|1764
1765	תעביר לשיר הבא 1765	next track 1765	0	MEDIA_NEXT	תעביר|תעבור|העבר|הבא|שיר|מוזיקה|next|track|1765
1766	שיר הבא 1766	next track 1766	0	MEDIA_NEXT	הבא|שיר|מוזיקה|next|track|1766
1767	תעביר לשיר הקודם 1767	previous track 1767	0	MEDIA_PREV	תעביר|העבר|קודם|הקודם|שיר|מוזיקה|previous|track|1767
1768	נגן מוזיקה 1768	play 1768	0	MEDIA_PLAY	נגן|נגינה|מוזיקה|שיר|play|1768
1769	השהה מוזיקה 1769	pause 1769	0	MEDIA_PAUSE	השהה|מוזיקה|שיר|pause|1769
1770	עצור מוזיקה 1770	stop 1770	0	MEDIA_STOP	עצור|הפסק|מוזיקה|שיר|stop|1770
1771	תגביה שמע 1771	increase volume 1771	0	VOL_UP	תגביה|תגביהה|הגבהה|תגביר|תעלה|תרים|הגבר|שמע|קול|מוזיקה|שיר|volume|louder|1771
1772	תנמיך שמע 1772	decrease volume 1772	0	VOL_DOWN	תנמיך|הנמכה|תוריד|תקטין|הנמך|קול|שמע|מוזיקה|שיר|volume|quieter|1772
1773	השתק שמע 1773	mute 1773	0	MUTE	השתק|השתקה|שקט|בלי קול|mute|1773
1774	בטל השתקה 1774	unmute 1774	0	UNMUTE	בטל|השתק|unmute|1774
1775	תעביר לשיר הבא 1775	next track 1775	0	MEDIA_NEXT	תעביר|תעבור|העבר|הבא|שיר|מוזיקה|next|track|1775
1776	שיר הבא 1776	next track 1776	0	MEDIA_NEXT	הבא|שיר|מוזיקה|next|track|1776
1777	תעביר לשיר הקודם 1777	previous track 1777	0	MEDIA_PREV	תעביר|העבר|קודם|הקודם|שיר|מוזיקה|previous|track|1777
1778	נגן מוזיקה 1778	play 1778	0	MEDIA_PLAY	נגן|נגינה|מוזיקה|שיר|play|1778
1779	השהה מוזיקה 1779	pause 1779	0	MEDIA_PAUSE	השהה|מוזיקה|שיר|pause|1779
1780	עצור מוזיקה 1780	stop 1780	0	MEDIA_STOP	עצור|הפסק|מוזיקה|שיר|stop|1780
1781	תגביה שמע 1781	increase volume 1781	0	VOL_UP	תגביה|תגביהה|הגבהה|תגביר|תעלה|תרים|הגבר|שמע|קול|מוזיקה|שיר|volume|louder|1781
1782	תנמיך שמע 1782	decrease volume 1782	0	VOL_DOWN	תנמיך|הנמכה|תוריד|תקטין|הנמך|קול|שמע|מוזיקה|שיר|volume|quieter|1782
1783	השתק שמע 1783	mute 1783	0	MUTE	השתק|השתקה|שקט|בלי קול|mute|1783
1784	בטל השתקה 1784	unmute 1784	0	UNMUTE	בטל|השתק|unmute|1784
1785	תעביר לשיר הבא 1785	next track 1785	0	MEDIA_NEXT	תעביר|תעבור|העבר|הבא|שיר|מוזיקה|next|track|1785
1786	שיר הבא 1786	next track 1786	0	MEDIA_NEXT	הבא|שיר|מוזיקה|next|track|1786
1787	תעביר לשיר הקודם 1787	previous track 1787	0	MEDIA_PREV	תעביר|העבר|קודם|הקודם|שיר|מוזיקה|previous|track|1787
1788	נגן מוזיקה 1788	play 1788	0	MEDIA_PLAY	נגן|נגינה|מוזיקה|שיר|play|1788
1789	השהה מוזיקה 1789	pause 1789	0	MEDIA_PAUSE	השהה|מוזיקה|שיר|pause|1789
1790	עצור מוזיקה 1790	stop 1790	0	MEDIA_STOP	עצור|הפסק|מוזיקה|שיר|stop|1790
1791	תגביה שמע 1791	increase volume 1791	0	VOL_UP	תגביה|תגביהה|הגבהה|תגביר|תעלה|תרים|הגבר|שמע|קול|מוזיקה|שיר|volume|louder|1791
1792	תנמיך שמע 1792	decrease volume 1792	0	VOL_DOWN	תנמיך|הנמכה|תוריד|תקטין|הנמך|קול|שמע|מוזיקה|שיר|volume|quieter|1792
1793	השתק שמע 1793	mute 1793	0	MUTE	השתק|השתקה|שקט|בלי קול|mute|1793
1794	בטל השתקה 1794	unmute 1794	0	UNMUTE	בטל|השתק|unmute|1794
1795	תעביר לשיר הבא 1795	next track 1795	0	MEDIA_NEXT	תעביר|תעבור|העבר|הבא|שיר|מוזיקה|next|track|1795
1796	שיר הבא 1796	next track 1796	0	MEDIA_NEXT	הבא|שיר|מוזיקה|next|track|1796
1797	תעביר לשיר הקודם 1797	previous track 1797	0	MEDIA_PREV	תעביר|העבר|קודם|הקודם|שיר|מוזיקה|previous|track|1797
1798	נגן מוזיקה 1798	play 1798	0	MEDIA_PLAY	נגן|נגינה|מוזיקה|שיר|play|1798
1799	השהה מוזיקה 1799	pause 1799	0	MEDIA_PAUSE	השהה|מוזיקה|שיר|pause|1799
1800	עצור מוזיקה 1800	stop 1800	0	MEDIA_STOP	עצור|הפסק|מוזיקה|שיר|stop|1800
1801	תגביה שמע 1801	increase volume 1801	0	VOL_UP	תגביה|תגביהה|הגבהה|תגביר|תעלה|תרים|הגבר|שמע|קול|מוזיקה|שיר|volume|louder|1801
1802	תנמיך שמע 1802	decrease volume 1802	0	VOL_DOWN	תנמיך|הנמכה|תוריד|תקטין|הנמך|קול|שמע|מוזיקה|שיר|volume|quieter|1802
1803	השתק שמע 1803	mute 1803	0	MUTE	השתק|השתקה|שקט|בלי קול|mute|1803
1804	בטל השתקה 1804	unmute 1804	0	UNMUTE	בטל|השתק|unmute|1804
1805	תעביר לשיר הבא 1805	next track 1805	0	MEDIA_NEXT	תעביר|תעבור|העבר|הבא|שיר|מוזיקה|next|track|1805
1806	שיר הבא 1806	next track 1806	0	MEDIA_NEXT	הבא|שיר|מוזיקה|next|track|1806
1807	תעביר לשיר הקודם 1807	previous track 1807	0	MEDIA_PREV	תעביר|העבר|קודם|הקודם|שיר|מוזיקה|previous|track|1807
1808	נגן מוזיקה 1808	play 1808	0	MEDIA_PLAY	נגן|נגינה|מוזיקה|שיר|play|1808
1809	השהה מוזיקה 1809	pause 1809	0	MEDIA_PAUSE	השהה|מוזיקה|שיר|pause|1809
1810	עצור מוזיקה 1810	stop 1810	0	MEDIA_STOP	עצור|הפסק|מוזיקה|שיר|stop|1810
1811	תגביה שמע 1811	increase volume 1811	0	VOL_UP	תגביה|תגביהה|הגבהה|תגביר|תעלה|תרים|הגבר|שמע|קול|מוזיקה|שיר|volume|louder|1811
1812	תנמיך שמע 1812	decrease volume 1812	0	VOL_DOWN	תנמיך|הנמכה|תוריד|תקטין|הנמך|קול|שמע|מוזיקה|שיר|volume|quieter|1812
1813	השתק שמע 1813	mute 1813	0	MUTE	השתק|השתקה|שקט|בלי קול|mute|1813
1814	בטל השתקה 1814	unmute 1814	0	UNMUTE	בטל|השתק|unmute|1814
1815	תעביר לשיר הבא 1815	next track 1815	0	MEDIA_NEXT	תעביר|תעבור|העבר|הבא|שיר|מוזיקה|next|track|1815
1816	שיר הבא 1816	next track 1816	0	MEDIA_NEXT	הבא|שיר|מוזיקה|next|track|1816
1817	תעביר לשיר הקודם 1817	previous track 1817	0	MEDIA_PREV	תעביר|העבר|קודם|הקודם|שיר|מוזיקה|previous|track|1817
1818	נגן מוזיקה 1818	play 1818	0	MEDIA_PLAY	נגן|נגינה|מוזיקה|שיר|play|1818
1819	השהה מוזיקה 1819	pause 1819	0	MEDIA_PAUSE	השהה|מוזיקה|שיר|pause|1819
1820	עצור מוזיקה 1820	stop 1820	0	MEDIA_STOP	עצור|הפסק|מוזיקה|שיר|stop|1820
1821	תגביה שמע 1821	increase volume 1821	0	VOL_UP	תגביה|תגביהה|הגבהה|תגביר|תעלה|תרים|הגבר|שמע|קול|מוזיקה|שיר|volume|louder|1821
1822	תנמיך שמע 1822	decrease volume 1822	0	VOL_DOWN	תנמיך|הנמכה|תוריד|תקטין|הנמך|קול|שמע|מוזיקה|שיר|volume|quieter|1822
1823	השתק שמע 1823	mute 1823	0	MUTE	השתק|השתקה|שקט|בלי קול|mute|1823
1824	בטל השתקה 1824	unmute 1824	0	UNMUTE	בטל|השתק|unmute|1824
1825	תעביר לשיר הבא 1825	next track 1825	0	MEDIA_NEXT	תעביר|תעבור|העבר|הבא|שיר|מוזיקה|next|track|1825
1826	שיר הבא 1826	next track 1826	0	MEDIA_NEXT	הבא|שיר|מוזיקה|next|track|1826
1827	תעביר לשיר הקודם 1827	previous track 1827	0	MEDIA_PREV	תעביר|העבר|קודם|הקודם|שיר|מוזיקה|previous|track|1827
1828	נגן מוזיקה 1828	play 1828	0	MEDIA_PLAY	נגן|נגינה|מוזיקה|שיר|play|1828
1829	השהה מוזיקה 1829	pause 1829	0	MEDIA_PAUSE	השהה|מוזיקה|שיר|pause|1829
1830	עצור מוזיקה 1830	stop 1830	0	MEDIA_STOP	עצור|הפסק|מוזיקה|שיר|stop|1830
1831	תגביה שמע 1831	increase volume 1831	0	VOL_UP	תגביה|תגביהה|הגבהה|תגביר|תעלה|תרים|הגבר|שמע|קול|מוזיקה|שיר|volume|louder|1831
1832	תנמיך שמע 1832	decrease volume 1832	0	VOL_DOWN	תנמיך|הנמכה|תוריד|תקטין|הנמך|קול|שמע|מוזיקה|שיר|volume|quieter|1832
1833	השתק שמע 1833	mute 1833	0	MUTE	השתק|השתקה|שקט|בלי קול|mute|1833
1834	בטל השתקה 1834	unmute 1834	0	UNMUTE	בטל|השתק|unmute|1834
1835	תעביר לשיר הבא 1835	next track 1835	0	MEDIA_NEXT	תעביר|תעבור|העבר|הבא|שיר|מוזיקה|next|track|1835
1836	שיר הבא 1836	next track 1836	0	MEDIA_NEXT	הבא|שיר|מוזיקה|next|track|1836
1837	תעביר לשיר הקודם 1837	previous track 1837	0	MEDIA_PREV	תעביר|העבר|קודם|הקודם|שיר|מוזיקה|previous|track|1837
1838	נגן מוזיקה 1838	play 1838	0	MEDIA_PLAY	נגן|נגינה|מוזיקה|שיר|play|1838
1839	השהה מוזיקה 1839	pause 1839	0	MEDIA_PAUSE	השהה|מוזיקה|שיר|pause|1839
1840	עצור מוזיקה 1840	stop 1840	0	MEDIA_STOP	עצור|הפסק|מוזיקה|שיר|stop|1840
1841	תגביה שמע 1841	increase volume 1841	0	VOL_UP	תגביה|תגביהה|הגבהה|תגביר|תעלה|תרים|הגבר|שמע|קול|מוזיקה|שיר|volume|louder|1841
1842	תנמיך שמע 1842	decrease volume 1842	0	VOL_DOWN	תנמיך|הנמכה|תוריד|תקטין|הנמך|קול|שמע|מוזיקה|שיר|volume|quieter|1842
1843	השתק שמע 1843	mute 1843	0	MUTE	השתק|השתקה|שקט|בלי קול|mute|1843
1844	בטל השתקה 1844	unmute 1844	0	UNMUTE	בטל|השתק|unmute|1844
1845	תעביר לשיר הבא 1845	next track 1845	0	MEDIA_NEXT	תעביר|תעבור|העבר|הבא|שיר|מוזיקה|next|track|1845
1846	שיר הבא 1846	next track 1846	0	MEDIA_NEXT	הבא|שיר|מוזיקה|next|track|1846
1847	תעביר לשיר הקודם 1847	previous track 1847	0	MEDIA_PREV	תעביר|העבר|קודם|הקודם|שיר|מוזיקה|previous|track|1847
1848	נגן מוזיקה 1848	play 1848	0	MEDIA_PLAY	נגן|נגינה|מוזיקה|שיר|play|1848
1849	השהה מוזיקה 1849	pause 1849	0	MEDIA_PAUSE	השהה|מוזיקה|שיר|pause|1849
1850	עצור מוזיקה 1850	stop 1850	0	MEDIA_STOP	עצור|הפסק|מוזיקה|שיר|stop|1850
1851	תגביה שמע 1851	increase volume 1851	0	VOL_UP	תגביה|תגביהה|הגבהה|תגביר|תעלה|תרים|הגבר|שמע|קול|מוזיקה|שיר|volume|louder|1851
1852	תנמיך שמע 1852	decrease volume 1852	0	VOL_DOWN	תנמיך|הנמכה|תוריד|תקטין|הנמך|קול|שמע|מוזיקה|שיר|volume|quieter|1852
1853	השתק שמע 1853	mute 1853	0	MUTE	השתק|השתקה|שקט|בלי קול|mute|1853
1854	בטל השתקה 1854	unmute 1854	0	UNMUTE	בטל|השתק|unmute|1854
1855	תעביר לשיר הבא 1855	next track 1855	0	MEDIA_NEXT	תעביר|תעבור|העבר|הבא|שיר|מוזיקה|next|track|1855
1856	שיר הבא 1856	next track 1856	0	MEDIA_NEXT	הבא|שיר|מוזיקה|next|track|1856
1857	תעביר לשיר הקודם 1857	previous track 1857	0	MEDIA_PREV	תעביר|העבר|קודם|הקודם|שיר|מוזיקה|previous|track|1857
1858	נגן מוזיקה 1858	play 1858	0	MEDIA_PLAY	נגן|נגינה|מוזיקה|שיר|play|1858
1859	השהה מוזיקה 1859	pause 1859	0	MEDIA_PAUSE	השהה|מוזיקה|שיר|pause|1859
1860	עצור מוזיקה 1860	stop 1860	0	MEDIA_STOP	עצור|הפסק|מוזיקה|שיר|stop|1860
1861	תגביה שמע 1861	increase volume 1861	0	VOL_UP	תגביה|תגביהה|הגבהה|תגביר|תעלה|תרים|הגבר|שמע|קול|מוזיקה|שיר|volume|louder|1861
1862	תנמיך שמע 1862	decrease volume 1862	0	VOL_DOWN	תנמיך|הנמכה|תוריד|תקטין|הנמך|קול|שמע|מוזיקה|שיר|volume|quieter|1862
1863	השתק שמע 1863	mute 1863	0	MUTE	השתק|השתקה|שקט|בלי קול|mute|1863
1864	בטל השתקה 1864	unmute 1864	0	UNMUTE	בטל|השתק|unmute|1864
1865	תעביר לשיר הבא 1865	next track 1865	0	MEDIA_NEXT	תעביר|תעבור|העבר|הבא|שיר|מוזיקה|next|track|1865
1866	שיר הבא 1866	next track 1866	0	MEDIA_NEXT	הבא|שיר|מוזיקה|next|track|1866
1867	תעביר לשיר הקודם 1867	previous track 1867	0	MEDIA_PREV	תעביר|העבר|קודם|הקודם|שיר|מוזיקה|previous|track|1867
1868	נגן מוזיקה 1868	play 1868	0	MEDIA_PLAY	נגן|נגינה|מוזיקה|שיר|play|1868
1869	השהה מוזיקה 1869	pause 1869	0	MEDIA_PAUSE	השהה|מוזיקה|שיר|pause|1869
1870	עצור מוזיקה 1870	stop 1870	0	MEDIA_STOP	עצור|הפסק|מוזיקה|שיר|stop|1870
1871	תגביה שמע 1871	increase volume 1871	0	VOL_UP	תגביה|תגביהה|הגבהה|תגביר|תעלה|תרים|הגבר|שמע|קול|מוזיקה|שיר|volume|louder|1871
1872	תנמיך שמע 1872	decrease volume 1872	0	VOL_DOWN	תנמיך|הנמכה|תוריד|תקטין|הנמך|קול|שמע|מוזיקה|שיר|volume|quieter|1872
1873	השתק שמע 1873	mute 1873	0	MUTE	השתק|השתקה|שקט|בלי קול|mute|1873
1874	בטל השתקה 1874	unmute 1874	0	UNMUTE	בטל|השתק|unmute|1874
1875	תעביר לשיר הבא 1875	next track 1875	0	MEDIA_NEXT	תעביר|תעבור|העבר|הבא|שיר|מוזיקה|next|track|1875
1876	שיר הבא 1876	next track 1876	0	MEDIA_NEXT	הבא|שיר|מוזיקה|next|track|1876
1877	תעביר לשיר הקודם 1877	previous track 1877	0	MEDIA_PREV	תעביר|העבר|קודם|הקודם|שיר|מוזיקה|previous|track|1877
1878	נגן מוזיקה 1878	play 1878	0	MEDIA_PLAY	נגן|נגינה|מוזיקה|שיר|play|1878
1879	השהה מוזיקה 1879	pause 1879	0	MEDIA_PAUSE	השהה|מוזיקה|שיר|pause|1879
1880	עצור מוזיקה 1880	stop 1880	0	MEDIA_STOP	עצור|הפסק|מוזיקה|שיר|stop|1880
1881	תגביה שמע 1881	increase volume 1881	0	VOL_UP	תגביה|תגביהה|הגבהה|תגביר|תעלה|תרים|הגבר|שמע|קול|מוזיקה|שיר|volume|louder|1881
1882	תנמיך שמע 1882	decrease volume 1882	0	VOL_DOWN	תנמיך|הנמכה|תוריד|תקטין|הנמך|קול|שמע|מוזיקה|שיר|volume|quieter|1882
1883	השתק שמע 1883	mute 1883	0	MUTE	השתק|השתקה|שקט|בלי קול|mute|1883
1884	בטל השתקה 1884	unmute 1884	0	UNMUTE	בטל|השתק|unmute|1884
1885	תעביר לשיר הבא 1885	next track 1885	0	MEDIA_NEXT	תעביר|תעבור|העבר|הבא|שיר|מוזיקה|next|track|1885
1886	שיר הבא 1886	next track 1886	0	MEDIA_NEXT	הבא|שיר|מוזיקה|next|track|1886
1887	תעביר לשיר הקודם 1887	previous track 1887	0	MEDIA_PREV	תעביר|העבר|קודם|הקודם|שיר|מוזיקה|previous|track|1887
1888	נגן מוזיקה 1888	play 1888	0	MEDIA_PLAY	נגן|נגינה|מוזיקה|שיר|play|1888
1889	השהה מוזיקה 1889	pause 1889	0	MEDIA_PAUSE	השהה|מוזיקה|שיר|pause|1889
1890	עצור מוזיקה 1890	stop 1890	0	MEDIA_STOP	עצור|הפסק|מוזיקה|שיר|stop|1890
1891	תגביה שמע 1891	increase volume 1891	0	VOL_UP	תגביה|תגביהה|הגבהה|תגביר|תעלה|תרים|הגבר|שמע|קול|מוזיקה|שיר|volume|louder|1891
1892	תנמיך שמע 1892	decrease volume 1892	0	VOL_DOWN	תנמיך|הנמכה|תוריד|תקטין|הנמך|קול|שמע|מוזיקה|שיר|volume|quieter|1892
1893	השתק שמע 1893	mute 1893	0	MUTE	השתק|השתקה|שקט|בלי קול|mute|1893
1894	בטל השתקה 1894	unmute 1894	0	UNMUTE	בטל|השתק|unmute|1894
1895	תעביר לשיר הבא 1895	next track 1895	0	MEDIA_NEXT	תעביר|תעבור|העבר|הבא|שיר|מוזיקה|next|track|1895
1896	שיר הבא 1896	next track 1896	0	MEDIA_NEXT	הבא|שיר|מוזיקה|next|track|1896
1897	תעביר לשיר הקודם 1897	previous track 1897	0	MEDIA_PREV	תעביר|העבר|קודם|הקודם|שיר|מוזיקה|previous|track|1897
1898	נגן מוזיקה 1898	play 1898	0	MEDIA_PLAY	נגן|נגינה|מוזיקה|שיר|play|1898
1899	השהה מוזיקה 1899	pause 1899	0	MEDIA_PAUSE	השהה|מוזיקה|שיר|pause|1899
1900	עצור מוזיקה 1900	stop 1900	0	MEDIA_STOP	עצור|הפסק|מוזיקה|שיר|stop|1900
1901	תגביה שמע 1901	increase volume 1901	0	VOL_UP	תגביה|תגביהה|הגבהה|תגביר|תעלה|תרים|הגבר|שמע|קול|מוזיקה|שיר|volume|louder|1901
1902	תנמיך שמע 1902	decrease volume 1902	0	VOL_DOWN	תנמיך|הנמכה|תוריד|תקטין|הנמך|קול|שמע|מוזיקה|שיר|volume|quieter|1902
1903	השתק שמע 1903	mute 1903	0	MUTE	השתק|השתקה|שקט|בלי קול|mute|1903
1904	בטל השתקה 1904	unmute 1904	0	UNMUTE	בטל|השתק|unmute|1904
1905	תעביר לשיר הבא 1905	next track 1905	0	MEDIA_NEXT	תעביר|תעבור|העבר|הבא|שיר|מוזיקה|next|track|1905
1906	שיר הבא 1906	next track 1906	0	MEDIA_NEXT	הבא|שיר|מוזיקה|next|track|1906
1907	תעביר לשיר הקודם 1907	previous track 1907	0	MEDIA_PREV	תעביר|העבר|קודם|הקודם|שיר|מוזיקה|previous|track|1907
1908	נגן מוזיקה 1908	play 1908	0	MEDIA_PLAY	נגן|נגינה|מוזיקה|שיר|play|1908
1909	השהה מוזיקה 1909	pause 1909	0	MEDIA_PAUSE	השהה|מוזיקה|שיר|pause|1909
1910	עצור מוזיקה 1910	stop 1910	0	MEDIA_STOP	עצור|הפסק|מוזיקה|שיר|stop|1910
1911	תגביה שמע 1911	increase volume 1911	0	VOL_UP	תגביה|תגביהה|הגבהה|תגביר|תעלה|תרים|הגבר|שמע|קול|מוזיקה|שיר|volume|louder|1911
1912	תנמיך שמע 1912	decrease volume 1912	0	VOL_DOWN	תנמיך|הנמכה|תוריד|תקטין|הנמך|קול|שמע|מוזיקה|שיר|volume|quieter|1912
1913	השתק שמע 1913	mute 1913	0	MUTE	השתק|השתקה|שקט|בלי קול|mute|1913
1914	בטל השתקה 1914	unmute 1914	0	UNMUTE	בטל|השתק|unmute|1914
1915	תעביר לשיר הבא 1915	next track 1915	0	MEDIA_NEXT	תעביר|תעבור|העבר|הבא|שיר|מוזיקה|next|track|1915
1916	שיר הבא 1916	next track 1916	0	MEDIA_NEXT	הבא|שיר|מוזיקה|next|track|1916
1917	תעביר לשיר הקודם 1917	previous track 1917	0	MEDIA_PREV	תעביר|העבר|קודם|הקודם|שיר|מוזיקה|previous|track|1917
1918	נגן מוזיקה 1918	play 1918	0	MEDIA_PLAY	נגן|נגינה|מוזיקה|שיר|play|1918
1919	השהה מוזיקה 1919	pause 1919	0	MEDIA_PAUSE	השהה|מוזיקה|שיר|pause|1919
1920	עצור מוזיקה 1920	stop 1920	0	MEDIA_STOP	עצור|הפסק|מוזיקה|שיר|stop|1920
1921	תגביה שמע 1921	increase volume 1921	0	VOL_UP	תגביה|תגביהה|הגבהה|תגביר|תעלה|תרים|הגבר|שמע|קול|מוזיקה|שיר|volume|louder|1921
1922	תנמיך שמע 1922	decrease volume 1922	0	VOL_DOWN	תנמיך|הנמכה|תוריד|תקטין|הנמך|קול|שמע|מוזיקה|שיר|volume|quieter|1922
1923	השתק שמע 1923	mute 1923	0	MUTE	השתק|השתקה|שקט|בלי קול|mute|1923
1924	בטל השתקה 1924	unmute 1924	0	UNMUTE	בטל|השתק|unmute|1924
1925	תעביר לשיר הבא 1925	next track 1925	0	MEDIA_NEXT	תעביר|תעבור|העבר|הבא|שיר|מוזיקה|next|track|1925
1926	שיר הבא 1926	next track 1926	0	MEDIA_NEXT	הבא|שיר|מוזיקה|next|track|1926
1927	תעביר לשיר הקודם 1927	previous track 1927	0	MEDIA_PREV	תעביר|העבר|קודם|הקודם|שיר|מוזיקה|previous|track|1927
1928	נגן מוזיקה 1928	play 1928	0	MEDIA_PLAY	נגן|נגינה|מוזיקה|שיר|play|1928
1929	השהה מוזיקה 1929	pause 1929	0	MEDIA_PAUSE	השהה|מוזיקה|שיר|pause|1929
1930	עצור מוזיקה 1930	stop 1930	0	MEDIA_STOP	עצור|הפסק|מוזיקה|שיר|stop|1930
1931	תגביה שמע 1931	increase volume 1931	0	VOL_UP	תגביה|תגביהה|הגבהה|תגביר|תעלה|תרים|הגבר|שמע|קול|מוזיקה|שיר|volume|louder|1931
1932	תנמיך שמע 1932	decrease volume 1932	0	VOL_DOWN	תנמיך|הנמכה|תוריד|תקטין|הנמך|קול|שמע|מוזיקה|שיר|volume|quieter|1932
1933	השתק שמע 1933	mute 1933	0	MUTE	השתק|השתקה|שקט|בלי קול|mute|1933
1934	בטל השתקה 1934	unmute 1934	0	UNMUTE	בטל|השתק|unmute|1934
1935	תעביר לשיר הבא 1935	next track 1935	0	MEDIA_NEXT	תעביר|תעבור|העבר|הבא|שיר|מוזיקה|next|track|1935
1936	שיר הבא 1936	next track 1936	0	MEDIA_NEXT	הבא|שיר|מוזיקה|next|track|1936
1937	תעביר לשיר הקודם 1937	previous track 1937	0	MEDIA_PREV	תעביר|העבר|קודם|הקודם|שיר|מוזיקה|previous|track|1937
1938	נגן מוזיקה 1938	play 1938	0	MEDIA_PLAY	נגן|נגינה|מוזיקה|שיר|play|1938
1939	השהה מוזיקה 1939	pause 1939	0	MEDIA_PAUSE	השהה|מוזיקה|שיר|pause|1939
1940	עצור מוזיקה 1940	stop 1940	0	MEDIA_STOP	עצור|הפסק|מוזיקה|שיר|stop|1940
1941	תגביה שמע 1941	increase volume 1941	0	VOL_UP	תגביה|תגביהה|הגבהה|תגביר|תעלה|תרים|הגבר|שמע|קול|מוזיקה|שיר|volume|louder|1941
1942	תנמיך שמע 1942	decrease volume 1942	0	VOL_DOWN	תנמיך|הנמכה|תוריד|תקטין|הנמך|קול|שמע|מוזיקה|שיר|volume|quieter|1942
1943	השתק שמע 1943	mute 1943	0	MUTE	השתק|השתקה|שקט|בלי קול|mute|1943
1944	בטל השתקה 1944	unmute 1944	0	UNMUTE	בטל|השתק|unmute|1944
1945	תעביר לשיר הבא 1945	next track 1945	0	MEDIA_NEXT	תעביר|תעבור|העבר|הבא|שיר|מוזיקה|next|track|1945
1946	שיר הבא 1946	next track 1946	0	MEDIA_NEXT	הבא|שיר|מוזיקה|next|track|1946
1947	תעביר לשיר הקודם 1947	previous track 1947	0	MEDIA_PREV	תעביר|העבר|קודם|הקודם|שיר|מוזיקה|previous|track|1947
1948	נגן מוזיקה 1948	play 1948	0	MEDIA_PLAY	נגן|נגינה|מוזיקה|שיר|play|1948
1949	השהה מוזיקה 1949	pause 1949	0	MEDIA_PAUSE	השהה|מוזיקה|שיר|pause|1949
1950	עצור מוזיקה 1950	stop 1950	0	MEDIA_STOP	עצור|הפסק|מוזיקה|שיר|stop|1950
1951	תגביה שמע 1951	increase volume 1951	0	VOL_UP	תגביה|תגביהה|הגבהה|תגביר|תעלה|תרים|הגבר|שמע|קול|מוזיקה|שיר|volume|louder|1951
1952	תנמיך שמע 1952	decrease volume 1952	0	VOL_DOWN	תנמיך|הנמכה|תוריד|תקטין|הנמך|קול|שמע|מוזיקה|שיר|volume|quieter|1952
1953	השתק שמע 1953	mute 1953	0	MUTE	השתק|השתקה|שקט|בלי קול|mute|1953
1954	בטל השתקה 1954	unmute 1954	0	UNMUTE	בטל|השתק|unmute|1954
1955	תעביר לשיר הבא 1955	next track 1955	0	MEDIA_NEXT	תעביר|תעבור|העבר|הבא|שיר|מוזיקה|next|track|1955
1956	שיר הבא 1956	next track 1956	0	MEDIA_NEXT	הבא|שיר|מוזיקה|next|track|1956
1957	תעביר לשיר הקודם 1957	previous track 1957	0	MEDIA_PREV	תעביר|העבר|קודם|הקודם|שיר|מוזיקה|previous|track|1957
1958	נגן מוזיקה 1958	play 1958	0	MEDIA_PLAY	נגן|נגינה|מוזיקה|שיר|play|1958
1959	השהה מוזיקה 1959	pause 1959	0	MEDIA_PAUSE	השהה|מוזיקה|שיר|pause|1959
1960	עצור מוזיקה 1960	stop 1960	0	MEDIA_STOP	עצור|הפסק|מוזיקה|שיר|stop|1960
1961	תגביה שמע 1961	increase volume 1961	0	VOL_UP	תגביה|תגביהה|הגבהה|תגביר|תעלה|תרים|הגבר|שמע|קול|מוזיקה|שיר|volume|louder|1961
1962	תנמיך שמע 1962	decrease volume 1962	0	VOL_DOWN	תנמיך|הנמכה|תוריד|תקטין|הנמך|קול|שמע|מוזיקה|שיר|volume|quieter|1962
1963	השתק שמע 1963	mute 1963	0	MUTE	השתק|השתקה|שקט|בלי קול|mute|1963
1964	בטל השתקה 1964	unmute 1964	0	UNMUTE	בטל|השתק|unmute|1964
1965	תעביר לשיר הבא 1965	next track 1965	0	MEDIA_NEXT	תעביר|תעבור|העבר|הבא|שיר|מוזיקה|next|track|1965
1966	שיר הבא 1966	next track 1966	0	MEDIA_NEXT	הבא|שיר|מוזיקה|next|track|1966
1967	תעביר לשיר הקודם 1967	previous track 1967	0	MEDIA_PREV	תעביר|העבר|קודם|הקודם|שיר|מוזיקה|previous|track|1967
1968	נגן מוזיקה 1968	play 1968	0	MEDIA_PLAY	נגן|נגינה|מוזיקה|שיר|play|1968
1969	השהה מוזיקה 1969	pause 1969	0	MEDIA_PAUSE	השהה|מוזיקה|שיר|pause|1969
1970	עצור מוזיקה 1970	stop 1970	0	MEDIA_STOP	עצור|הפסק|מוזיקה|שיר|stop|1970
1971	תגביה שמע 1971	increase volume 1971	0	VOL_UP	תגביה|תגביהה|הגבהה|תגביר|תעלה|תרים|הגבר|שמע|קול|מוזיקה|שיר|volume|louder|1971
1972	תנמיך שמע 1972	decrease volume 1972	0	VOL_DOWN	תנמיך|הנמכה|תוריד|תקטין|הנמך|קול|שמע|מוזיקה|שיר|volume|quieter|1972
1973	השתק שמע 1973	mute 1973	0	MUTE	השתק|השתקה|שקט|בלי קול|mute|1973
1974	בטל השתקה 1974	unmute 1974	0	UNMUTE	בטל|השתק|unmute|1974
1975	תעביר לשיר הבא 1975	next track 1975	0	MEDIA_NEXT	תעביר|תעבור|העבר|הבא|שיר|מוזיקה|next|track|1975
1976	שיר הבא 1976	next track 1976	0	MEDIA_NEXT	הבא|שיר|מוזיקה|next|track|1976
1977	תעביר לשיר הקודם 1977	previous track 1977	0	MEDIA_PREV	תעביר|העבר|קודם|הקודם|שיר|מוזיקה|previous|track|1977
1978	נגן מוזיקה 1978	play 1978	0	MEDIA_PLAY	נגן|נגינה|מוזיקה|שיר|play|1978
1979	השהה מוזיקה 1979	pause 1979	0	MEDIA_PAUSE	השהה|מוזיקה|שיר|pause|1979
1980	עצור מוזיקה 1980	stop 1980	0	MEDIA_STOP	עצור|הפסק|מוזיקה|שיר|stop|1980
1981	תגביה שמע 1981	increase volume 1981	0	VOL_UP	תגביה|תגביהה|הגבהה|תגביר|תעלה|תרים|הגבר|שמע|קול|מוזיקה|שיר|volume|louder|1981
1982	תנמיך שמע 1982	decrease volume 1982	0	VOL_DOWN	תנמיך|הנמכה|תוריד|תקטין|הנמך|קול|שמע|מוזיקה|שיר|volume|quieter|1982
1983	השתק שמע 1983	mute 1983	0	MUTE	השתק|השתקה|שקט|בלי קול|mute|1983
1984	בטל השתקה 1984	unmute 1984	0	UNMUTE	בטל|השתק|unmute|1984
1985	תעביר לשיר הבא 1985	next track 1985	0	MEDIA_NEXT	תעביר|תעבור|העבר|הבא|שיר|מוזיקה|next|track|1985
1986	שיר הבא 1986	next track 1986	0	MEDIA_NEXT	הבא|שיר|מוזיקה|next|track|1986
1987	תעביר לשיר הקודם 1987	previous track 1987	0	MEDIA_PREV	תעביר|העבר|קודם|הקודם|שיר|מוזיקה|previous|track|1987
1988	נגן מוזיקה 1988	play 1988	0	MEDIA_PLAY	נגן|נגינה|מוזיקה|שיר|play|1988
1989	השהה מוזיקה 1989	pause 1989	0	MEDIA_PAUSE	השהה|מוזיקה|שיר|pause|1989
1990	עצור מוזיקה 1990	stop 1990	0	MEDIA_STOP	עצור|הפסק|מוזיקה|שיר|stop|1990
1991	תגביה שמע 1991	increase volume 1991	0	VOL_UP	תגביה|תגביהה|הגבהה|תגביר|תעלה|תרים|הגבר|שמע|קול|מוזיקה|שיר|volume|louder|1991
1992	תנמיך שמע 1992	decrease volume 1992	0	VOL_DOWN	תנמיך|הנמכה|תוריד|תקטין|הנמך|קול|שמע|מוזיקה|שיר|volume|quieter|1992
1993	השתק שמע 1993	mute 1993	0	MUTE	השתק|השתקה|שקט|בלי קול|mute|1993
1994	בטל השתקה 1994	unmute 1994	0	UNMUTE	בטל|השתק|unmute|1994
1995	תעביר לשיר הבא 1995	next track 1995	0	MEDIA_NEXT	תעביר|תעבור|העבר|הבא|שיר|מוזיקה|next|track|1995
1996	שיר הבא 1996	next track 1996	0	MEDIA_NEXT	הבא|שיר|מוזיקה|next|track|1996
1997	תעביר לשיר הקודם 1997	previous track 1997	0	MEDIA_PREV	תעביר|העבר|קודם|הקודם|שיר|מוזיקה|previous|track|1997
1998	נגן מוזיקה 1998	play 1998	0	MEDIA_PLAY	נגן|נגינה|מוזיקה|שיר|play|1998
1999	השהה מוזיקה 1999	pause 1999	0	MEDIA_PAUSE	השהה|מוזיקה|שיר|pause|1999
2000	עצור מוזיקה 2000	stop 2000	0	MEDIA_STOP	עצור|הפסק|מוזיקה|שיר|stop|2000
2001	תגביה שמע 2001	increase volume 2001	0	VOL_UP	תגביה|תגביהה|הגבהה|תגביר|תעלה|תרים|הגבר|שמע|קול|מוזיקה|שיר|volume|louder|2001
2002	תנמיך שמע 2002	decrease volume 2002	0	VOL_DOWN	תנמיך|הנמכה|תוריד|תקטין|הנמך|קול|שמע|מוזיקה|שיר|volume|quieter|2002
2003	השתק שמע 2003	mute 2003	0	MUTE	השתק|השתקה|שקט|בלי קול|mute|2003
2004	בטל השתקה 2004	unmute 2004	0	UNMUTE	בטל|השתק|unmute|2004
2005	תעביר לשיר הבא 2005	next track 2005	0	MEDIA_NEXT	תעביר|תעבור|העבר|הבא|שיר|מוזיקה|next|track|2005
2006	שיר הבא 2006	next track 2006	0	MEDIA_NEXT	הבא|שיר|מוזיקה|next|track|2006
2007	תעביר לשיר הקודם 2007	previous track 2007	0	MEDIA_PREV	תעביר|העבר|קודם|הקודם|שיר|מוזיקה|previous|track|2007
2008	נגן מוזיקה 2008	play 2008	0	MEDIA_PLAY	נגן|נגינה|מוזיקה|שיר|play|2008
2009	השהה מוזיקה 2009	pause 2009	0	MEDIA_PAUSE	השהה|מוזיקה|שיר|pause|2009
2010	עצור מוזיקה 2010	stop 2010	0	MEDIA_STOP	עצור|הפסק|מוזיקה|שיר|stop|2010
2011	תגביה שמע 2011	increase volume 2011	0	VOL_UP	תגביה|תגביהה|הגבהה|תגביר|תעלה|תרים|הגבר|שמע|קול|מוזיקה|שיר|volume|louder|2011
2012	תנמיך שמע 2012	decrease volume 2012	0	VOL_DOWN	תנמיך|הנמכה|תוריד|תקטין|הנמך|קול|שמע|מוזיקה|שיר|volume|quieter|2012
2013	השתק שמע 2013	mute 2013	0	MUTE	השתק|השתקה|שקט|בלי קול|mute|2013
2014	בטל השתקה 2014	unmute 2014	0	UNMUTE	בטל|השתק|unmute|2014
2015	תעביר לשיר הבא 2015	next track 2015	0	MEDIA_NEXT	תעביר|תעבור|העבר|הבא|שיר|מוזיקה|next|track|2015
2016	שיר הבא 2016	next track 2016	0	MEDIA_NEXT	הבא|שיר|מוזיקה|next|track|2016
2017	תעביר לשיר הקודם 2017	previous track 2017	0	MEDIA_PREV	תעביר|העבר|קודם|הקודם|שיר|מוזיקה|previous|track|2017
2018	נגן מוזיקה 2018	play 2018	0	MEDIA_PLAY	נגן|נגינה|מוזיקה|שיר|play|2018
2019	השהה מוזיקה 2019	pause 2019	0	MEDIA_PAUSE	השהה|מוזיקה|שיר|pause|2019
2020	עצור מוזיקה 2020	stop 2020	0	MEDIA_STOP	עצור|הפסק|מוזיקה|שיר|stop|2020
2021	תגביה שמע 2021	increase volume 2021	0	VOL_UP	תגביה|תגביהה|הגבהה|תגביר|תעלה|תרים|הגבר|שמע|קול|מוזיקה|שיר|volume|louder|2021
2022	תנמיך שמע 2022	decrease volume 2022	0	VOL_DOWN	תנמיך|הנמכה|תוריד|תקטין|הנמך|קול|שמע|מוזיקה|שיר|volume|quieter|2022
2023	השתק שמע 2023	mute 2023	0	MUTE	השתק|השתקה|שקט|בלי קול|mute|2023
2024	בטל השתקה 2024	unmute 2024	0	UNMUTE	בטל|השתק|unmute|2024
2025	תעביר לשיר הבא 2025	next track 2025	0	MEDIA_NEXT	תעביר|תעבור|העבר|הבא|שיר|מוזיקה|next|track|2025
2026	שיר הבא 2026	next track 2026	0	MEDIA_NEXT	הבא|שיר|מוזיקה|next|track|2026
2027	תעביר לשיר הקודם 2027	previous track 2027	0	MEDIA_PREV	תעביר|העבר|קודם|הקודם|שיר|מוזיקה|previous|track|2027
2028	נגן מוזיקה 2028	play 2028	0	MEDIA_PLAY	נגן|נגינה|מוזיקה|שיר|play|2028
2029	השהה מוזיקה 2029	pause 2029	0	MEDIA_PAUSE	השהה|מוזיקה|שיר|pause|2029
2030	עצור מוזיקה 2030	stop 2030	0	MEDIA_STOP	עצור|הפסק|מוזיקה|שיר|stop|2030
2031	תגביה שמע 2031	increase volume 2031	0	VOL_UP	תגביה|תגביהה|הגבהה|תגביר|תעלה|תרים|הגבר|שמע|קול|מוזיקה|שיר|volume|louder|2031
2032	תנמיך שמע 2032	decrease volume 2032	0	VOL_DOWN	תנמיך|הנמכה|תוריד|תקטין|הנמך|קול|שמע|מוזיקה|שיר|volume|quieter|2032
2033	השתק שמע 2033	mute 2033	0	MUTE	השתק|השתקה|שקט|בלי קול|mute|2033
2034	בטל השתקה 2034	unmute 2034	0	UNMUTE	בטל|השתק|unmute|2034
2035	תעביר לשיר הבא 2035	next track 2035	0	MEDIA_NEXT	תעביר|תעבור|העבר|הבא|שיר|מוזיקה|next|track|2035
2036	שיר הבא 2036	next track 2036	0	MEDIA_NEXT	הבא|שיר|מוזיקה|next|track|2036
2037	תעביר לשיר הקודם 2037	previous track 2037	0	MEDIA_PREV	תעביר|העבר|קודם|הקודם|שיר|מוזיקה|previous|track|2037
2038	נגן מוזיקה 2038	play 2038	0	MEDIA_PLAY	נגן|נגינה|מוזיקה|שיר|play|2038
2039	השהה מוזיקה 2039	pause 2039	0	MEDIA_PAUSE	השהה|מוזיקה|שיר|pause|2039
2040	עצור מוזיקה 2040	stop 2040	0	MEDIA_STOP	עצור|הפסק|מוזיקה|שיר|stop|2040
2041	תגביה שמע 2041	increase volume 2041	0	VOL_UP	תגביה|תגביהה|הגבהה|תגביר|תעלה|תרים|הגבר|שמע|קול|מוזיקה|שיר|volume|louder|2041
2042	תנמיך שמע 2042	decrease volume 2042	0	VOL_DOWN	תנמיך|הנמכה|תוריד|תקטין|הנמך|קול|שמע|מוזיקה|שיר|volume|quieter|2042
2043	השתק שמע 2043	mute 2043	0	MUTE	השתק|השתקה|שקט|בלי קול|mute|2043
2044	בטל השתקה 2044	unmute 2044	0	UNMUTE	בטל|השתק|unmute|2044
2045	תעביר לשיר הבא 2045	next track 2045	0	MEDIA_NEXT	תעביר|תעבור|העבר|הבא|שיר|מוזיקה|next|track|2045
2046	שיר הבא 2046	next track 2046	0	MEDIA_NEXT	הבא|שיר|מוזיקה|next|track|2046
2047	תעביר לשיר הקודם 2047	previous track 2047	0	MEDIA_PREV	תעביר|העבר|קודם|הקודם|שיר|מוזיקה|previous|track|2047
2048	נגן מוזיקה 2048	play 2048	0	MEDIA_PLAY	נגן|נגינה|מוזיקה|שיר|play|2048
2049	השהה מוזיקה 2049	pause 2049	0	MEDIA_PAUSE	השהה|מוזיקה|שיר|pause|2049
2050	עצור מוזיקה 2050	stop 2050	0	MEDIA_STOP	עצור|הפסק|מוזיקה|שיר|stop|2050
2051	תגביה שמע 2051	increase volume 2051	0	VOL_UP	תגביה|תגביהה|הגבהה|תגביר|תעלה|תרים|הגבר|שמע|קול|מוזיקה|שיר|volume|louder|2051
2052	תנמיך שמע 2052	decrease volume 2052	0	VOL_DOWN	תנמיך|הנמכה|תוריד|תקטין|הנמך|קול|שמע|מוזיקה|שיר|volume|quieter|2052
2053	השתק שמע 2053	mute 2053	0	MUTE	השתק|השתקה|שקט|בלי קול|mute|2053
2054	בטל השתקה 2054	unmute 2054	0	UNMUTE	בטל|השתק|unmute|2054
2055	תעביר לשיר הבא 2055	next track 2055	0	MEDIA_NEXT	תעביר|תעבור|העבר|הבא|שיר|מוזיקה|next|track|2055
2056	שיר הבא 2056	next track 2056	0	MEDIA_NEXT	הבא|שיר|מוזיקה|next|track|2056
2057	תעביר לשיר הקודם 2057	previous track 2057	0	MEDIA_PREV	תעביר|העבר|קודם|הקודם|שיר|מוזיקה|previous|track|2057
2058	נגן מוזיקה 2058	play 2058	0	MEDIA_PLAY	נגן|נגינה|מוזיקה|שיר|play|2058
2059	השהה מוזיקה 2059	pause 2059	0	MEDIA_PAUSE	השהה|מוזיקה|שיר|pause|2059
2060	עצור מוזיקה 2060	stop 2060	0	MEDIA_STOP	עצור|הפסק|מוזיקה|שיר|stop|2060
2061	תגביה שמע 2061	increase volume 2061	0	VOL_UP	תגביה|תגביהה|הגבהה|תגביר|תעלה|תרים|הגבר|שמע|קול|מוזיקה|שיר|volume|louder|2061
2062	תנמיך שמע 2062	decrease volume 2062	0	VOL_DOWN	תנמיך|הנמכה|תוריד|תקטין|הנמך|קול|שמע|מוזיקה|שיר|volume|quieter|2062
2063	השתק שמע 2063	mute 2063	0	MUTE	השתק|השתקה|שקט|בלי קול|mute|2063
2064	בטל השתקה 2064	unmute 2064	0	UNMUTE	בטל|השתק|unmute|2064
2065	תעביר לשיר הבא 2065	next track 2065	0	MEDIA_NEXT	תעביר|תעבור|העבר|הבא|שיר|מוזיקה|next|track|2065
2066	שיר הבא 2066	next track 2066	0	MEDIA_NEXT	הבא|שיר|מוזיקה|next|track|2066
2067	תעביר לשיר הקודם 2067	previous track 2067	0	MEDIA_PREV	תעביר|העבר|קודם|הקודם|שיר|מוזיקה|previous|track|2067
2068	נגן מוזיקה 2068	play 2068	0	MEDIA_PLAY	נגן|נגינה|מוזיקה|שיר|play|2068
2069	השהה מוזיקה 2069	pause 2069	0	MEDIA_PAUSE	השהה|מוזיקה|שיר|pause|2069
2070	עצור מוזיקה 2070	stop 2070	0	MEDIA_STOP	עצור|הפסק|מוזיקה|שיר|stop|2070
2071	תגביה שמע 2071	increase volume 2071	0	VOL_UP	תגביה|תגביהה|הגבהה|תגביר|תעלה|תרים|הגבר|שמע|קול|מוזיקה|שיר|volume|louder|2071
2072	תנמיך שמע 2072	decrease volume 2072	0	VOL_DOWN	תנמיך|הנמכה|תוריד|תקטין|הנמך|קול|שמע|מוזיקה|שיר|volume|quieter|2072
2073	השתק שמע 2073	mute 2073	0	MUTE	השתק|השתקה|שקט|בלי קול|mute|2073
2074	בטל השתקה 2074	unmute 2074	0	UNMUTE	בטל|השתק|unmute|2074
2075	תעביר לשיר הבא 2075	next track 2075	0	MEDIA_NEXT	תעביר|תעבור|העבר|הבא|שיר|מוזיקה|next|track|2075
2076	שיר הבא 2076	next track 2076	0	MEDIA_NEXT	הבא|שיר|מוזיקה|next|track|2076
2077	תעביר לשיר הקודם 2077	previous track 2077	0	MEDIA_PREV	תעביר|העבר|קודם|הקודם|שיר|מוזיקה|previous|track|2077
2078	נגן מוזיקה 2078	play 2078	0	MEDIA_PLAY	נגן|נגינה|מוזיקה|שיר|play|2078
2079	השהה מוזיקה 2079	pause 2079	0	MEDIA_PAUSE	השהה|מוזיקה|שיר|pause|2079
2080	עצור מוזיקה 2080	stop 2080	0	MEDIA_STOP	עצור|הפסק|מוזיקה|שיר|stop|2080
2081	תגביה שמע 2081	increase volume 2081	0	VOL_UP	תגביה|תגביהה|הגבהה|תגביר|תעלה|תרים|הגבר|שמע|קול|מוזיקה|שיר|volume|louder|2081
2082	תנמיך שמע 2082	decrease volume 2082	0	VOL_DOWN	תנמיך|הנמכה|תוריד|תקטין|הנמך|קול|שמע|מוזיקה|שיר|volume|quieter|2082
2083	השתק שמע 2083	mute 2083	0	MUTE	השתק|השתקה|שקט|בלי קול|mute|2083
2084	בטל השתקה 2084	unmute 2084	0	UNMUTE	בטל|השתק|unmute|2084
2085	תעביר לשיר הבא 2085	next track 2085	0	MEDIA_NEXT	תעביר|תעבור|העבר|הבא|שיר|מוזיקה|next|track|2085
2086	שיר הבא 2086	next track 2086	0	MEDIA_NEXT	הבא|שיר|מוזיקה|next|track|2086
2087	תעביר לשיר הקודם 2087	previous track 2087	0	MEDIA_PREV	תעביר|העבר|קודם|הקודם|שיר|מוזיקה|previous|track|2087
2088	נגן מוזיקה 2088	play 2088	0	MEDIA_PLAY	נגן|נגינה|מוזיקה|שיר|play|2088
2089	השהה מוזיקה 2089	pause 2089	0	MEDIA_PAUSE	השהה|מוזיקה|שיר|pause|2089
2090	עצור מוזיקה 2090	stop 2090	0	MEDIA_STOP	עצור|הפסק|מוזיקה|שיר|stop|2090
2091	תגביה שמע 2091	increase volume 2091	0	VOL_UP	תגביה|תגביהה|הגבהה|תגביר|תעלה|תרים|הגבר|שמע|קול|מוזיקה|שיר|volume|louder|2091
2092	תנמיך שמע 2092	decrease volume 2092	0	VOL_DOWN	תנמיך|הנמכה|תוריד|תקטין|הנמך|קול|שמע|מוזיקה|שיר|volume|quieter|2092
2093	השתק שמע 2093	mute 2093	0	MUTE	השתק|השתקה|שקט|בלי קול|mute|2093
2094	בטל השתקה 2094	unmute 2094	0	UNMUTE	בטל|השתק|unmute|2094
2095	תעביר לשיר הבא 2095	next track 2095	0	MEDIA_NEXT	תעביר|תעבור|העבר|הבא|שיר|מוזיקה|next|track|2095
2096	שיר הבא 2096	next track 2096	0	MEDIA_NEXT	הבא|שיר|מוזיקה|next|track|2096
2097	תעביר לשיר הקודם 2097	previous track 2097	0	MEDIA_PREV	תעביר|העבר|קודם|הקודם|שיר|מוזיקה|previous|track|2097
2098	נגן מוזיקה 2098	play 2098	0	MEDIA_PLAY	נגן|נגינה|מוזיקה|שיר|play|2098
2099	השהה מוזיקה 2099	pause 2099	0	MEDIA_PAUSE	השהה|מוזיקה|שיר|pause|2099
2100	עצור מוזיקה 2100	stop 2100	0	MEDIA_STOP	עצור|הפסק|מוזיקה|שיר|stop|2100
2101	תגביה שמע 2101	increase volume 2101	0	VOL_UP	תגביה|תגביהה|הגבהה|תגביר|תעלה|תרים|הגבר|שמע|קול|מוזיקה|שיר|volume|louder|2101
2102	תנמיך שמע 2102	decrease volume 2102	0	VOL_DOWN	תנמיך|הנמכה|תוריד|תקטין|הנמך|קול|שמע|מוזיקה|שיר|volume|quieter|2102
2103	השתק שמע 2103	mute 2103	0	MUTE	השתק|השתקה|שקט|בלי קול|mute|2103
2104	בטל השתקה 2104	unmute 2104	0	UNMUTE	בטל|השתק|unmute|2104
2105	תעביר לשיר הבא 2105	next track 2105	0	MEDIA_NEXT	תעביר|תעבור|העבר|הבא|שיר|מוזיקה|next|track|2105
2106	שיר הבא 2106	next track 2106	0	MEDIA_NEXT	הבא|שיר|מוזיקה|next|track|2106
2107	תעביר לשיר הקודם 2107	previous track 2107	0	MEDIA_PREV	תעביר|העבר|קודם|הקודם|שיר|מוזיקה|previous|track|2107
2108	נגן מוזיקה 2108	play 2108	0	MEDIA_PLAY	נגן|נגינה|מוזיקה|שיר|play|2108
2109	השהה מוזיקה 2109	pause 2109	0	MEDIA_PAUSE	השהה|מוזיקה|שיר|pause|2109
2110	עצור מוזיקה 2110	stop 2110	0	MEDIA_STOP	עצור|הפסק|מוזיקה|שיר|stop|2110
2111	תגביה שמע 2111	increase volume 2111	0	VOL_UP	תגביה|תגביהה|הגבהה|תגביר|תעלה|תרים|הגבר|שמע|קול|מוזיקה|שיר|volume|louder|2111
2112	תנמיך שמע 2112	decrease volume 2112	0	VOL_DOWN	תנמיך|הנמכה|תוריד|תקטין|הנמך|קול|שמע|מוזיקה|שיר|volume|quieter|2112
2113	השתק שמע 2113	mute 2113	0	MUTE	השתק|השתקה|שקט|בלי קול|mute|2113
2114	בטל השתקה 2114	unmute 2114	0	UNMUTE	בטל|השתק|unmute|2114
2115	תעביר לשיר הבא 2115	next track 2115	0	MEDIA_NEXT	תעביר|תעבור|העבר|הבא|שיר|מוזיקה|next|track|2115
2116	שיר הבא 2116	next track 2116	0	MEDIA_NEXT	הבא|שיר|מוזיקה|next|track|2116
2117	תעביר לשיר הקודם 2117	previous track 2117	0	MEDIA_PREV	תעביר|העבר|קודם|הקודם|שיר|מוזיקה|previous|track|2117
2118	נגן מוזיקה 2118	play 2118	0	MEDIA_PLAY	נגן|נגינה|מוזיקה|שיר|play|2118
2119	השהה מוזיקה 2119	pause 2119	0	MEDIA_PAUSE	השהה|מוזיקה|שיר|pause|2119
2120	עצור מוזיקה 2120	stop 2120	0	MEDIA_STOP	עצור|הפסק|מוזיקה|שיר|stop|2120
2121	תגביה שמע 2121	increase volume 2121	0	VOL_UP	תגביה|תגביהה|הגבהה|תגביר|תעלה|תרים|הגבר|שמע|קול|מוזיקה|שיר|volume|louder|2121
2122	תנמיך שמע 2122	decrease volume 2122	0	VOL_DOWN	תנמיך|הנמכה|תוריד|תקטין|הנמך|קול|שמע|מוזיקה|שיר|volume|quieter|2122
2123	השתק שמע 2123	mute 2123	0	MUTE	השתק|השתקה|שקט|בלי קול|mute|2123
2124	בטל השתקה 2124	unmute 2124	0	UNMUTE	בטל|השתק|unmute|2124
2125	תעביר לשיר הבא 2125	next track 2125	0	MEDIA_NEXT	תעביר|תעבור|העבר|הבא|שיר|מוזיקה|next|track|2125
2126	שיר הבא 2126	next track 2126	0	MEDIA_NEXT	הבא|שיר|מוזיקה|next|track|2126
2127	תעביר לשיר הקודם 2127	previous track 2127	0	MEDIA_PREV	תעביר|העבר|קודם|הקודם|שיר|מוזיקה|previous|track|2127
2128	נגן מוזיקה 2128	play 2128	0	MEDIA_PLAY	נגן|נגינה|מוזיקה|שיר|play|2128
2129	השהה מוזיקה 2129	pause 2129	0	MEDIA_PAUSE	השהה|מוזיקה|שיר|pause|2129
2130	עצור מוזיקה 2130	stop 2130	0	MEDIA_STOP	עצור|הפסק|מוזיקה|שיר|stop|2130
2131	תגביה שמע 2131	increase volume 2131	0	VOL_UP	תגביה|תגביהה|הגבהה|תגביר|תעלה|תרים|הגבר|שמע|קול|מוזיקה|שיר|volume|louder|2131
2132	תנמיך שמע 2132	decrease volume 2132	0	VOL_DOWN	תנמיך|הנמכה|תוריד|תקטין|הנמך|קול|שמע|מוזיקה|שיר|volume|quieter|2132
2133	השתק שמע 2133	mute 2133	0	MUTE	השתק|השתקה|שקט|בלי קול|mute|2133
2134	בטל השתקה 2134	unmute 2134	0	UNMUTE	בטל|השתק|unmute|2134
2135	תעביר לשיר הבא 2135	next track 2135	0	MEDIA_NEXT	תעביר|תעבור|העבר|הבא|שיר|מוזיקה|next|track|2135
2136	שיר הבא 2136	next track 2136	0	MEDIA_NEXT	הבא|שיר|מוזיקה|next|track|2136
2137	תעביר לשיר הקודם 2137	previous track 2137	0	MEDIA_PREV	תעביר|העבר|קודם|הקודם|שיר|מוזיקה|previous|track|2137
2138	נגן מוזיקה 2138	play 2138	0	MEDIA_PLAY	נגן|נגינה|מוזיקה|שיר|play|2138
2139	השהה מוזיקה 2139	pause 2139	0	MEDIA_PAUSE	השהה|מוזיקה|שיר|pause|2139
2140	עצור מוזיקה 2140	stop 2140	0	MEDIA_STOP	עצור|הפסק|מוזיקה|שיר|stop|2140
2141	תגביה שמע 2141	increase volume 2141	0	VOL_UP	תגביה|תגביהה|הגבהה|תגביר|תעלה|תרים|הגבר|שמע|קול|מוזיקה|שיר|volume|louder|2141
2142	תנמיך שמע 2142	decrease volume 2142	0	VOL_DOWN	תנמיך|הנמכה|תוריד|תקטין|הנמך|קול|שמע|מוזיקה|שיר|volume|quieter|2142
2143	השתק שמע 2143	mute 2143	0	MUTE	השתק|השתקה|שקט|בלי קול|mute|2143
2144	בטל השתקה 2144	unmute 2144	0	UNMUTE	בטל|השתק|unmute|2144
2145	תעביר לשיר הבא 2145	next track 2145	0	MEDIA_NEXT	תעביר|תעבור|העבר|הבא|שיר|מוזיקה|next|track|2145
2146	שיר הבא 2146	next track 2146	0	MEDIA_NEXT	הבא|שיר|מוזיקה|next|track|2146
2147	תעביר לשיר הקודם 2147	previous track 2147	0	MEDIA_PREV	תעביר|העבר|קודם|הקודם|שיר|מוזיקה|previous|track|2147
2148	נגן מוזיקה 2148	play 2148	0	MEDIA_PLAY	נגן|נגינה|מוזיקה|שיר|play|2148
2149	השהה מוזיקה 2149	pause 2149	0	MEDIA_PAUSE	השהה|מוזיקה|שיר|pause|2149
2150	עצור מוזיקה 2150	stop 2150	0	MEDIA_STOP	עצור|הפסק|מוזיקה|שיר|stop|2150
2151	תגביה שמע 2151	increase volume 2151	0	VOL_UP	תגביה|תגביהה|הגבהה|תגביר|תעלה|תרים|הגבר|שמע|קול|מוזיקה|שיר|volume|louder|2151
2152	תנמיך שמע 2152	decrease volume 2152	0	VOL_DOWN	תנמיך|הנמכה|תוריד|תקטין|הנמך|קול|שמע|מוזיקה|שיר|volume|quieter|2152
2153	השתק שמע 2153	mute 2153	0	MUTE	השתק|השתקה|שקט|בלי קול|mute|2153
2154	בטל השתקה 2154	unmute 2154	0	UNMUTE	בטל|השתק|unmute|2154
2155	תעביר לשיר הבא 2155	next track 2155	0	MEDIA_NEXT	תעביר|תעבור|העבר|הבא|שיר|מוזיקה|next|track|2155
2156	שיר הבא 2156	next track 2156	0	MEDIA_NEXT	הבא|שיר|מוזיקה|next|track|2156
2157	תעביר לשיר הקודם 2157	previous track 2157	0	MEDIA_PREV	תעביר|העבר|קודם|הקודם|שיר|מוזיקה|previous|track|2157
2158	נגן מוזיקה 2158	play 2158	0	MEDIA_PLAY	נגן|נגינה|מוזיקה|שיר|play|2158
2159	השהה מוזיקה 2159	pause 2159	0	MEDIA_PAUSE	השהה|מוזיקה|שיר|pause|2159
2160	עצור מוזיקה 2160	stop 2160	0	MEDIA_STOP	עצור|הפסק|מוזיקה|שיר|stop|2160
2161	תגביה שמע 2161	increase volume 2161	0	VOL_UP	תגביה|תגביהה|הגבהה|תגביר|תעלה|תרים|הגבר|שמע|קול|מוזיקה|שיר|volume|louder|2161
2162	תנמיך שמע 2162	decrease volume 2162	0	VOL_DOWN	תנמיך|הנמכה|תוריד|תקטין|הנמך|קול|שמע|מוזיקה|שיר|volume|quieter|2162
2163	השתק שמע 2163	mute 2163	0	MUTE	השתק|השתקה|שקט|בלי קול|mute|2163
2164	בטל השתקה 2164	unmute 2164	0	UNMUTE	בטל|השתק|unmute|2164
2165	תעביר לשיר הבא 2165	next track 2165	0	MEDIA_NEXT	תעביר|תעבור|העבר|הבא|שיר|מוזיקה|next|track|2165
2166	שיר הבא 2166	next track 2166	0	MEDIA_NEXT	הבא|שיר|מוזיקה|next|track|2166
2167	תעביר לשיר הקודם 2167	previous track 2167	0	MEDIA_PREV	תעביר|העבר|קודם|הקודם|שיר|מוזיקה|previous|track|2167
2168	נגן מוזיקה 2168	play 2168	0	MEDIA_PLAY	נגן|נגינה|מוזיקה|שיר|play|2168
2169	השהה מוזיקה 2169	pause 2169	0	MEDIA_PAUSE	השהה|מוזיקה|שיר|pause|2169
2170	עצור מוזיקה 2170	stop 2170	0	MEDIA_STOP	עצור|הפסק|מוזיקה|שיר|stop|2170
2171	תגביה שמע 2171	increase volume 2171	0	VOL_UP	תגביה|תגביהה|הגבהה|תגביר|תעלה|תרים|הגבר|שמע|קול|מוזיקה|שיר|volume|louder|2171
2172	תנמיך שמע 2172	decrease volume 2172	0	VOL_DOWN	תנמיך|הנמכה|תוריד|תקטין|הנמך|קול|שמע|מוזיקה|שיר|volume|quieter|2172
2173	השתק שמע 2173	mute 2173	0	MUTE	השתק|השתקה|שקט|בלי קול|mute|2173
2174	בטל השתקה 2174	unmute 2174	0	UNMUTE	בטל|השתק|unmute|2174
2175	תעביר לשיר הבא 2175	next track 2175	0	MEDIA_NEXT	תעביר|תעבור|העבר|הבא|שיר|מוזיקה|next|track|2175
2176	שיר הבא 2176	next track 2176	0	MEDIA_NEXT	הבא|שיר|מוזיקה|next|track|2176
2177	תעביר לשיר הקודם 2177	previous track 2177	0	MEDIA_PREV	תעביר|העבר|קודם|הקודם|שיר|מוזיקה|previous|track|2177
2178	נגן מוזיקה 2178	play 2178	0	MEDIA_PLAY	נגן|נגינה|מוזיקה|שיר|play|2178
2179	השהה מוזיקה 2179	pause 2179	0	MEDIA_PAUSE	השהה|מוזיקה|שיר|pause|2179
2180	עצור מוזיקה 2180	stop 2180	0	MEDIA_STOP	עצור|הפסק|מוזיקה|שיר|stop|2180
2181	תגביה שמע 2181	increase volume 2181	0	VOL_UP	תגביה|תגביהה|הגבהה|תגביר|תעלה|תרים|הגבר|שמע|קול|מוזיקה|שיר|volume|louder|2181
2182	תנמיך שמע 2182	decrease volume 2182	0	VOL_DOWN	תנמיך|הנמכה|תוריד|תקטין|הנמך|קול|שמע|מוזיקה|שיר|volume|quieter|2182
2183	השתק שמע 2183	mute 2183	0	MUTE	השתק|השתקה|שקט|בלי קול|mute|2183
2184	בטל השתקה 2184	unmute 2184	0	UNMUTE	בטל|השתק|unmute|2184
2185	תעביר לשיר הבא 2185	next track 2185	0	MEDIA_NEXT	תעביר|תעבור|העבר|הבא|שיר|מוזיקה|next|track|2185
2186	שיר הבא 2186	next track 2186	0	MEDIA_NEXT	הבא|שיר|מוזיקה|next|track|2186
2187	תעביר לשיר הקודם 2187	previous track 2187	0	MEDIA_PREV	תעביר|העבר|קודם|הקודם|שיר|מוזיקה|previous|track|2187
2188	נגן מוזיקה 2188	play 2188	0	MEDIA_PLAY	נגן|נגינה|מוזיקה|שיר|play|2188
2189	השהה מוזיקה 2189	pause 2189	0	MEDIA_PAUSE	השהה|מוזיקה|שיר|pause|2189
2190	עצור מוזיקה 2190	stop 2190	0	MEDIA_STOP	עצור|הפסק|מוזיקה|שיר|stop|2190
2191	תגביה שמע 2191	increase volume 2191	0	VOL_UP	תגביה|תגביהה|הגבהה|תגביר|תעלה|תרים|הגבר|שמע|קול|מוזיקה|שיר|volume|louder|2191
2192	תנמיך שמע 2192	decrease volume 2192	0	VOL_DOWN	תנמיך|הנמכה|תוריד|תקטין|הנמך|קול|שמע|מוזיקה|שיר|volume|quieter|2192
2193	השתק שמע 2193	mute 2193	0	MUTE	השתק|השתקה|שקט|בלי קול|mute|2193
2194	בטל השתקה 2194	unmute 2194	0	UNMUTE	בטל|השתק|unmute|2194
2195	תעביר לשיר הבא 2195	next track 2195	0	MEDIA_NEXT	תעביר|תעבור|העבר|הבא|שיר|מוזיקה|next|track|2195
2196	שיר הבא 2196	next track 2196	0	MEDIA_NEXT	הבא|שיר|מוזיקה|next|track|2196
2197	תעביר לשיר הקודם 2197	previous track 2197	0	MEDIA_PREV	תעביר|העבר|קודם|הקודם|שיר|מוזיקה|previous|track|2197
2198	נגן מוזיקה 2198	play 2198	0	MEDIA_PLAY	נגן|נגינה|מוזיקה|שיר|play|2198
2199	השהה מוזיקה 2199	pause 2199	0	MEDIA_PAUSE	השהה|מוזיקה|שיר|pause|2199
2200	עצור מוזיקה 2200	stop 2200	0	MEDIA_STOP	עצור|הפסק|מוזיקה|שיר|stop|2200
2201	תגביה שמע 2201	increase volume 2201	0	VOL_UP	תגביה|תגביהה|הגבהה|תגביר|תעלה|תרים|הגבר|שמע|קול|מוזיקה|שיר|volume|louder|2201
2202	תנמיך שמע 2202	decrease volume 2202	0	VOL_DOWN	תנמיך|הנמכה|תוריד|תקטין|הנמך|קול|שמע|מוזיקה|שיר|volume|quieter|2202
2203	השתק שמע 2203	mute 2203	0	MUTE	השתק|השתקה|שקט|בלי קול|mute|2203
2204	בטל השתקה 2204	unmute 2204	0	UNMUTE	בטל|השתק|unmute|2204
2205	תעביר לשיר הבא 2205	next track 2205	0	MEDIA_NEXT	תעביר|תעבור|העבר|הבא|שיר|מוזיקה|next|track|2205
2206	שיר הבא 2206	next track 2206	0	MEDIA_NEXT	הבא|שיר|מוזיקה|next|track|2206
2207	תעביר לשיר הקודם 2207	previous track 2207	0	MEDIA_PREV	תעביר|העבר|קודם|הקודם|שיר|מוזיקה|previous|track|2207
2208	נגן מוזיקה 2208	play 2208	0	MEDIA_PLAY	נגן|נגינה|מוזיקה|שיר|play|2208
2209	השהה מוזיקה 2209	pause 2209	0	MEDIA_PAUSE	השהה|מוזיקה|שיר|pause|2209
2210	עצור מוזיקה 2210	stop 2210	0	MEDIA_STOP	עצור|הפסק|מוזיקה|שיר|stop|2210
2211	תגביה שמע 2211	increase volume 2211	0	VOL_UP	תגביה|תגביהה|הגבהה|תגביר|תעלה|תרים|הגבר|שמע|קול|מוזיקה|שיר|volume|louder|2211
2212	תנמיך שמע 2212	decrease volume 2212	0	VOL_DOWN	תנמיך|הנמכה|תוריד|תקטין|הנמך|קול|שמע|מוזיקה|שיר|volume|quieter|2212
2213	השתק שמע 2213	mute 2213	0	MUTE	השתק|השתקה|שקט|בלי קול|mute|2213
2214	בטל השתקה 2214	unmute 2214	0	UNMUTE	בטל|השתק|unmute|2214
2215	תעביר לשיר הבא 2215	next track 2215	0	MEDIA_NEXT	תעביר|תעבור|העבר|הבא|שיר|מוזיקה|next|track|2215
2216	שיר הבא 2216	next track 2216	0	MEDIA_NEXT	הבא|שיר|מוזיקה|next|track|2216
2217	תעביר לשיר הקודם 2217	previous track 2217	0	MEDIA_PREV	תעביר|העבר|קודם|הקודם|שיר|מוזיקה|previous|track|2217
2218	נגן מוזיקה 2218	play 2218	0	MEDIA_PLAY	נגן|נגינה|מוזיקה|שיר|play|2218
2219	השהה מוזיקה 2219	pause 2219	0	MEDIA_PAUSE	השהה|מוזיקה|שיר|pause|2219
2220	עצור מוזיקה 2220	stop 2220	0	MEDIA_STOP	עצור|הפסק|מוזיקה|שיר|stop|2220
2221	תגביה שמע 2221	increase volume 2221	0	VOL_UP	תגביה|תגביהה|הגבהה|תגביר|תעלה|תרים|הגבר|שמע|קול|מוזיקה|שיר|volume|louder|2221
2222	תנמיך שמע 2222	decrease volume 2222	0	VOL_DOWN	תנמיך|הנמכה|תוריד|תקטין|הנמך|קול|שמע|מוזיקה|שיר|volume|quieter|2222
2223	השתק שמע 2223	mute 2223	0	MUTE	השתק|השתקה|שקט|בלי קול|mute|2223
2224	בטל השתקה 2224	unmute 2224	0	UNMUTE	בטל|השתק|unmute|2224
2225	תעביר לשיר הבא 2225	next track 2225	0	MEDIA_NEXT	תעביר|תעבור|העבר|הבא|שיר|מוזיקה|next|track|2225
2226	שיר הבא 2226	next track 2226	0	MEDIA_NEXT	הבא|שיר|מוזיקה|next|track|2226
2227	תעביר לשיר הקודם 2227	previous track 2227	0	MEDIA_PREV	תעביר|העבר|קודם|הקודם|שיר|מוזיקה|previous|track|2227
2228	נגן מוזיקה 2228	play 2228	0	MEDIA_PLAY	נגן|נגינה|מוזיקה|שיר|play|2228
2229	השהה מוזיקה 2229	pause 2229	0	MEDIA_PAUSE	השהה|מוזיקה|שיר|pause|2229
2230	עצור מוזיקה 2230	stop 2230	0	MEDIA_STOP	עצור|הפסק|מוזיקה|שיר|stop|2230
2231	תגביה שמע 2231	increase volume 2231	0	VOL_UP	תגביה|תגביהה|הגבהה|תגביר|תעלה|תרים|הגבר|שמע|קול|מוזיקה|שיר|volume|louder|2231
2232	תנמיך שמע 2232	decrease volume 2232	0	VOL_DOWN	תנמיך|הנמכה|תוריד|תקטין|הנמך|קול|שמע|מוזיקה|שיר|volume|quieter|2232
2233	השתק שמע 2233	mute 2233	0	MUTE	השתק|השתקה|שקט|בלי קול|mute|2233
2234	בטל השתקה 2234	unmute 2234	0	UNMUTE	בטל|השתק|unmute|2234
2235	תעביר לשיר הבא 2235	next track 2235	0	MEDIA_NEXT	תעביר|תעבור|העבר|הבא|שיר|מוזיקה|next|track|2235
2236	שיר הבא 2236	next track 2236	0	MEDIA_NEXT	הבא|שיר|מוזיקה|next|track|2236
2237	תעביר לשיר הקודם 2237	previous track 2237	0	MEDIA_PREV	תעביר|העבר|קודם|הקודם|שיר|מוזיקה|previous|track|2237
2238	נגן מוזיקה 2238	play 2238	0	MEDIA_PLAY	נגן|נגינה|מוזיקה|שיר|play|2238
2239	השהה מוזיקה 2239	pause 2239	0	MEDIA_PAUSE	השהה|מוזיקה|שיר|pause|2239
2240	עצור מוזיקה 2240	stop 2240	0	MEDIA_STOP	עצור|הפסק|מוזיקה|שיר|stop|2240
2241	תגביה שמע 2241	increase volume 2241	0	VOL_UP	תגביה|תגביהה|הגבהה|תגביר|תעלה|תרים|הגבר|שמע|קול|מוזיקה|שיר|volume|louder|2241
2242	תנמיך שמע 2242	decrease volume 2242	0	VOL_DOWN	תנמיך|הנמכה|תוריד|תקטין|הנמך|קול|שמע|מוזיקה|שיר|volume|quieter|2242
2243	השתק שמע 2243	mute 2243	0	MUTE	השתק|השתקה|שקט|בלי קול|mute|2243
2244	בטל השתקה 2244	unmute 2244	0	UNMUTE	בטל|השתק|unmute|2244
2245	תעביר לשיר הבא 2245	next track 2245	0	MEDIA_NEXT	תעביר|תעבור|העבר|הבא|שיר|מוזיקה|next|track|2245
2246	שיר הבא 2246	next track 2246	0	MEDIA_NEXT	הבא|שיר|מוזיקה|next|track|2246
2247	תעביר לשיר הקודם 2247	previous track 2247	0	MEDIA_PREV	תעביר|העבר|קודם|הקודם|שיר|מוזיקה|previous|track|2247
2248	נגן מוזיקה 2248	play 2248	0	MEDIA_PLAY	נגן|נגינה|מוזיקה|שיר|play|2248
2249	השהה מוזיקה 2249	pause 2249	0	MEDIA_PAUSE	השהה|מוזיקה|שיר|pause|2249
2250	עצור מוזיקה 2250	stop 2250	0	MEDIA_STOP	עצור|הפסק|מוזיקה|שיר|stop|2250
2251	תגביה שמע 2251	increase volume 2251	0	VOL_UP	תגביה|תגביהה|הגבהה|תגביר|תעלה|תרים|הגבר|שמע|קול|מוזיקה|שיר|volume|louder|2251
2252	תנמיך שמע 2252	decrease volume 2252	0	VOL_DOWN	תנמיך|הנמכה|תוריד|תקטין|הנמך|קול|שמע|מוזיקה|שיר|volume|quieter|2252
2253	השתק שמע 2253	mute 2253	0	MUTE	השתק|השתקה|שקט|בלי קול|mute|2253
2254	בטל השתקה 2254	unmute 2254	0	UNMUTE	בטל|השתק|unmute|2254
2255	תעביר לשיר הבא 2255	next track 2255	0	MEDIA_NEXT	תעביר|תעבור|העבר|הבא|שיר|מוזיקה|next|track|2255
2256	שיר הבא 2256	next track 2256	0	MEDIA_NEXT	הבא|שיר|מוזיקה|next|track|2256
2257	תעביר לשיר הקודם 2257	previous track 2257	0	MEDIA_PREV	תעביר|העבר|קודם|הקודם|שיר|מוזיקה|previous|track|2257
2258	נגן מוזיקה 2258	play 2258	0	MEDIA_PLAY	נגן|נגינה|מוזיקה|שיר|play|2258
2259	השהה מוזיקה 2259	pause 2259	0	MEDIA_PAUSE	השהה|מוזיקה|שיר|pause|2259
2260	עצור מוזיקה 2260	stop 2260	0	MEDIA_STOP	עצור|הפסק|מוזיקה|שיר|stop|2260
2261	תגביה שמע 2261	increase volume 2261	0	VOL_UP	תגביה|תגביהה|הגבהה|תגביר|תעלה|תרים|הגבר|שמע|קול|מוזיקה|שיר|volume|louder|2261
2262	תנמיך שמע 2262	decrease volume 2262	0	VOL_DOWN	תנמיך|הנמכה|תוריד|תקטין|הנמך|קול|שמע|מוזיקה|שיר|volume|quieter|2262
2263	השתק שמע 2263	mute 2263	0	MUTE	השתק|השתקה|שקט|בלי קול|mute|2263
2264	בטל השתקה 2264	unmute 2264	0	UNMUTE	בטל|השתק|unmute|2264
2265	תעביר לשיר הבא 2265	next track 2265	0	MEDIA_NEXT	תעביר|תעבור|העבר|הבא|שיר|מוזיקה|next|track|2265
2266	שיר הבא 2266	next track 2266	0	MEDIA_NEXT	הבא|שיר|מוזיקה|next|track|2266
2267	תעביר לשיר הקודם 2267	previous track 2267	0	MEDIA_PREV	תעביר|העבר|קודם|הקודם|שיר|מוזיקה|previous|track|2267
2268	נגן מוזיקה 2268	play 2268	0	MEDIA_PLAY	נגן|נגינה|מוזיקה|שיר|play|2268
2269	השהה מוזיקה 2269	pause 2269	0	MEDIA_PAUSE	השהה|מוזיקה|שיר|pause|2269
2270	עצור מוזיקה 2270	stop 2270	0	MEDIA_STOP	עצור|הפסק|מוזיקה|שיר|stop|2270
2271	תגביה שמע 2271	increase volume 2271	0	VOL_UP	תגביה|תגביהה|הגבהה|תגביר|תעלה|תרים|הגבר|שמע|קול|מוזיקה|שיר|volume|louder|2271
2272	תנמיך שמע 2272	decrease volume 2272	0	VOL_DOWN	תנמיך|הנמכה|תוריד|תקטין|הנמך|קול|שמע|מוזיקה|שיר|volume|quieter|2272
2273	השתק שמע 2273	mute 2273	0	MUTE	השתק|השתקה|שקט|בלי קול|mute|2273
2274	בטל השתקה 2274	unmute 2274	0	UNMUTE	בטל|השתק|unmute|2274
2275	תעביר לשיר הבא 2275	next track 2275	0	MEDIA_NEXT	תעביר|תעבור|העבר|הבא|שיר|מוזיקה|next|track|2275
2276	שיר הבא 2276	next track 2276	0	MEDIA_NEXT	הבא|שיר|מוזיקה|next|track|2276
2277	תעביר לשיר הקודם 2277	previous track 2277	0	MEDIA_PREV	תעביר|העבר|קודם|הקודם|שיר|מוזיקה|previous|track|2277
2278	נגן מוזיקה 2278	play 2278	0	MEDIA_PLAY	נגן|נגינה|מוזיקה|שיר|play|2278
2279	השהה מוזיקה 2279	pause 2279	0	MEDIA_PAUSE	השהה|מוזיקה|שיר|pause|2279
2280	עצור מוזיקה 2280	stop 2280	0	MEDIA_STOP	עצור|הפסק|מוזיקה|שיר|stop|2280
2281	תגביה שמע 2281	increase volume 2281	0	VOL_UP	תגביה|תגביהה|הגבהה|תגביר|תעלה|תרים|הגבר|שמע|קול|מוזיקה|שיר|volume|louder|2281
2282	תנמיך שמע 2282	decrease volume 2282	0	VOL_DOWN	תנמיך|הנמכה|תוריד|תקטין|הנמך|קול|שמע|מוזיקה|שיר|volume|quieter|2282
2283	השתק שמע 2283	mute 2283	0	MUTE	השתק|השתקה|שקט|בלי קול|mute|2283
2284	בטל השתקה 2284	unmute 2284	0	UNMUTE	בטל|השתק|unmute|2284
2285	תעביר לשיר הבא 2285	next track 2285	0	MEDIA_NEXT	תעביר|תעבור|העבר|הבא|שיר|מוזיקה|next|track|2285
2286	שיר הבא 2286	next track 2286	0	MEDIA_NEXT	הבא|שיר|מוזיקה|next|track|2286
2287	תעביר לשיר הקודם 2287	previous track 2287	0	MEDIA_PREV	תעביר|העבר|קודם|הקודם|שיר|מוזיקה|previous|track|2287
2288	נגן מוזיקה 2288	play 2288	0	MEDIA_PLAY	נגן|נגינה|מוזיקה|שיר|play|2288
2289	השהה מוזיקה 2289	pause 2289	0	MEDIA_PAUSE	השהה|מוזיקה|שיר|pause|2289
2290	עצור מוזיקה 2290	stop 2290	0	MEDIA_STOP	עצור|הפסק|מוזיקה|שיר|stop|2290
2291	תגביה שמע 2291	increase volume 2291	0	VOL_UP	תגביה|תגביהה|הגבהה|תגביר|תעלה|תרים|הגבר|שמע|קול|מוזיקה|שיר|volume|louder|2291
2292	תנמיך שמע 2292	decrease volume 2292	0	VOL_DOWN	תנמיך|הנמכה|תוריד|תקטין|הנמך|קול|שמע|מוזיקה|שיר|volume|quieter|2292
2293	השתק שמע 2293	mute 2293	0	MUTE	השתק|השתקה|שקט|בלי קול|mute|2293
2294	בטל השתקה 2294	unmute 2294	0	UNMUTE	בטל|השתק|unmute|2294
2295	תעביר לשיר הבא 2295	next track 2295	0	MEDIA_NEXT	תעביר|תעבור|העבר|הבא|שיר|מוזיקה|next|track|2295
2296	שיר הבא 2296	next track 2296	0	MEDIA_NEXT	הבא|שיר|מוזיקה|next|track|2296
2297	תעביר לשיר הקודם 2297	previous track 2297	0	MEDIA_PREV	תעביר|העבר|קודם|הקודם|שיר|מוזיקה|previous|track|2297
2298	נגן מוזיקה 2298	play 2298	0	MEDIA_PLAY	נגן|נגינה|מוזיקה|שיר|play|2298
2299	השהה מוזיקה 2299	pause 2299	0	MEDIA_PAUSE	השהה|מוזיקה|שיר|pause|2299
2300	עצור מוזיקה 2300	stop 2300	0	MEDIA_STOP	עצור|הפסק|מוזיקה|שיר|stop|2300
2301	תגביה שמע 2301	increase volume 2301	0	VOL_UP	תגביה|תגביהה|הגבהה|תגביר|תעלה|תרים|הגבר|שמע|קול|מוזיקה|שיר|volume|louder|2301
2302	תנמיך שמע 2302	decrease volume 2302	0	VOL_DOWN	תנמיך|הנמכה|תוריד|תקטין|הנמך|קול|שמע|מוזיקה|שיר|volume|quieter|2302
2303	השתק שמע 2303	mute 2303	0	MUTE	השתק|השתקה|שקט|בלי קול|mute|2303
2304	בטל השתקה 2304	unmute 2304	0	UNMUTE	בטל|השתק|unmute|2304
2305	תעביר לשיר הבא 2305	next track 2305	0	MEDIA_NEXT	תעביר|תעבור|העבר|הבא|שיר|מוזיקה|next|track|2305
2306	שיר הבא 2306	next track 2306	0	MEDIA_NEXT	הבא|שיר|מוזיקה|next|track|2306
2307	תעביר לשיר הקודם 2307	previous track 2307	0	MEDIA_PREV	תעביר|העבר|קודם|הקודם|שיר|מוזיקה|previous|track|2307
2308	נגן מוזיקה 2308	play 2308	0	MEDIA_PLAY	נגן|נגינה|מוזיקה|שיר|play|2308
2309	השהה מוזיקה 2309	pause 2309	0	MEDIA_PAUSE	השהה|מוזיקה|שיר|pause|2309
2310	עצור מוזיקה 2310	stop 2310	0	MEDIA_STOP	עצור|הפסק|מוזיקה|שיר|stop|2310
2311	תגביה שמע 2311	increase volume 2311	0	VOL_UP	תגביה|תגביהה|הגבהה|תגביר|תעלה|תרים|הגבר|שמע|קול|מוזיקה|שיר|volume|louder|2311
2312	תנמיך שמע 2312	decrease volume 2312	0	VOL_DOWN	תנמיך|הנמכה|תוריד|תקטין|הנמך|קול|שמע|מוזיקה|שיר|volume|quieter|2312
2313	השתק שמע 2313	mute 2313	0	MUTE	השתק|השתקה|שקט|בלי קול|mute|2313
2314	בטל השתקה 2314	unmute 2314	0	UNMUTE	בטל|השתק|unmute|2314
2315	תעביר לשיר הבא 2315	next track 2315	0	MEDIA_NEXT	תעביר|תעבור|העבר|הבא|שיר|מוזיקה|next|track|2315
2316	שיר הבא 2316	next track 2316	0	MEDIA_NEXT	הבא|שיר|מוזיקה|next|track|2316
2317	תעביר לשיר הקודם 2317	previous track 2317	0	MEDIA_PREV	תעביר|העבר|קודם|הקודם|שיר|מוזיקה|previous|track|2317
2318	נגן מוזיקה 2318	play 2318	0	MEDIA_PLAY	נגן|נגינה|מוזיקה|שיר|play|2318
2319	השהה מוזיקה 2319	pause 2319	0	MEDIA_PAUSE	השהה|מוזיקה|שיר|pause|2319
2320	עצור מוזיקה 2320	stop 2320	0	MEDIA_STOP	עצור|הפסק|מוזיקה|שיר|stop|2320
2321	תגביה שמע 2321	increase volume 2321	0	VOL_UP	תגביה|תגביהה|הגבהה|תגביר|תעלה|תרים|הגבר|שמע|קול|מוזיקה|שיר|volume|louder|2321
2322	תנמיך שמע 2322	decrease volume 2322	0	VOL_DOWN	תנמיך|הנמכה|תוריד|תקטין|הנמך|קול|שמע|מוזיקה|שיר|volume|quieter|2322
2323	השתק שמע 2323	mute 2323	0	MUTE	השתק|השתקה|שקט|בלי קול|mute|2323
2324	בטל השתקה 2324	unmute 2324	0	UNMUTE	בטל|השתק|unmute|2324
2325	תעביר לשיר הבא 2325	next track 2325	0	MEDIA_NEXT	תעביר|תעבור|העבר|הבא|שיר|מוזיקה|next|track|2325
2326	שיר הבא 2326	next track 2326	0	MEDIA_NEXT	הבא|שיר|מוזיקה|next|track|2326
2327	תעביר לשיר הקודם 2327	previous track 2327	0	MEDIA_PREV	תעביר|העבר|קודם|הקודם|שיר|מוזיקה|previous|track|2327
2328	נגן מוזיקה 2328	play 2328	0	MEDIA_PLAY	נגן|נגינה|מוזיקה|שיר|play|2328
2329	השהה מוזיקה 2329	pause 2329	0	MEDIA_PAUSE	השהה|מוזיקה|שיר|pause|2329
2330	עצור מוזיקה 2330	stop 2330	0	MEDIA_STOP	עצור|הפסק|מוזיקה|שיר|stop|2330
2331	תגביה שמע 2331	increase volume 2331	0	VOL_UP	תגביה|תגביהה|הגבהה|תגביר|תעלה|תרים|הגבר|שמע|קול|מוזיקה|שיר|volume|louder|2331
2332	תנמיך שמע 2332	decrease volume 2332	0	VOL_DOWN	תנמיך|הנמכה|תוריד|תקטין|הנמך|קול|שמע|מוזיקה|שיר|volume|quieter|2332
2333	השתק שמע 2333	mute 2333	0	MUTE	השתק|השתקה|שקט|בלי קול|mute|2333
2334	בטל השתקה 2334	unmute 2334	0	UNMUTE	בטל|השתק|unmute|2334
2335	תעביר לשיר הבא 2335	next track 2335	0	MEDIA_NEXT	תעביר|תעבור|העבר|הבא|שיר|מוזיקה|next|track|2335
2336	שיר הבא 2336	next track 2336	0	MEDIA_NEXT	הבא|שיר|מוזיקה|next|track|2336
2337	תעביר לשיר הקודם 2337	previous track 2337	0	MEDIA_PREV	תעביר|העבר|קודם|הקודם|שיר|מוזיקה|previous|track|2337
2338	נגן מוזיקה 2338	play 2338	0	MEDIA_PLAY	נגן|נגינה|מוזיקה|שיר|play|2338
2339	השהה מוזיקה 2339	pause 2339	0	MEDIA_PAUSE	השהה|מוזיקה|שיר|pause|2339
2340	עצור מוזיקה 2340	stop 2340	0	MEDIA_STOP	עצור|הפסק|מוזיקה|שיר|stop|2340
2341	תגביה שמע 2341	increase volume 2341	0	VOL_UP	תגביה|תגביהה|הגבהה|תגביר|תעלה|תרים|הגבר|שמע|קול|מוזיקה|שיר|volume|louder|2341
2342	תנמיך שמע 2342	decrease volume 2342	0	VOL_DOWN	תנמיך|הנמכה|תוריד|תקטין|הנמך|קול|שמע|מוזיקה|שיר|volume|quieter|2342
2343	השתק שמע 2343	mute 2343	0	MUTE	השתק|השתקה|שקט|בלי קול|mute|2343
2344	בטל השתקה 2344	unmute 2344	0	UNMUTE	בטל|השתק|unmute|2344
2345	תעביר לשיר הבא 2345	next track 2345	0	MEDIA_NEXT	תעביר|תעבור|העבר|הבא|שיר|מוזיקה|next|track|2345
2346	שיר הבא 2346	next track 2346	0	MEDIA_NEXT	הבא|שיר|מוזיקה|next|track|2346
2347	תעביר לשיר הקודם 2347	previous track 2347	0	MEDIA_PREV	תעביר|העבר|קודם|הקודם|שיר|מוזיקה|previous|track|2347
2348	נגן מוזיקה 2348	play 2348	0	MEDIA_PLAY	נגן|נגינה|מוזיקה|שיר|play|2348
2349	השהה מוזיקה 2349	pause 2349	0	MEDIA_PAUSE	השהה|מוזיקה|שיר|pause|2349
2350	עצור מוזיקה 2350	stop 2350	0	MEDIA_STOP	עצור|הפסק|מוזיקה|שיר|stop|2350
2351	תגביה שמע 2351	increase volume 2351	0	VOL_UP	תגביה|תגביהה|הגבהה|תגביר|תעלה|תרים|הגבר|שמע|קול|מוזיקה|שיר|volume|louder|2351
2352	תנמיך שמע 2352	decrease volume 2352	0	VOL_DOWN	תנמיך|הנמכה|תוריד|תקטין|הנמך|קול|שמע|מוזיקה|שיר|volume|quieter|2352
2353	השתק שמע 2353	mute 2353	0	MUTE	השתק|השתקה|שקט|בלי קול|mute|2353
2354	בטל השתקה 2354	unmute 2354	0	UNMUTE	בטל|השתק|unmute|2354
2355	תעביר לשיר הבא 2355	next track 2355	0	MEDIA_NEXT	תעביר|תעבור|העבר|הבא|שיר|מוזיקה|next|track|2355
2356	שיר הבא 2356	next track 2356	0	MEDIA_NEXT	הבא|שיר|מוזיקה|next|track|2356
2357	תעביר לשיר הקודם 2357	previous track 2357	0	MEDIA_PREV	תעביר|העבר|קודם|הקודם|שיר|מוזיקה|previous|track|2357
2358	נגן מוזיקה 2358	play 2358	0	MEDIA_PLAY	נגן|נגינה|מוזיקה|שיר|play|2358
2359	השהה מוזיקה 2359	pause 2359	0	MEDIA_PAUSE	השהה|מוזיקה|שיר|pause|2359
2360	עצור מוזיקה 2360	stop 2360	0	MEDIA_STOP	עצור|הפסק|מוזיקה|שיר|stop|2360
2361	תגביה שמע 2361	increase volume 2361	0	VOL_UP	תגביה|תגביהה|הגבהה|תגביר|תעלה|תרים|הגבר|שמע|קול|מוזיקה|שיר|volume|louder|2361
2362	תנמיך שמע 2362	decrease volume 2362	0	VOL_DOWN	תנמיך|הנמכה|תוריד|תקטין|הנמך|קול|שמע|מוזיקה|שיר|volume|quieter|2362
2363	השתק שמע 2363	mute 2363	0	MUTE	השתק|השתקה|שקט|בלי קול|mute|2363
2364	בטל השתקה 2364	unmute 2364	0	UNMUTE	בטל|השתק|unmute|2364
2365	תעביר לשיר הבא 2365	next track 2365	0	MEDIA_NEXT	תעביר|תעבור|העבר|הבא|שיר|מוזיקה|next|track|2365
2366	שיר הבא 2366	next track 2366	0	MEDIA_NEXT	הבא|שיר|מוזיקה|next|track|2366
2367	תעביר לשיר הקודם 2367	previous track 2367	0	MEDIA_PREV	תעביר|העבר|קודם|הקודם|שיר|מוזיקה|previous|track|2367
2368	נגן מוזיקה 2368	play 2368	0	MEDIA_PLAY	נגן|נגינה|מוזיקה|שיר|play|2368
2369	השהה מוזיקה 2369	pause 2369	0	MEDIA_PAUSE	השהה|מוזיקה|שיר|pause|2369
2370	עצור מוזיקה 2370	stop 2370	0	MEDIA_STOP	עצור|הפסק|מוזיקה|שיר|stop|2370
2371	תגביה שמע 2371	increase volume 2371	0	VOL_UP	תגביה|תגביהה|הגבהה|תגביר|תעלה|תרים|הגבר|שמע|קול|מוזיקה|שיר|volume|louder|2371
2372	תנמיך שמע 2372	decrease volume 2372	0	VOL_DOWN	תנמיך|הנמכה|תוריד|תקטין|הנמך|קול|שמע|מוזיקה|שיר|volume|quieter|2372
2373	השתק שמע 2373	mute 2373	0	MUTE	השתק|השתקה|שקט|בלי קול|mute|2373
2374	בטל השתקה 2374	unmute 2374	0	UNMUTE	בטל|השתק|unmute|2374
2375	תעביר לשיר הבא 2375	next track 2375	0	MEDIA_NEXT	תעביר|תעבור|העבר|הבא|שיר|מוזיקה|next|track|2375
2376	שיר הבא 2376	next track 2376	0	MEDIA_NEXT	הבא|שיר|מוזיקה|next|track|2376
2377	תעביר לשיר הקודם 2377	previous track 2377	0	MEDIA_PREV	תעביר|העבר|קודם|הקודם|שיר|מוזיקה|previous|track|2377
2378	נגן מוזיקה 2378	play 2378	0	MEDIA_PLAY	נגן|נגינה|מוזיקה|שיר|play|2378
2379	השהה מוזיקה 2379	pause 2379	0	MEDIA_PAUSE	השהה|מוזיקה|שיר|pause|2379
2380	עצור מוזיקה 2380	stop 2380	0	MEDIA_STOP	עצור|הפסק|מוזיקה|שיר|stop|2380
2381	תגביה שמע 2381	increase volume 2381	0	VOL_UP	תגביה|תגביהה|הגבהה|תגביר|תעלה|תרים|הגבר|שמע|קול|מוזיקה|שיר|volume|louder|2381
2382	תנמיך שמע 2382	decrease volume 2382	0	VOL_DOWN	תנמיך|הנמכה|תוריד|תקטין|הנמך|קול|שמע|מוזיקה|שיר|volume|quieter|2382
2383	השתק שמע 2383	mute 2383	0	MUTE	השתק|השתקה|שקט|בלי קול|mute|2383
2384	בטל השתקה 2384	unmute 2384	0	UNMUTE	בטל|השתק|unmute|2384
2385	תעביר לשיר הבא 2385	next track 2385	0	MEDIA_NEXT	תעביר|תעבור|העבר|הבא|שיר|מוזיקה|next|track|2385
2386	שיר הבא 2386	next track 2386	0	MEDIA_NEXT	הבא|שיר|מוזיקה|next|track|2386
2387	תעביר לשיר הקודם 2387	previous track 2387	0	MEDIA_PREV	תעביר|העבר|קודם|הקודם|שיר|מוזיקה|previous|track|2387
2388	נגן מוזיקה 2388	play 2388	0	MEDIA_PLAY	נגן|נגינה|מוזיקה|שיר|play|2388
2389	השהה מוזיקה 2389	pause 2389	0	MEDIA_PAUSE	השהה|מוזיקה|שיר|pause|2389
2390	עצור מוזיקה 2390	stop 2390	0	MEDIA_STOP	עצור|הפסק|מוזיקה|שיר|stop|2390
2391	תגביה שמע 2391	increase volume 2391	0	VOL_UP	תגביה|תגביהה|הגבהה|תגביר|תעלה|תרים|הגבר|שמע|קול|מוזיקה|שיר|volume|louder|2391
2392	תנמיך שמע 2392	decrease volume 2392	0	VOL_DOWN	תנמיך|הנמכה|תוריד|תקטין|הנמך|קול|שמע|מוזיקה|שיר|volume|quieter|2392
2393	השתק שמע 2393	mute 2393	0	MUTE	השתק|השתקה|שקט|בלי קול|mute|2393
2394	בטל השתקה 2394	unmute 2394	0	UNMUTE	בטל|השתק|unmute|2394
2395	תעביר לשיר הבא 2395	next track 2395	0	MEDIA_NEXT	תעביר|תעבור|העבר|הבא|שיר|מוזיקה|next|track|2395
2396	שיר הבא 2396	next track 2396	0	MEDIA_NEXT	הבא|שיר|מוזיקה|next|track|2396
2397	תעביר לשיר הקודם 2397	previous track 2397	0	MEDIA_PREV	תעביר|העבר|קודם|הקודם|שיר|מוזיקה|previous|track|2397
2398	נגן מוזיקה 2398	play 2398	0	MEDIA_PLAY	נגן|נגינה|מוזיקה|שיר|play|2398
2399	השהה מוזיקה 2399	pause 2399	0	MEDIA_PAUSE	השהה|מוזיקה|שיר|pause|2399
2400	עצור מוזיקה 2400	stop 2400	0	MEDIA_STOP	עצור|הפסק|מוזיקה|שיר|stop|2400
2401	תגביה שמע 2401	increase volume 2401	0	VOL_UP	תגביה|תגביהה|הגבהה|תגביר|תעלה|תרים|הגבר|שמע|קול|מוזיקה|שיר|volume|louder|2401
2402	תנמיך שמע 2402	decrease volume 2402	0	VOL_DOWN	תנמיך|הנמכה|תוריד|תקטין|הנמך|קול|שמע|מוזיקה|שיר|volume|quieter|2402
2403	השתק שמע 2403	mute 2403	0	MUTE	השתק|השתקה|שקט|בלי קול|mute|2403
2404	בטל השתקה 2404	unmute 2404	0	UNMUTE	בטל|השתק|unmute|2404
2405	תעביר לשיר הבא 2405	next track 2405	0	MEDIA_NEXT	תעביר|תעבור|העבר|הבא|שיר|מוזיקה|next|track|2405
2406	שיר הבא 2406	next track 2406	0	MEDIA_NEXT	הבא|שיר|מוזיקה|next|track|2406
2407	תעביר לשיר הקודם 2407	previous track 2407	0	MEDIA_PREV	תעביר|העבר|קודם|הקודם|שיר|מוזיקה|previous|track|2407
2408	נגן מוזיקה 2408	play 2408	0	MEDIA_PLAY	נגן|נגינה|מוזיקה|שיר|play|2408
2409	השהה מוזיקה 2409	pause 2409	0	MEDIA_PAUSE	השהה|מוזיקה|שיר|pause|2409
2410	עצור מוזיקה 2410	stop 2410	0	MEDIA_STOP	עצור|הפסק|מוזיקה|שיר|stop|2410
2411	תגביה שמע 2411	increase volume 2411	0	VOL_UP	תגביה|תגביהה|הגבהה|תגביר|תעלה|תרים|הגבר|שמע|קול|מוזיקה|שיר|volume|louder|2411
2412	תנמיך שמע 2412	decrease volume 2412	0	VOL_DOWN	תנמיך|הנמכה|תוריד|תקטין|הנמך|קול|שמע|מוזיקה|שיר|volume|quieter|2412
2413	השתק שמע 2413	mute 2413	0	MUTE	השתק|השתקה|שקט|בלי קול|mute|2413
2414	בטל השתקה 2414	unmute 2414	0	UNMUTE	בטל|השתק|unmute|2414
2415	תעביר לשיר הבא 2415	next track 2415	0	MEDIA_NEXT	תעביר|תעבור|העבר|הבא|שיר|מוזיקה|next|track|2415
2416	שיר הבא 2416	next track 2416	0	MEDIA_NEXT	הבא|שיר|מוזיקה|next|track|2416
2417	תעביר לשיר הקודם 2417	previous track 2417	0	MEDIA_PREV	תעביר|העבר|קודם|הקודם|שיר|מוזיקה|previous|track|2417
2418	נגן מוזיקה 2418	play 2418	0	MEDIA_PLAY	נגן|נגינה|מוזיקה|שיר|play|2418
2419	השהה מוזיקה 2419	pause 2419	0	MEDIA_PAUSE	השהה|מוזיקה|שיר|pause|2419
2420	עצור מוזיקה 2420	stop 2420	0	MEDIA_STOP	עצור|הפסק|מוזיקה|שיר|stop|2420
2421	תגביה שמע 2421	increase volume 2421	0	VOL_UP	תגביה|תגביהה|הגבהה|תגביר|תעלה|תרים|הגבר|שמע|קול|מוזיקה|שיר|volume|louder|2421
2422	תנמיך שמע 2422	decrease volume 2422	0	VOL_DOWN	תנמיך|הנמכה|תוריד|תקטין|הנמך|קול|שמע|מוזיקה|שיר|volume|quieter|2422
2423	השתק שמע 2423	mute 2423	0	MUTE	השתק|השתקה|שקט|בלי קול|mute|2423
2424	בטל השתקה 2424	unmute 2424	0	UNMUTE	בטל|השתק|unmute|2424
2425	תעביר לשיר הבא 2425	next track 2425	0	MEDIA_NEXT	תעביר|תעבור|העבר|הבא|שיר|מוזיקה|next|track|2425
2426	שיר הבא 2426	next track 2426	0	MEDIA_NEXT	הבא|שיר|מוזיקה|next|track|2426
2427	תעביר לשיר הקודם 2427	previous track 2427	0	MEDIA_PREV	תעביר|העבר|קודם|הקודם|שיר|מוזיקה|previous|track|2427
2428	נגן מוזיקה 2428	play 2428	0	MEDIA_PLAY	נגן|נגינה|מוזיקה|שיר|play|2428
2429	השהה מוזיקה 2429	pause 2429	0	MEDIA_PAUSE	השהה|מוזיקה|שיר|pause|2429
2430	עצור מוזיקה 2430	stop 2430	0	MEDIA_STOP	עצור|הפסק|מוזיקה|שיר|stop|2430
2431	תגביה שמע 2431	increase volume 2431	0	VOL_UP	תגביה|תגביהה|הגבהה|תגביר|תעלה|תרים|הגבר|שמע|קול|מוזיקה|שיר|volume|louder|2431
2432	תנמיך שמע 2432	decrease volume 2432	0	VOL_DOWN	תנמיך|הנמכה|תוריד|תקטין|הנמך|קול|שמע|מוזיקה|שיר|volume|quieter|2432
2433	השתק שמע 2433	mute 2433	0	MUTE	השתק|השתקה|שקט|בלי קול|mute|2433
2434	בטל השתקה 2434	unmute 2434	0	UNMUTE	בטל|השתק|unmute|2434
2435	תעביר לשיר הבא 2435	next track 2435	0	MEDIA_NEXT	תעביר|תעבור|העבר|הבא|שיר|מוזיקה|next|track|2435
2436	שיר הבא 2436	next track 2436	0	MEDIA_NEXT	הבא|שיר|מוזיקה|next|track|2436
2437	תעביר לשיר הקודם 2437	previous track 2437	0	MEDIA_PREV	תעביר|העבר|קודם|הקודם|שיר|מוזיקה|previous|track|2437
2438	נגן מוזיקה 2438	play 2438	0	MEDIA_PLAY	נגן|נגינה|מוזיקה|שיר|play|2438
2439	השהה מוזיקה 2439	pause 2439	0	MEDIA_PAUSE	השהה|מוזיקה|שיר|pause|2439
2440	עצור מוזיקה 2440	stop 2440	0	MEDIA_STOP	עצור|הפסק|מוזיקה|שיר|stop|2440
2441	תגביה שמע 2441	increase volume 2441	0	VOL_UP	תגביה|תגביהה|הגבהה|תגביר|תעלה|תרים|הגבר|שמע|קול|מוזיקה|שיר|volume|louder|2441
2442	תנמיך שמע 2442	decrease volume 2442	0	VOL_DOWN	תנמיך|הנמכה|תוריד|תקטין|הנמך|קול|שמע|מוזיקה|שיר|volume|quieter|2442
2443	השתק שמע 2443	mute 2443	0	MUTE	השתק|השתקה|שקט|בלי קול|mute|2443
2444	בטל השתקה 2444	unmute 2444	0	UNMUTE	בטל|השתק|unmute|2444
2445	תעביר לשיר הבא 2445	next track 2445	0	MEDIA_NEXT	תעביר|תעבור|העבר|הבא|שיר|מוזיקה|next|track|2445
2446	שיר הבא 2446	next track 2446	0	MEDIA_NEXT	הבא|שיר|מוזיקה|next|track|2446
2447	תעביר לשיר הקודם 2447	previous track 2447	0	MEDIA_PREV	תעביר|העבר|קודם|הקודם|שיר|מוזיקה|previous|track|2447
2448	נגן מוזיקה 2448	play 2448	0	MEDIA_PLAY	נגן|נגינה|מוזיקה|שיר|play|2448
2449	השהה מוזיקה 2449	pause 2449	0	MEDIA_PAUSE	השהה|מוזיקה|שיר|pause|2449
2450	עצור מוזיקה 2450	stop 2450	0	MEDIA_STOP	עצור|הפסק|מוזיקה|שיר|stop|2450
2451	תגביה שמע 2451	increase volume 2451	0	VOL_UP	תגביה|תגביהה|הגבהה|תגביר|תעלה|תרים|הגבר|שמע|קול|מוזיקה|שיר|volume|louder|2451
2452	תנמיך שמע 2452	decrease volume 2452	0	VOL_DOWN	תנמיך|הנמכה|תוריד|תקטין|הנמך|קול|שמע|מוזיקה|שיר|volume|quieter|2452
2453	השתק שמע 2453	mute 2453	0	MUTE	השתק|השתקה|שקט|בלי קול|mute|2453
2454	בטל השתקה 2454	unmute 2454	0	UNMUTE	בטל|השתק|unmute|2454
2455	תעביר לשיר הבא 2455	next track 2455	0	MEDIA_NEXT	תעביר|תעבור|העבר|הבא|שיר|מוזיקה|next|track|2455
2456	שיר הבא 2456	next track 2456	0	MEDIA_NEXT	הבא|שיר|מוזיקה|next|track|2456
2457	תעביר לשיר הקודם 2457	previous track 2457	0	MEDIA_PREV	תעביר|העבר|קודם|הקודם|שיר|מוזיקה|previous|track|2457
2458	נגן מוזיקה 2458	play 2458	0	MEDIA_PLAY	נגן|נגינה|מוזיקה|שיר|play|2458
2459	השהה מוזיקה 2459	pause 2459	0	MEDIA_PAUSE	השהה|מוזיקה|שיר|pause|2459
2460	עצור מוזיקה 2460	stop 2460	0	MEDIA_STOP	עצור|הפסק|מוזיקה|שיר|stop|2460
2461	תגביה שמע 2461	increase volume 2461	0	VOL_UP	תגביה|תגביהה|הגבהה|תגביר|תעלה|תרים|הגבר|שמע|קול|מוזיקה|שיר|volume|louder|2461
2462	תנמיך שמע 2462	decrease volume 2462	0	VOL_DOWN	תנמיך|הנמכה|תוריד|תקטין|הנמך|קול|שמע|מוזיקה|שיר|volume|quieter|2462
2463	השתק שמע 2463	mute 2463	0	MUTE	השתק|השתקה|שקט|בלי קול|mute|2463
2464	בטל השתקה 2464	unmute 2464	0	UNMUTE	בטל|השתק|unmute|2464
2465	תעביר לשיר הבא 2465	next track 2465	0	MEDIA_NEXT	תעביר|תעבור|העבר|הבא|שיר|מוזיקה|next|track|2465
2466	שיר הבא 2466	next track 2466	0	MEDIA_NEXT	הבא|שיר|מוזיקה|next|track|2466
2467	תעביר לשיר הקודם 2467	previous track 2467	0	MEDIA_PREV	תעביר|העבר|קודם|הקודם|שיר|מוזיקה|previous|track|2467
2468	נגן מוזיקה 2468	play 2468	0	MEDIA_PLAY	נגן|נגינה|מוזיקה|שיר|play|2468
2469	השהה מוזיקה 2469	pause 2469	0	MEDIA_PAUSE	השהה|מוזיקה|שיר|pause|2469
2470	עצור מוזיקה 2470	stop 2470	0	MEDIA_STOP	עצור|הפסק|מוזיקה|שיר|stop|2470
2471	תגביה שמע 2471	increase volume 2471	0	VOL_UP	תגביה|תגביהה|הגבהה|תגביר|תעלה|תרים|הגבר|שמע|קול|מוזיקה|שיר|volume|louder|2471
2472	תנמיך שמע 2472	decrease volume 2472	0	VOL_DOWN	תנמיך|הנמכה|תוריד|תקטין|הנמך|קול|שמע|מוזיקה|שיר|volume|quieter|2472
2473	השתק שמע 2473	mute 2473	0	MUTE	השתק|השתקה|שקט|בלי קול|mute|2473
2474	בטל השתקה 2474	unmute 2474	0	UNMUTE	בטל|השתק|unmute|2474
2475	תעביר לשיר הבא 2475	next track 2475	0	MEDIA_NEXT	תעביר|תעבור|העבר|הבא|שיר|מוזיקה|next|track|2475
2476	שיר הבא 2476	next track 2476	0	MEDIA_NEXT	הבא|שיר|מוזיקה|next|track|2476
2477	תעביר לשיר הקודם 2477	previous track 2477	0	MEDIA_PREV	תעביר|העבר|קודם|הקודם|שיר|מוזיקה|previous|track|2477
2478	נגן מוזיקה 2478	play 2478	0	MEDIA_PLAY	נגן|נגינה|מוזיקה|שיר|play|2478
2479	השהה מוזיקה 2479	pause 2479	0	MEDIA_PAUSE	השהה|מוזיקה|שיר|pause|2479
2480	עצור מוזיקה 2480	stop 2480	0	MEDIA_STOP	עצור|הפסק|מוזיקה|שיר|stop|2480
2481	תגביה שמע 2481	increase volume 2481	0	VOL_UP	תגביה|תגביהה|הגבהה|תגביר|תעלה|תרים|הגבר|שמע|קול|מוזיקה|שיר|volume|louder|2481
2482	תנמיך שמע 2482	decrease volume 2482	0	VOL_DOWN	תנמיך|הנמכה|תוריד|תקטין|הנמך|קול|שמע|מוזיקה|שיר|volume|quieter|2482
2483	השתק שמע 2483	mute 2483	0	MUTE	השתק|השתקה|שקט|בלי קול|mute|2483
2484	בטל השתקה 2484	unmute 2484	0	UNMUTE	בטל|השתק|unmute|2484
2485	תעביר לשיר הבא 2485	next track 2485	0	MEDIA_NEXT	תעביר|תעבור|העבר|הבא|שיר|מוזיקה|next|track|2485
2486	שיר הבא 2486	next track 2486	0	MEDIA_NEXT	הבא|שיר|מוזיקה|next|track|2486
2487	תעביר לשיר הקודם 2487	previous track 2487	0	MEDIA_PREV	תעביר|העבר|קודם|הקודם|שיר|מוזיקה|previous|track|2487
2488	נגן מוזיקה 2488	play 2488	0	MEDIA_PLAY	נגן|נגינה|מוזיקה|שיר|play|2488
2489	השהה מוזיקה 2489	pause 2489	0	MEDIA_PAUSE	השהה|מוזיקה|שיר|pause|2489
2490	עצור מוזיקה 2490	stop 2490	0	MEDIA_STOP	עצור|הפסק|מוזיקה|שיר|stop|2490
2491	תגביה שמע 2491	increase volume 2491	0	VOL_UP	תגביה|תגביהה|הגבהה|תגביר|תעלה|תרים|הגבר|שמע|קול|מוזיקה|שיר|volume|louder|2491
2492	תנמיך שמע 2492	decrease volume 2492	0	VOL_DOWN	תנמיך|הנמכה|תוריד|תקטין|הנמך|קול|שמע|מוזיקה|שיר|volume|quieter|2492
2493	השתק שמע 2493	mute 2493	0	MUTE	השתק|השתקה|שקט|בלי קול|mute|2493
2494	בטל השתקה 2494	unmute 2494	0	UNMUTE	בטל|השתק|unmute|2494
2495	תעביר לשיר הבא 2495	next track 2495	0	MEDIA_NEXT	תעביר|תעבור|העבר|הבא|שיר|מוזיקה|next|track|2495
2496	שיר הבא 2496	next track 2496	0	MEDIA_NEXT	הבא|שיר|מוזיקה|next|track|2496
2497	תעביר לשיר הקודם 2497	previous track 2497	0	MEDIA_PREV	תעביר|העבר|קודם|הקודם|שיר|מוזיקה|previous|track|2497
2498	נגן מוזיקה 2498	play 2498	0	MEDIA_PLAY	נגן|נגינה|מוזיקה|שיר|play|2498
2499	השהה מוזיקה 2499	pause 2499	0	MEDIA_PAUSE	השהה|מוזיקה|שיר|pause|2499
2500	עצור מוזיקה 2500	stop 2500	0	MEDIA_STOP	עצור|הפסק|מוזיקה|שיר|stop|2500
2501	תגביה שמע 2501	increase volume 2501	0	VOL_UP	תגביה|תגביהה|הגבהה|תגביר|תעלה|תרים|הגבר|שמע|קול|מוזיקה|שיר|volume|louder|2501
2502	תנמיך שמע 2502	decrease volume 2502	0	VOL_DOWN	תנמיך|הנמכה|תוריד|תקטין|הנמך|קול|שמע|מוזיקה|שיר|volume|quieter|2502
2503	השתק שמע 2503	mute 2503	0	MUTE	השתק|השתקה|שקט|בלי קול|mute|2503
2504	בטל השתקה 2504	unmute 2504	0	UNMUTE	בטל|השתק|unmute|2504
2505	תעביר לשיר הבא 2505	next track 2505	0	MEDIA_NEXT	תעביר|תעבור|העבר|הבא|שיר|מוזיקה|next|track|2505
2506	שיר הבא 2506	next track 2506	0	MEDIA_NEXT	הבא|שיר|מוזיקה|next|track|2506
2507	תעביר לשיר הקודם 2507	previous track 2507	0	MEDIA_PREV	תעביר|העבר|קודם|הקודם|שיר|מוזיקה|previous|track|2507
2508	נגן מוזיקה 2508	play 2508	0	MEDIA_PLAY	נגן|נגינה|מוזיקה|שיר|play|2508
2509	השהה מוזיקה 2509	pause 2509	0	MEDIA_PAUSE	השהה|מוזיקה|שיר|pause|2509
2510	עצור מוזיקה 2510	stop 2510	0	MEDIA_STOP	עצור|הפסק|מוזיקה|שיר|stop|2510
2511	תגביה שמע 2511	increase volume 2511	0	VOL_UP	תגביה|תגביהה|הגבהה|תגביר|תעלה|תרים|הגבר|שמע|קול|מוזיקה|שיר|volume|louder|2511
2512	תנמיך שמע 2512	decrease volume 2512	0	VOL_DOWN	תנמיך|הנמכה|תוריד|תקטין|הנמך|קול|שמע|מוזיקה|שיר|volume|quieter|2512
2513	השתק שמע 2513	mute 2513	0	MUTE	השתק|השתקה|שקט|בלי קול|mute|2513
2514	בטל השתקה 2514	unmute 2514	0	UNMUTE	בטל|השתק|unmute|2514
2515	תעביר לשיר הבא 2515	next track 2515	0	MEDIA_NEXT	תעביר|תעבור|העבר|הבא|שיר|מוזיקה|next|track|2515
2516	שיר הבא 2516	next track 2516	0	MEDIA_NEXT	הבא|שיר|מוזיקה|next|track|2516
2517	תעביר לשיר הקודם 2517	previous track 2517	0	MEDIA_PREV	תעביר|העבר|קודם|הקודם|שיר|מוזיקה|previous|track|2517
2518	נגן מוזיקה 2518	play 2518	0	MEDIA_PLAY	נגן|נגינה|מוזיקה|שיר|play|2518
2519	השהה מוזיקה 2519	pause 2519	0	MEDIA_PAUSE	השהה|מוזיקה|שיר|pause|2519
2520	עצור מוזיקה 2520	stop 2520	0	MEDIA_STOP	עצור|הפסק|מוזיקה|שיר|stop|2520
2521	תגביה שמע 2521	increase volume 2521	0	VOL_UP	תגביה|תגביהה|הגבהה|תגביר|תעלה|תרים|הגבר|שמע|קול|מוזיקה|שיר|volume|louder|2521
2522	תנמיך שמע 2522	decrease volume 2522	0	VOL_DOWN	תנמיך|הנמכה|תוריד|תקטין|הנמך|קול|שמע|מוזיקה|שיר|volume|quieter|2522
2523	השתק שמע 2523	mute 2523	0	MUTE	השתק|השתקה|שקט|בלי קול|mute|2523
2524	בטל השתקה 2524	unmute 2524	0	UNMUTE	בטל|השתק|unmute|2524
2525	תעביר לשיר הבא 2525	next track 2525	0	MEDIA_NEXT	תעביר|תעבור|העבר|הבא|שיר|מוזיקה|next|track|2525
2526	שיר הבא 2526	next track 2526	0	MEDIA_NEXT	הבא|שיר|מוזיקה|next|track|2526
2527	תעביר לשיר הקודם 2527	previous track 2527	0	MEDIA_PREV	תעביר|העבר|קודם|הקודם|שיר|מוזיקה|previous|track|2527
2528	נגן מוזיקה 2528	play 2528	0	MEDIA_PLAY	נגן|נגינה|מוזיקה|שיר|play|2528
2529	השהה מוזיקה 2529	pause 2529	0	MEDIA_PAUSE	השהה|מוזיקה|שיר|pause|2529
2530	עצור מוזיקה 2530	stop 2530	0	MEDIA_STOP	עצור|הפסק|מוזיקה|שיר|stop|2530
2531	תגביה שמע 2531	increase volume 2531	0	VOL_UP	תגביה|תגביהה|הגבהה|תגביר|תעלה|תרים|הגבר|שמע|קול|מוזיקה|שיר|volume|louder|2531
2532	תנמיך שמע 2532	decrease volume 2532	0	VOL_DOWN	תנמיך|הנמכה|תוריד|תקטין|הנמך|קול|שמע|מוזיקה|שיר|volume|quieter|2532
2533	השתק שמע 2533	mute 2533	0	MUTE	השתק|השתקה|שקט|בלי קול|mute|2533
2534	בטל השתקה 2534	unmute 2534	0	UNMUTE	בטל|השתק|unmute|2534
2535	תעביר לשיר הבא 2535	next track 2535	0	MEDIA_NEXT	תעביר|תעבור|העבר|הבא|שיר|מוזיקה|next|track|2535
2536	שיר הבא 2536	next track 2536	0	MEDIA_NEXT	הבא|שיר|מוזיקה|next|track|2536
2537	תעביר לשיר הקודם 2537	previous track 2537	0	MEDIA_PREV	תעביר|העבר|קודם|הקודם|שיר|מוזיקה|previous|track|2537
2538	נגן מוזיקה 2538	play 2538	0	MEDIA_PLAY	נגן|נגינה|מוזיקה|שיר|play|2538
2539	השהה מוזיקה 2539	pause 2539	0	MEDIA_PAUSE	השהה|מוזיקה|שיר|pause|2539
2540	עצור מוזיקה 2540	stop 2540	0	MEDIA_STOP	עצור|הפסק|מוזיקה|שיר|stop|2540
2541	תגביה שמע 2541	increase volume 2541	0	VOL_UP	תגביה|תגביהה|הגבהה|תגביר|תעלה|תרים|הגבר|שמע|קול|מוזיקה|שיר|volume|louder|2541
2542	תנמיך שמע 2542	decrease volume 2542	0	VOL_DOWN	תנמיך|הנמכה|תוריד|תקטין|הנמך|קול|שמע|מוזיקה|שיר|volume|quieter|2542
2543	השתק שמע 2543	mute 2543	0	MUTE	השתק|השתקה|שקט|בלי קול|mute|2543
2544	בטל השתקה 2544	unmute 2544	0	UNMUTE	בטל|השתק|unmute|2544
2545	תעביר לשיר הבא 2545	next track 2545	0	MEDIA_NEXT	תעביר|תעבור|העבר|הבא|שיר|מוזיקה|next|track|2545
2546	שיר הבא 2546	next track 2546	0	MEDIA_NEXT	הבא|שיר|מוזיקה|next|track|2546
2547	תעביר לשיר הקודם 2547	previous track 2547	0	MEDIA_PREV	תעביר|העבר|קודם|הקודם|שיר|מוזיקה|previous|track|2547
2548	נגן מוזיקה 2548	play 2548	0	MEDIA_PLAY	נגן|נגינה|מוזיקה|שיר|play|2548
2549	השהה מוזיקה 2549	pause 2549	0	MEDIA_PAUSE	השהה|מוזיקה|שיר|pause|2549
2550	עצור מוזיקה 2550	stop 2550	0	MEDIA_STOP	עצור|הפסק|מוזיקה|שיר|stop|2550
2551	תגביה שמע 2551	increase volume 2551	0	VOL_UP	תגביה|תגביהה|הגבהה|תגביר|תעלה|תרים|הגבר|שמע|קול|מוזיקה|שיר|volume|louder|2551
2552	תנמיך שמע 2552	decrease volume 2552	0	VOL_DOWN	תנמיך|הנמכה|תוריד|תקטין|הנמך|קול|שמע|מוזיקה|שיר|volume|quieter|2552
2553	השתק שמע 2553	mute 2553	0	MUTE	השתק|השתקה|שקט|בלי קול|mute|2553
2554	בטל השתקה 2554	unmute 2554	0	UNMUTE	בטל|השתק|unmute|2554
2555	תעביר לשיר הבא 2555	next track 2555	0	MEDIA_NEXT	תעביר|תעבור|העבר|הבא|שיר|מוזיקה|next|track|2555
2556	שיר הבא 2556	next track 2556	0	MEDIA_NEXT	הבא|שיר|מוזיקה|next|track|2556
2557	תעביר לשיר הקודם 2557	previous track 2557	0	MEDIA_PREV	תעביר|העבר|קודם|הקודם|שיר|מוזיקה|previous|track|2557
2558	נגן מוזיקה 2558	play 2558	0	MEDIA_PLAY	נגן|נגינה|מוזיקה|שיר|play|2558
2559	השהה מוזיקה 2559	pause 2559	0	MEDIA_PAUSE	השהה|מוזיקה|שיר|pause|2559
2560	עצור מוזיקה 2560	stop 2560	0	MEDIA_STOP	עצור|הפסק|מוזיקה|שיר|stop|2560
2561	תגביה שמע 2561	increase volume 2561	0	VOL_UP	תגביה|תגביהה|הגבהה|תגביר|תעלה|תרים|הגבר|שמע|קול|מוזיקה|שיר|volume|louder|2561
2562	תנמיך שמע 2562	decrease volume 2562	0	VOL_DOWN	תנמיך|הנמכה|תוריד|תקטין|הנמך|קול|שמע|מוזיקה|שיר|volume|quieter|2562
2563	השתק שמע 2563	mute 2563	0	MUTE	השתק|השתקה|שקט|בלי קול|mute|2563
2564	בטל השתקה 2564	unmute 2564	0	UNMUTE	בטל|השתק|unmute|2564
2565	תעביר לשיר הבא 2565	next track 2565	0	MEDIA_NEXT	תעביר|תעבור|העבר|הבא|שיר|מוזיקה|next|track|2565
2566	שיר הבא 2566	next track 2566	0	MEDIA_NEXT	הבא|שיר|מוזיקה|next|track|2566
2567	תעביר לשיר הקודם 2567	previous track 2567	0	MEDIA_PREV	תעביר|העבר|קודם|הקודם|שיר|מוזיקה|previous|track|2567
2568	נגן מוזיקה 2568	play 2568	0	MEDIA_PLAY	נגן|נגינה|מוזיקה|שיר|play|2568
2569	השהה מוזיקה 2569	pause 2569	0	MEDIA_PAUSE	השהה|מוזיקה|שיר|pause|2569
2570	עצור מוזיקה 2570	stop 2570	0	MEDIA_STOP	עצור|הפסק|מוזיקה|שיר|stop|2570
2571	תגביה שמע 2571	increase volume 2571	0	VOL_UP	תגביה|תגביהה|הגבהה|תגביר|תעלה|תרים|הגבר|שמע|קול|מוזיקה|שיר|volume|louder|2571
2572	תנמיך שמע 2572	decrease volume 2572	0	VOL_DOWN	תנמיך|הנמכה|תוריד|תקטין|הנמך|קול|שמע|מוזיקה|שיר|volume|quieter|2572
2573	השתק שמע 2573	mute 2573	0	MUTE	השתק|השתקה|שקט|בלי קול|mute|2573
2574	בטל השתקה 2574	unmute 2574	0	UNMUTE	בטל|השתק|unmute|2574
2575	תעביר לשיר הבא 2575	next track 2575	0	MEDIA_NEXT	תעביר|תעבור|העבר|הבא|שיר|מוזיקה|next|track|2575
2576	שיר הבא 2576	next track 2576	0	MEDIA_NEXT	הבא|שיר|מוזיקה|next|track|2576
2577	תעביר לשיר הקודם 2577	previous track 2577	0	MEDIA_PREV	תעביר|העבר|קודם|הקודם|שיר|מוזיקה|previous|track|2577
2578	נגן מוזיקה 2578	play 2578	0	MEDIA_PLAY	נגן|נגינה|מוזיקה|שיר|play|2578
2579	השהה מוזיקה 2579	pause 2579	0	MEDIA_PAUSE	השהה|מוזיקה|שיר|pause|2579
2580	עצור מוזיקה 2580	stop 2580	0	MEDIA_STOP	עצור|הפסק|מוזיקה|שיר|stop|2580
2581	תגביה שמע 2581	increase volume 2581	0	VOL_UP	תגביה|תגביהה|הגבהה|תגביר|תעלה|תרים|הגבר|שמע|קול|מוזיקה|שיר|volume|louder|2581
2582	תנמיך שמע 2582	decrease volume 2582	0	VOL_DOWN	תנמיך|הנמכה|תוריד|תקטין|הנמך|קול|שמע|מוזיקה|שיר|volume|quieter|2582
2583	השתק שמע 2583	mute 2583	0	MUTE	השתק|השתקה|שקט|בלי קול|mute|2583
2584	בטל השתקה 2584	unmute 2584	0	UNMUTE	בטל|השתק|unmute|2584
2585	תעביר לשיר הבא 2585	next track 2585	0	MEDIA_NEXT	תעביר|תעבור|העבר|הבא|שיר|מוזיקה|next|track|2585
2586	שיר הבא 2586	next track 2586	0	MEDIA_NEXT	הבא|שיר|מוזיקה|next|track|2586
2587	תעביר לשיר הקודם 2587	previous track 2587	0	MEDIA_PREV	תעביר|העבר|קודם|הקודם|שיר|מוזיקה|previous|track|2587
2588	נגן מוזיקה 2588	play 2588	0	MEDIA_PLAY	נגן|נגינה|מוזיקה|שיר|play|2588
2589	השהה מוזיקה 2589	pause 2589	0	MEDIA_PAUSE	השהה|מוזיקה|שיר|pause|2589
2590	עצור מוזיקה 2590	stop 2590	0	MEDIA_STOP	עצור|הפסק|מוזיקה|שיר|stop|2590
2591	תגביה שמע 2591	increase volume 2591	0	VOL_UP	תגביה|תגביהה|הגבהה|תגביר|תעלה|תרים|הגבר|שמע|קול|מוזיקה|שיר|volume|louder|2591
2592	תנמיך שמע 2592	decrease volume 2592	0	VOL_DOWN	תנמיך|הנמכה|תוריד|תקטין|הנמך|קול|שמע|מוזיקה|שיר|volume|quieter|2592
2593	השתק שמע 2593	mute 2593	0	MUTE	השתק|השתקה|שקט|בלי קול|mute|2593
2594	בטל השתקה 2594	unmute 2594	0	UNMUTE	בטל|השתק|unmute|2594
2595	תעביר לשיר הבא 2595	next track 2595	0	MEDIA_NEXT	תעביר|תעבור|העבר|הבא|שיר|מוזיקה|next|track|2595
2596	שיר הבא 2596	next track 2596	0	MEDIA_NEXT	הבא|שיר|מוזיקה|next|track|2596
2597	תעביר לשיר הקודם 2597	previous track 2597	0	MEDIA_PREV	תעביר|העבר|קודם|הקודם|שיר|מוזיקה|previous|track|2597
2598	נגן מוזיקה 2598	play 2598	0	MEDIA_PLAY	נגן|נגינה|מוזיקה|שיר|play|2598
2599	השהה מוזיקה 2599	pause 2599	0	MEDIA_PAUSE	השהה|מוזיקה|שיר|pause|2599
2600	עצור מוזיקה 2600	stop 2600	0	MEDIA_STOP	עצור|הפסק|מוזיקה|שיר|stop|2600
2601	תגביה שמע 2601	increase volume 2601	0	VOL_UP	תגביה|תגביהה|הגבהה|תגביר|תעלה|תרים|הגבר|שמע|קול|מוזיקה|שיר|volume|louder|2601
2602	תנמיך שמע 2602	decrease volume 2602	0	VOL_DOWN	תנמיך|הנמכה|תוריד|תקטין|הנמך|קול|שמע|מוזיקה|שיר|volume|quieter|2602
2603	השתק שמע 2603	mute 2603	0	MUTE	השתק|השתקה|שקט|בלי קול|mute|2603
2604	בטל השתקה 2604	unmute 2604	0	UNMUTE	בטל|השתק|unmute|2604
2605	תעביר לשיר הבא 2605	next track 2605	0	MEDIA_NEXT	תעביר|תעבור|העבר|הבא|שיר|מוזיקה|next|track|2605
2606	שיר הבא 2606	next track 2606	0	MEDIA_NEXT	הבא|שיר|מוזיקה|next|track|2606
2607	תעביר לשיר הקודם 2607	previous track 2607	0	MEDIA_PREV	תעביר|העבר|קודם|הקודם|שיר|מוזיקה|previous|track|2607
2608	נגן מוזיקה 2608	play 2608	0	MEDIA_PLAY	נגן|נגינה|מוזיקה|שיר|play|2608
2609	השהה מוזיקה 2609	pause 2609	0	MEDIA_PAUSE	השהה|מוזיקה|שיר|pause|2609
2610	עצור מוזיקה 2610	stop 2610	0	MEDIA_STOP	עצור|הפסק|מוזיקה|שיר|stop|2610
2611	תגביה שמע 2611	increase volume 2611	0	VOL_UP	תגביה|תגביהה|הגבהה|תגביר|תעלה|תרים|הגבר|שמע|קול|מוזיקה|שיר|volume|louder|2611
2612	תנמיך שמע 2612	decrease volume 2612	0	VOL_DOWN	תנמיך|הנמכה|תוריד|תקטין|הנמך|קול|שמע|מוזיקה|שיר|volume|quieter|2612
2613	השתק שמע 2613	mute 2613	0	MUTE	השתק|השתקה|שקט|בלי קול|mute|2613
2614	בטל השתקה 2614	unmute 2614	0	UNMUTE	בטל|השתק|unmute|2614
2615	תעביר לשיר הבא 2615	next track 2615	0	MEDIA_NEXT	תעביר|תעבור|העבר|הבא|שיר|מוזיקה|next|track|2615
2616	שיר הבא 2616	next track 2616	0	MEDIA_NEXT	הבא|שיר|מוזיקה|next|track|2616
2617	תעביר לשיר הקודם 2617	previous track 2617	0	MEDIA_PREV	תעביר|העבר|קודם|הקודם|שיר|מוזיקה|previous|track|2617
2618	נגן מוזיקה 2618	play 2618	0	MEDIA_PLAY	נגן|נגינה|מוזיקה|שיר|play|2618
2619	השהה מוזיקה 2619	pause 2619	0	MEDIA_PAUSE	השהה|מוזיקה|שיר|pause|2619
2620	עצור מוזיקה 2620	stop 2620	0	MEDIA_STOP	עצור|הפסק|מוזיקה|שיר|stop|2620
2621	תגביה שמע 2621	increase volume 2621	0	VOL_UP	תגביה|תגביהה|הגבהה|תגביר|תעלה|תרים|הגבר|שמע|קול|מוזיקה|שיר|volume|louder|2621
2622	תנמיך שמע 2622	decrease volume 2622	0	VOL_DOWN	תנמיך|הנמכה|תוריד|תקטין|הנמך|קול|שמע|מוזיקה|שיר|volume|quieter|2622
2623	השתק שמע 2623	mute 2623	0	MUTE	השתק|השתקה|שקט|בלי קול|mute|2623
2624	בטל השתקה 2624	unmute 2624	0	UNMUTE	בטל|השתק|unmute|2624
2625	תעביר לשיר הבא 2625	next track 2625	0	MEDIA_NEXT	תעביר|תעבור|העבר|הבא|שיר|מוזיקה|next|track|2625
2626	שיר הבא 2626	next track 2626	0	MEDIA_NEXT	הבא|שיר|מוזיקה|next|track|2626
2627	תעביר לשיר הקודם 2627	previous track 2627	0	MEDIA_PREV	תעביר|העבר|קודם|הקודם|שיר|מוזיקה|previous|track|2627
2628	נגן מוזיקה 2628	play 2628	0	MEDIA_PLAY	נגן|נגינה|מוזיקה|שיר|play|2628
2629	השהה מוזיקה 2629	pause 2629	0	MEDIA_PAUSE	השהה|מוזיקה|שיר|pause|2629
2630	עצור מוזיקה 2630	stop 2630	0	MEDIA_STOP	עצור|הפסק|מוזיקה|שיר|stop|2630
2631	תגביה שמע 2631	increase volume 2631	0	VOL_UP	תגביה|תגביהה|הגבהה|תגביר|תעלה|תרים|הגבר|שמע|קול|מוזיקה|שיר|volume|louder|2631
2632	תנמיך שמע 2632	decrease volume 2632	0	VOL_DOWN	תנמיך|הנמכה|תוריד|תקטין|הנמך|קול|שמע|מוזיקה|שיר|volume|quieter|2632
2633	השתק שמע 2633	mute 2633	0	MUTE	השתק|השתקה|שקט|בלי קול|mute|2633
2634	בטל השתקה 2634	unmute 2634	0	UNMUTE	בטל|השתק|unmute|2634
2635	תעביר לשיר הבא 2635	next track 2635	0	MEDIA_NEXT	תעביר|תעבור|העבר|הבא|שיר|מוזיקה|next|track|2635
2636	שיר הבא 2636	next track 2636	0	MEDIA_NEXT	הבא|שיר|מוזיקה|next|track|2636
2637	תעביר לשיר הקודם 2637	previous track 2637	0	MEDIA_PREV	תעביר|העבר|קודם|הקודם|שיר|מוזיקה|previous|track|2637
2638	נגן מוזיקה 2638	play 2638	0	MEDIA_PLAY	נגן|נגינה|מוזיקה|שיר|play|2638
2639	השהה מוזיקה 2639	pause 2639	0	MEDIA_PAUSE	השהה|מוזיקה|שיר|pause|2639
2640	עצור מוזיקה 2640	stop 2640	0	MEDIA_STOP	עצור|הפסק|מוזיקה|שיר|stop|2640
2641	תגביה שמע 2641	increase volume 2641	0	VOL_UP	תגביה|תגביהה|הגבהה|תגביר|תעלה|תרים|הגבר|שמע|קול|מוזיקה|שיר|volume|louder|2641
2642	תנמיך שמע 2642	decrease volume 2642	0	VOL_DOWN	תנמיך|הנמכה|תוריד|תקטין|הנמך|קול|שמע|מוזיקה|שיר|volume|quieter|2642
2643	השתק שמע 2643	mute 2643	0	MUTE	השתק|השתקה|שקט|בלי קול|mute|2643
2644	בטל השתקה 2644	unmute 2644	0	UNMUTE	בטל|השתק|unmute|2644
2645	תעביר לשיר הבא 2645	next track 2645	0	MEDIA_NEXT	תעביר|תעבור|העבר|הבא|שיר|מוזיקה|next|track|2645
2646	שיר הבא 2646	next track 2646	0	MEDIA_NEXT	הבא|שיר|מוזיקה|next|track|2646
2647	תעביר לשיר הקודם 2647	previous track 2647	0	MEDIA_PREV	תעביר|העבר|קודם|הקודם|שיר|מוזיקה|previous|track|2647
2648	נגן מוזיקה 2648	play 2648	0	MEDIA_PLAY	נגן|נגינה|מוזיקה|שיר|play|2648
2649	השהה מוזיקה 2649	pause 2649	0	MEDIA_PAUSE	השהה|מוזיקה|שיר|pause|2649
2650	עצור מוזיקה 2650	stop 2650	0	MEDIA_STOP	עצור|הפסק|מוזיקה|שיר|stop|2650
2651	תגביה שמע 2651	increase volume 2651	0	VOL_UP	תגביה|תגביהה|הגבהה|תגביר|תעלה|תרים|הגבר|שמע|קול|מוזיקה|שיר|volume|louder|2651
2652	תנמיך שמע 2652	decrease volume 2652	0	VOL_DOWN	תנמיך|הנמכה|תוריד|תקטין|הנמך|קול|שמע|מוזיקה|שיר|volume|quieter|2652
2653	השתק שמע 2653	mute 2653	0	MUTE	השתק|השתקה|שקט|בלי קול|mute|2653
2654	בטל השתקה 2654	unmute 2654	0	UNMUTE	בטל|השתק|unmute|2654
2655	תעביר לשיר הבא 2655	next track 2655	0	MEDIA_NEXT	תעביר|תעבור|העבר|הבא|שיר|מוזיקה|next|track|2655
2656	שיר הבא 2656	next track 2656	0	MEDIA_NEXT	הבא|שיר|מוזיקה|next|track|2656
2657	תעביר לשיר הקודם 2657	previous track 2657	0	MEDIA_PREV	תעביר|העבר|קודם|הקודם|שיר|מוזיקה|previous|track|2657
2658	נגן מוזיקה 2658	play 2658	0	MEDIA_PLAY	נגן|נגינה|מוזיקה|שיר|play|2658
2659	השהה מוזיקה 2659	pause 2659	0	MEDIA_PAUSE	השהה|מוזיקה|שיר|pause|2659
2660	עצור מוזיקה 2660	stop 2660	0	MEDIA_STOP	עצור|הפסק|מוזיקה|שיר|stop|2660
2661	תגביה שמע 2661	increase volume 2661	0	VOL_UP	תגביה|תגביהה|הגבהה|תגביר|תעלה|תרים|הגבר|שמע|קול|מוזיקה|שיר|volume|louder|2661
2662	תנמיך שמע 2662	decrease volume 2662	0	VOL_DOWN	תנמיך|הנמכה|תוריד|תקטין|הנמך|קול|שמע|מוזיקה|שיר|volume|quieter|2662
2663	השתק שמע 2663	mute 2663	0	MUTE	השתק|השתקה|שקט|בלי קול|mute|2663
2664	בטל השתקה 2664	unmute 2664	0	UNMUTE	בטל|השתק|unmute|2664
2665	תעביר לשיר הבא 2665	next track 2665	0	MEDIA_NEXT	תעביר|תעבור|העבר|הבא|שיר|מוזיקה|next|track|2665
2666	שיר הבא 2666	next track 2666	0	MEDIA_NEXT	הבא|שיר|מוזיקה|next|track|2666
2667	תעביר לשיר הקודם 2667	previous track 2667	0	MEDIA_PREV	תעביר|העבר|קודם|הקודם|שיר|מוזיקה|previous|track|2667
2668	נגן מוזיקה 2668	play 2668	0	MEDIA_PLAY	נגן|נגינה|מוזיקה|שיר|play|2668
2669	השהה מוזיקה 2669	pause 2669	0	MEDIA_PAUSE	השהה|מוזיקה|שיר|pause|2669
2670	עצור מוזיקה 2670	stop 2670	0	MEDIA_STOP	עצור|הפסק|מוזיקה|שיר|stop|2670
2671	תגביה שמע 2671	increase volume 2671	0	VOL_UP	תגביה|תגביהה|הגבהה|תגביר|תעלה|תרים|הגבר|שמע|קול|מוזיקה|שיר|volume|louder|2671
2672	תנמיך שמע 2672	decrease volume 2672	0	VOL_DOWN	תנמיך|הנמכה|תוריד|תקטין|הנמך|קול|שמע|מוזיקה|שיר|volume|quieter|2672
2673	השתק שמע 2673	mute 2673	0	MUTE	השתק|השתקה|שקט|בלי קול|mute|2673
2674	בטל השתקה 2674	unmute 2674	0	UNMUTE	בטל|השתק|unmute|2674
2675	תעביר לשיר הבא 2675	next track 2675	0	MEDIA_NEXT	תעביר|תעבור|העבר|הבא|שיר|מוזיקה|next|track|2675
2676	שיר הבא 2676	next track 2676	0	MEDIA_NEXT	הבא|שיר|מוזיקה|next|track|2676
2677	תעביר לשיר הקודם 2677	previous track 2677	0	MEDIA_PREV	תעביר|העבר|קודם|הקודם|שיר|מוזיקה|previous|track|2677
2678	נגן מוזיקה 2678	play 2678	0	MEDIA_PLAY	נגן|נגינה|מוזיקה|שיר|play|2678
2679	השהה מוזיקה 2679	pause 2679	0	MEDIA_PAUSE	השהה|מוזיקה|שיר|pause|2679
2680	עצור מוזיקה 2680	stop 2680	0	MEDIA_STOP	עצור|הפסק|מוזיקה|שיר|stop|2680
2681	תגביה שמע 2681	increase volume 2681	0	VOL_UP	תגביה|תגביהה|הגבהה|תגביר|תעלה|תרים|הגבר|שמע|קול|מוזיקה|שיר|volume|louder|2681
2682	תנמיך שמע 2682	decrease volume 2682	0	VOL_DOWN	תנמיך|הנמכה|תוריד|תקטין|הנמך|קול|שמע|מוזיקה|שיר|volume|quieter|2682
2683	השתק שמע 2683	mute 2683	0	MUTE	השתק|השתקה|שקט|בלי קול|mute|2683
2684	בטל השתקה 2684	unmute 2684	0	UNMUTE	בטל|השתק|unmute|2684
2685	תעביר לשיר הבא 2685	next track 2685	0	MEDIA_NEXT	תעביר|תעבור|העבר|הבא|שיר|מוזיקה|next|track|2685
2686	שיר הבא 2686	next track 2686	0	MEDIA_NEXT	הבא|שיר|מוזיקה|next|track|2686
2687	תעביר לשיר הקודם 2687	previous track 2687	0	MEDIA_PREV	תעביר|העבר|קודם|הקודם|שיר|מוזיקה|previous|track|2687
2688	נגן מוזיקה 2688	play 2688	0	MEDIA_PLAY	נגן|נגינה|מוזיקה|שיר|play|2688
2689	השהה מוזיקה 2689	pause 2689	0	MEDIA_PAUSE	השהה|מוזיקה|שיר|pause|2689
2690	עצור מוזיקה 2690	stop 2690	0	MEDIA_STOP	עצור|הפסק|מוזיקה|שיר|stop|2690
2691	תגביה שמע 2691	increase volume 2691	0	VOL_UP	תגביה|תגביהה|הגבהה|תגביר|תעלה|תרים|הגבר|שמע|קול|מוזיקה|שיר|volume|louder|2691
2692	תנמיך שמע 2692	decrease volume 2692	0	VOL_DOWN	תנמיך|הנמכה|תוריד|תקטין|הנמך|קול|שמע|מוזיקה|שיר|volume|quieter|2692
2693	השתק שמע 2693	mute 2693	0	MUTE	השתק|השתקה|שקט|בלי קול|mute|2693
2694	בטל השתקה 2694	unmute 2694	0	UNMUTE	בטל|השתק|unmute|2694
2695	תעביר לשיר הבא 2695	next track 2695	0	MEDIA_NEXT	תעביר|תעבור|העבר|הבא|שיר|מוזיקה|next|track|2695
2696	שיר הבא 2696	next track 2696	0	MEDIA_NEXT	הבא|שיר|מוזיקה|next|track|2696
2697	תעביר לשיר הקודם 2697	previous track 2697	0	MEDIA_PREV	תעביר|העבר|קודם|הקודם|שיר|מוזיקה|previous|track|2697
2698	נגן מוזיקה 2698	play 2698	0	MEDIA_PLAY	נגן|נגינה|מוזיקה|שיר|play|2698
2699	השהה מוזיקה 2699	pause 2699	0	MEDIA_PAUSE	השהה|מוזיקה|שיר|pause|2699
2700	עצור מוזיקה 2700	stop 2700	0	MEDIA_STOP	עצור|הפסק|מוזיקה|שיר|stop|2700
2701	תגביה שמע 2701	increase volume 2701	0	VOL_UP	תגביה|תגביהה|הגבהה|תגביר|תעלה|תרים|הגבר|שמע|קול|מוזיקה|שיר|volume|louder|2701
2702	תנמיך שמע 2702	decrease volume 2702	0	VOL_DOWN	תנמיך|הנמכה|תוריד|תקטין|הנמך|קול|שמע|מוזיקה|שיר|volume|quieter|2702
2703	השתק שמע 2703	mute 2703	0	MUTE	השתק|השתקה|שקט|בלי קול|mute|2703
2704	בטל השתקה 2704	unmute 2704	0	UNMUTE	בטל|השתק|unmute|2704
2705	תעביר לשיר הבא 2705	next track 2705	0	MEDIA_NEXT	תעביר|תעבור|העבר|הבא|שיר|מוזיקה|next|track|2705
2706	שיר הבא 2706	next track 2706	0	MEDIA_NEXT	הבא|שיר|מוזיקה|next|track|2706
2707	תעביר לשיר הקודם 2707	previous track 2707	0	MEDIA_PREV	תעביר|העבר|קודם|הקודם|שיר|מוזיקה|previous|track|2707
2708	נגן מוזיקה 2708	play 2708	0	MEDIA_PLAY	נגן|נגינה|מוזיקה|שיר|play|2708
2709	השהה מוזיקה 2709	pause 2709	0	MEDIA_PAUSE	השהה|מוזיקה|שיר|pause|2709
2710	עצור מוזיקה 2710	stop 2710	0	MEDIA_STOP	עצור|הפסק|מוזיקה|שיר|stop|2710
2711	תגביה שמע 2711	increase volume 2711	0	VOL_UP	תגביה|תגביהה|הגבהה|תגביר|תעלה|תרים|הגבר|שמע|קול|מוזיקה|שיר|volume|louder|2711
2712	תנמיך שמע 2712	decrease volume 2712	0	VOL_DOWN	תנמיך|הנמכה|תוריד|תקטין|הנמך|קול|שמע|מוזיקה|שיר|volume|quieter|2712
2713	השתק שמע 2713	mute 2713	0	MUTE	השתק|השתקה|שקט|בלי קול|mute|2713
2714	בטל השתקה 2714	unmute 2714	0	UNMUTE	בטל|השתק|unmute|2714
2715	תעביר לשיר הבא 2715	next track 2715	0	MEDIA_NEXT	תעביר|תעבור|העבר|הבא|שיר|מוזיקה|next|track|2715
2716	שיר הבא 2716	next track 2716	0	MEDIA_NEXT	הבא|שיר|מוזיקה|next|track|2716
2717	תעביר לשיר הקודם 2717	previous track 2717	0	MEDIA_PREV	תעביר|העבר|קודם|הקודם|שיר|מוזיקה|previous|track|2717
2718	נגן מוזיקה 2718	play 2718	0	MEDIA_PLAY	נגן|נגינה|מוזיקה|שיר|play|2718
2719	השהה מוזיקה 2719	pause 2719	0	MEDIA_PAUSE	השהה|מוזיקה|שיר|pause|2719
2720	עצור מוזיקה 2720	stop 2720	0	MEDIA_STOP	עצור|הפסק|מוזיקה|שיר|stop|2720
2721	תגביה שמע 2721	increase volume 2721	0	VOL_UP	תגביה|תגביהה|הגבהה|תגביר|תעלה|תרים|הגבר|שמע|קול|מוזיקה|שיר|volume|louder|2721
2722	תנמיך שמע 2722	decrease volume 2722	0	VOL_DOWN	תנמיך|הנמכה|תוריד|תקטין|הנמך|קול|שמע|מוזיקה|שיר|volume|quieter|2722
2723	השתק שמע 2723	mute 2723	0	MUTE	השתק|השתקה|שקט|בלי קול|mute|2723
2724	בטל השתקה 2724	unmute 2724	0	UNMUTE	בטל|השתק|unmute|2724
2725	תעביר לשיר הבא 2725	next track 2725	0	MEDIA_NEXT	תעביר|תעבור|העבר|הבא|שיר|מוזיקה|next|track|2725
2726	שיר הבא 2726	next track 2726	0	MEDIA_NEXT	הבא|שיר|מוזיקה|next|track|2726
2727	תעביר לשיר הקודם 2727	previous track 2727	0	MEDIA_PREV	תעביר|העבר|קודם|הקודם|שיר|מוזיקה|previous|track|2727
2728	נגן מוזיקה 2728	play 2728	0	MEDIA_PLAY	נגן|נגינה|מוזיקה|שיר|play|2728
2729	השהה מוזיקה 2729	pause 2729	0	MEDIA_PAUSE	השהה|מוזיקה|שיר|pause|2729
2730	עצור מוזיקה 2730	stop 2730	0	MEDIA_STOP	עצור|הפסק|מוזיקה|שיר|stop|2730
2731	תגביה שמע 2731	increase volume 2731	0	VOL_UP	תגביה|תגביהה|הגבהה|תגביר|תעלה|תרים|הגבר|שמע|קול|מוזיקה|שיר|volume|louder|2731
2732	תנמיך שמע 2732	decrease volume 2732	0	VOL_DOWN	תנמיך|הנמכה|תוריד|תקטין|הנמך|קול|שמע|מוזיקה|שיר|volume|quieter|2732
2733	השתק שמע 2733	mute 2733	0	MUTE	השתק|השתקה|שקט|בלי קול|mute|2733
2734	בטל השתקה 2734	unmute 2734	0	UNMUTE	בטל|השתק|unmute|2734
2735	תעביר לשיר הבא 2735	next track 2735	0	MEDIA_NEXT	תעביר|תעבור|העבר|הבא|שיר|מוזיקה|next|track|2735
2736	שיר הבא 2736	next track 2736	0	MEDIA_NEXT	הבא|שיר|מוזיקה|next|track|2736
2737	תעביר לשיר הקודם 2737	previous track 2737	0	MEDIA_PREV	תעביר|העבר|קודם|הקודם|שיר|מוזיקה|previous|track|2737
2738	נגן מוזיקה 2738	play 2738	0	MEDIA_PLAY	נגן|נגינה|מוזיקה|שיר|play|2738
2739	השהה מוזיקה 2739	pause 2739	0	MEDIA_PAUSE	השהה|מוזיקה|שיר|pause|2739
2740	עצור מוזיקה 2740	stop 2740	0	MEDIA_STOP	עצור|הפסק|מוזיקה|שיר|stop|2740
2741	תגביה שמע 2741	increase volume 2741	0	VOL_UP	תגביה|תגביהה|הגבהה|תגביר|תעלה|תרים|הגבר|שמע|קול|מוזיקה|שיר|volume|louder|2741
2742	תנמיך שמע 2742	decrease volume 2742	0	VOL_DOWN	תנמיך|הנמכה|תוריד|תקטין|הנמך|קול|שמע|מוזיקה|שיר|volume|quieter|2742
2743	השתק שמע 2743	mute 2743	0	MUTE	השתק|השתקה|שקט|בלי קול|mute|2743
2744	בטל השתקה 2744	unmute 2744	0	UNMUTE	בטל|השתק|unmute|2744
2745	תעביר לשיר הבא 2745	next track 2745	0	MEDIA_NEXT	תעביר|תעבור|העבר|הבא|שיר|מוזיקה|next|track|2745
2746	שיר הבא 2746	next track 2746	0	MEDIA_NEXT	הבא|שיר|מוזיקה|next|track|2746
2747	תעביר לשיר הקודם 2747	previous track 2747	0	MEDIA_PREV	תעביר|העבר|קודם|הקודם|שיר|מוזיקה|previous|track|2747
2748	נגן מוזיקה 2748	play 2748	0	MEDIA_PLAY	נגן|נגינה|מוזיקה|שיר|play|2748
2749	השהה מוזיקה 2749	pause 2749	0	MEDIA_PAUSE	השהה|מוזיקה|שיר|pause|2749
2750	עצור מוזיקה 2750	stop 2750	0	MEDIA_STOP	עצור|הפסק|מוזיקה|שיר|stop|2750
2751	תגביה שמע 2751	increase volume 2751	0	VOL_UP	תגביה|תגביהה|הגבהה|תגביר|תעלה|תרים|הגבר|שמע|קול|מוזיקה|שיר|volume|louder|2751
2752	תנמיך שמע 2752	decrease volume 2752	0	VOL_DOWN	תנמיך|הנמכה|תוריד|תקטין|הנמך|קול|שמע|מוזיקה|שיר|volume|quieter|2752
2753	השתק שמע 2753	mute 2753	0	MUTE	השתק|השתקה|שקט|בלי קול|mute|2753
2754	בטל השתקה 2754	unmute 2754	0	UNMUTE	בטל|השתק|unmute|2754
2755	תעביר לשיר הבא 2755	next track 2755	0	MEDIA_NEXT	תעביר|תעבור|העבר|הבא|שיר|מוזיקה|next|track|2755
2756	שיר הבא 2756	next track 2756	0	MEDIA_NEXT	הבא|שיר|מוזיקה|next|track|2756
2757	תעביר לשיר הקודם 2757	previous track 2757	0	MEDIA_PREV	תעביר|העבר|קודם|הקודם|שיר|מוזיקה|previous|track|2757
2758	נגן מוזיקה 2758	play 2758	0	MEDIA_PLAY	נגן|נגינה|מוזיקה|שיר|play|2758
2759	השהה מוזיקה 2759	pause 2759	0	MEDIA_PAUSE	השהה|מוזיקה|שיר|pause|2759
2760	עצור מוזיקה 2760	stop 2760	0	MEDIA_STOP	עצור|הפסק|מוזיקה|שיר|stop|2760
2761	תגביה שמע 2761	increase volume 2761	0	VOL_UP	תגביה|תגביהה|הגבהה|תגביר|תעלה|תרים|הגבר|שמע|קול|מוזיקה|שיר|volume|louder|2761
2762	תנמיך שמע 2762	decrease volume 2762	0	VOL_DOWN	תנמיך|הנמכה|תוריד|תקטין|הנמך|קול|שמע|מוזיקה|שיר|volume|quieter|2762
2763	השתק שמע 2763	mute 2763	0	MUTE	השתק|השתקה|שקט|בלי קול|mute|2763
2764	בטל השתקה 2764	unmute 2764	0	UNMUTE	בטל|השתק|unmute|2764
2765	תעביר לשיר הבא 2765	next track 2765	0	MEDIA_NEXT	תעביר|תעבור|העבר|הבא|שיר|מוזיקה|next|track|2765
2766	שיר הבא 2766	next track 2766	0	MEDIA_NEXT	הבא|שיר|מוזיקה|next|track|2766
2767	תעביר לשיר הקודם 2767	previous track 2767	0	MEDIA_PREV	תעביר|העבר|קודם|הקודם|שיר|מוזיקה|previous|track|2767
2768	נגן מוזיקה 2768	play 2768	0	MEDIA_PLAY	נגן|נגינה|מוזיקה|שיר|play|2768
2769	השהה מוזיקה 2769	pause 2769	0	MEDIA_PAUSE	השהה|מוזיקה|שיר|pause|2769
2770	עצור מוזיקה 2770	stop 2770	0	MEDIA_STOP	עצור|הפסק|מוזיקה|שיר|stop|2770
2771	תגביה שמע 2771	increase volume 2771	0	VOL_UP	תגביה|תגביהה|הגבהה|תגביר|תעלה|תרים|הגבר|שמע|קול|מוזיקה|שיר|volume|louder|2771
2772	תנמיך שמע 2772	decrease volume 2772	0	VOL_DOWN	תנמיך|הנמכה|תוריד|תקטין|הנמך|קול|שמע|מוזיקה|שיר|volume|quieter|2772
2773	השתק שמע 2773	mute 2773	0	MUTE	השתק|השתקה|שקט|בלי קול|mute|2773
2774	בטל השתקה 2774	unmute 2774	0	UNMUTE	בטל|השתק|unmute|2774
2775	תעביר לשיר הבא 2775	next track 2775	0	MEDIA_NEXT	תעביר|תעבור|העבר|הבא|שיר|מוזיקה|next|track|2775
2776	שיר הבא 2776	next track 2776	0	MEDIA_NEXT	הבא|שיר|מוזיקה|next|track|2776
2777	תעביר לשיר הקודם 2777	previous track 2777	0	MEDIA_PREV	תעביר|העבר|קודם|הקודם|שיר|מוזיקה|previous|track|2777
2778	נגן מוזיקה 2778	play 2778	0	MEDIA_PLAY	נגן|נגינה|מוזיקה|שיר|play|2778
2779	השהה מוזיקה 2779	pause 2779	0	MEDIA_PAUSE	השהה|מוזיקה|שיר|pause|2779
2780	עצור מוזיקה 2780	stop 2780	0	MEDIA_STOP	עצור|הפסק|מוזיקה|שיר|stop|2780
2781	תגביה שמע 2781	increase volume 2781	0	VOL_UP	תגביה|תגביהה|הגבהה|תגביר|תעלה|תרים|הגבר|שמע|קול|מוזיקה|שיר|volume|louder|2781
2782	תנמיך שמע 2782	decrease volume 2782	0	VOL_DOWN	תנמיך|הנמכה|תוריד|תקטין|הנמך|קול|שמע|מוזיקה|שיר|volume|quieter|2782
2783	השתק שמע 2783	mute 2783	0	MUTE	השתק|השתקה|שקט|בלי קול|mute|2783
2784	בטל השתקה 2784	unmute 2784	0	UNMUTE	בטל|השתק|unmute|2784
2785	תעביר לשיר הבא 2785	next track 2785	0	MEDIA_NEXT	תעביר|תעבור|העבר|הבא|שיר|מוזיקה|next|track|2785
2786	שיר הבא 2786	next track 2786	0	MEDIA_NEXT	הבא|שיר|מוזיקה|next|track|2786
2787	תעביר לשיר הקודם 2787	previous track 2787	0	MEDIA_PREV	תעביר|העבר|קודם|הקודם|שיר|מוזיקה|previous|track|2787
2788	נגן מוזיקה 2788	play 2788	0	MEDIA_PLAY	נגן|נגינה|מוזיקה|שיר|play|2788
2789	השהה מוזיקה 2789	pause 2789	0	MEDIA_PAUSE	השהה|מוזיקה|שיר|pause|2789
2790	עצור מוזיקה 2790	stop 2790	0	MEDIA_STOP	עצור|הפסק|מוזיקה|שיר|stop|2790
2791	תגביה שמע 2791	increase volume 2791	0	VOL_UP	תגביה|תגביהה|הגבהה|תגביר|תעלה|תרים|הגבר|שמע|קול|מוזיקה|שיר|volume|louder|2791
2792	תנמיך שמע 2792	decrease volume 2792	0	VOL_DOWN	תנמיך|הנמכה|תוריד|תקטין|הנמך|קול|שמע|מוזיקה|שיר|volume|quieter|2792
2793	השתק שמע 2793	mute 2793	0	MUTE	השתק|השתקה|שקט|בלי קול|mute|2793
2794	בטל השתקה 2794	unmute 2794	0	UNMUTE	בטל|השתק|unmute|2794
2795	תעביר לשיר הבא 2795	next track 2795	0	MEDIA_NEXT	תעביר|תעבור|העבר|הבא|שיר|מוזיקה|next|track|2795
2796	שיר הבא 2796	next track 2796	0	MEDIA_NEXT	הבא|שיר|מוזיקה|next|track|2796
2797	תעביר לשיר הקודם 2797	previous track 2797	0	MEDIA_PREV	תעביר|העבר|קודם|הקודם|שיר|מוזיקה|previous|track|2797
2798	נגן מוזיקה 2798	play 2798	0	MEDIA_PLAY	נגן|נגינה|מוזיקה|שיר|play|2798
2799	השהה מוזיקה 2799	pause 2799	0	MEDIA_PAUSE	השהה|מוזיקה|שיר|pause|2799
2800	עצור מוזיקה 2800	stop 2800	0	MEDIA_STOP	עצור|הפסק|מוזיקה|שיר|stop|2800
2801	תגביה שמע 2801	increase volume 2801	0	VOL_UP	תגביה|תגביהה|הגבהה|תגביר|תעלה|תרים|הגבר|שמע|קול|מוזיקה|שיר|volume|louder|2801
2802	תנמיך שמע 2802	decrease volume 2802	0	VOL_DOWN	תנמיך|הנמכה|תוריד|תקטין|הנמך|קול|שמע|מוזיקה|שיר|volume|quieter|2802
2803	השתק שמע 2803	mute 2803	0	MUTE	השתק|השתקה|שקט|בלי קול|mute|2803
2804	בטל השתקה 2804	unmute 2804	0	UNMUTE	בטל|השתק|unmute|2804
2805	תעביר לשיר הבא 2805	next track 2805	0	MEDIA_NEXT	תעביר|תעבור|העבר|הבא|שיר|מוזיקה|next|track|2805
2806	שיר הבא 2806	next track 2806	0	MEDIA_NEXT	הבא|שיר|מוזיקה|next|track|2806
2807	תעביר לשיר הקודם 2807	previous track 2807	0	MEDIA_PREV	תעביר|העבר|קודם|הקודם|שיר|מוזיקה|previous|track|2807
2808	נגן מוזיקה 2808	play 2808	0	MEDIA_PLAY	נגן|נגינה|מוזיקה|שיר|play|2808
2809	השהה מוזיקה 2809	pause 2809	0	MEDIA_PAUSE	השהה|מוזיקה|שיר|pause|2809
2810	עצור מוזיקה 2810	stop 2810	0	MEDIA_STOP	עצור|הפסק|מוזיקה|שיר|stop|2810
2811	תגביה שמע 2811	increase volume 2811	0	VOL_UP	תגביה|תגביהה|הגבהה|תגביר|תעלה|תרים|הגבר|שמע|קול|מוזיקה|שיר|volume|louder|2811
2812	תנמיך שמע 2812	decrease volume 2812	0	VOL_DOWN	תנמיך|הנמכה|תוריד|תקטין|הנמך|קול|שמע|מוזיקה|שיר|volume|quieter|2812
2813	השתק שמע 2813	mute 2813	0	MUTE	השתק|השתקה|שקט|בלי קול|mute|2813
2814	בטל השתקה 2814	unmute 2814	0	UNMUTE	בטל|השתק|unmute|2814
2815	תעביר לשיר הבא 2815	next track 2815	0	MEDIA_NEXT	תעביר|תעבור|העבר|הבא|שיר|מוזיקה|next|track|2815
2816	שיר הבא 2816	next track 2816	0	MEDIA_NEXT	הבא|שיר|מוזיקה|next|track|2816
2817	תעביר לשיר הקודם 2817	previous track 2817	0	MEDIA_PREV	תעביר|העבר|קודם|הקודם|שיר|מוזיקה|previous|track|2817
2818	נגן מוזיקה 2818	play 2818	0	MEDIA_PLAY	נגן|נגינה|מוזיקה|שיר|play|2818
2819	השהה מוזיקה 2819	pause 2819	0	MEDIA_PAUSE	השהה|מוזיקה|שיר|pause|2819
2820	עצור מוזיקה 2820	stop 2820	0	MEDIA_STOP	עצור|הפסק|מוזיקה|שיר|stop|2820
2821	תגביה שמע 2821	increase volume 2821	0	VOL_UP	תגביה|תגביהה|הגבהה|תגביר|תעלה|תרים|הגבר|שמע|קול|מוזיקה|שיר|volume|louder|2821
2822	תנמיך שמע 2822	decrease volume 2822	0	VOL_DOWN	תנמיך|הנמכה|תוריד|תקטין|הנמך|קול|שמע|מוזיקה|שיר|volume|quieter|2822
2823	השתק שמע 2823	mute 2823	0	MUTE	השתק|השתקה|שקט|בלי קול|mute|2823
2824	בטל השתקה 2824	unmute 2824	0	UNMUTE	בטל|השתק|unmute|2824
2825	תעביר לשיר הבא 2825	next track 2825	0	MEDIA_NEXT	תעביר|תעבור|העבר|הבא|שיר|מוזיקה|next|track|2825
2826	שיר הבא 2826	next track 2826	0	MEDIA_NEXT	הבא|שיר|מוזיקה|next|track|2826
2827	תעביר לשיר הקודם 2827	previous track 2827	0	MEDIA_PREV	תעביר|העבר|קודם|הקודם|שיר|מוזיקה|previous|track|2827
2828	נגן מוזיקה 2828	play 2828	0	MEDIA_PLAY	נגן|נגינה|מוזיקה|שיר|play|2828
2829	השהה מוזיקה 2829	pause 2829	0	MEDIA_PAUSE	השהה|מוזיקה|שיר|pause|2829
2830	עצור מוזיקה 2830	stop 2830	0	MEDIA_STOP	עצור|הפסק|מוזיקה|שיר|stop|2830
2831	תגביה שמע 2831	increase volume 2831	0	VOL_UP	תגביה|תגביהה|הגבהה|תגביר|תעלה|תרים|הגבר|שמע|קול|מוזיקה|שיר|volume|louder|2831
2832	תנמיך שמע 2832	decrease volume 2832	0	VOL_DOWN	תנמיך|הנמכה|תוריד|תקטין|הנמך|קול|שמע|מוזיקה|שיר|volume|quieter|2832
2833	השתק שמע 2833	mute 2833	0	MUTE	השתק|השתקה|שקט|בלי קול|mute|2833
2834	בטל השתקה 2834	unmute 2834	0	UNMUTE	בטל|השתק|unmute|2834
2835	תעביר לשיר הבא 2835	next track 2835	0	MEDIA_NEXT	תעביר|תעבור|העבר|הבא|שיר|מוזיקה|next|track|2835
2836	שיר הבא 2836	next track 2836	0	MEDIA_NEXT	הבא|שיר|מוזיקה|next|track|2836
2837	תעביר לשיר הקודם 2837	previous track 2837	0	MEDIA_PREV	תעביר|העבר|קודם|הקודם|שיר|מוזיקה|previous|track|2837
2838	נגן מוזיקה 2838	play 2838	0	MEDIA_PLAY	נגן|נגינה|מוזיקה|שיר|play|2838
2839	השהה מוזיקה 2839	pause 2839	0	MEDIA_PAUSE	השהה|מוזיקה|שיר|pause|2839
2840	עצור מוזיקה 2840	stop 2840	0	MEDIA_STOP	עצור|הפסק|מוזיקה|שיר|stop|2840
2841	תגביה שמע 2841	increase volume 2841	0	VOL_UP	תגביה|תגביהה|הגבהה|תגביר|תעלה|תרים|הגבר|שמע|קול|מוזיקה|שיר|volume|louder|2841
2842	תנמיך שמע 2842	decrease volume 2842	0	VOL_DOWN	תנמיך|הנמכה|תוריד|תקטין|הנמך|קול|שמע|מוזיקה|שיר|volume|quieter|2842
2843	השתק שמע 2843	mute 2843	0	MUTE	השתק|השתקה|שקט|בלי קול|mute|2843
2844	בטל השתקה 2844	unmute 2844	0	UNMUTE	בטל|השתק|unmute|2844
2845	תעביר לשיר הבא 2845	next track 2845	0	MEDIA_NEXT	תעביר|תעבור|העבר|הבא|שיר|מוזיקה|next|track|2845
2846	שיר הבא 2846	next track 2846	0	MEDIA_NEXT	הבא|שיר|מוזיקה|next|track|2846
2847	תעביר לשיר הקודם 2847	previous track 2847	0	MEDIA_PREV	תעביר|העבר|קודם|הקודם|שיר|מוזיקה|previous|track|2847
2848	נגן מוזיקה 2848	play 2848	0	MEDIA_PLAY	נגן|נגינה|מוזיקה|שיר|play|2848
2849	השהה מוזיקה 2849	pause 2849	0	MEDIA_PAUSE	השהה|מוזיקה|שיר|pause|2849
2850	עצור מוזיקה 2850	stop 2850	0	MEDIA_STOP	עצור|הפסק|מוזיקה|שיר|stop|2850
2851	תגביה שמע 2851	increase volume 2851	0	VOL_UP	תגביה|תגביהה|הגבהה|תגביר|תעלה|תרים|הגבר|שמע|קול|מוזיקה|שיר|volume|louder|2851
2852	תנמיך שמע 2852	decrease volume 2852	0	VOL_DOWN	תנמיך|הנמכה|תוריד|תקטין|הנמך|קול|שמע|מוזיקה|שיר|volume|quieter|2852
2853	השתק שמע 2853	mute 2853	0	MUTE	השתק|השתקה|שקט|בלי קול|mute|2853
2854	בטל השתקה 2854	unmute 2854	0	UNMUTE	בטל|השתק|unmute|2854
2855	תעביר לשיר הבא 2855	next track 2855	0	MEDIA_NEXT	תעביר|תעבור|העבר|הבא|שיר|מוזיקה|next|track|2855
2856	שיר הבא 2856	next track 2856	0	MEDIA_NEXT	הבא|שיר|מוזיקה|next|track|2856
2857	תעביר לשיר הקודם 2857	previous track 2857	0	MEDIA_PREV	תעביר|העבר|קודם|הקודם|שיר|מוזיקה|previous|track|2857
2858	נגן מוזיקה 2858	play 2858	0	MEDIA_PLAY	נגן|נגינה|מוזיקה|שיר|play|2858
2859	השהה מוזיקה 2859	pause 2859	0	MEDIA_PAUSE	השהה|מוזיקה|שיר|pause|2859
2860	עצור מוזיקה 2860	stop 2860	0	MEDIA_STOP	עצור|הפסק|מוזיקה|שיר|stop|2860
2861	תגביה שמע 2861	increase volume 2861	0	VOL_UP	תגביה|תגביהה|הגבהה|תגביר|תעלה|תרים|הגבר|שמע|קול|מוזיקה|שיר|volume|louder|2861
2862	תנמיך שמע 2862	decrease volume 2862	0	VOL_DOWN	תנמיך|הנמכה|תוריד|תקטין|הנמך|קול|שמע|מוזיקה|שיר|volume|quieter|2862
2863	השתק שמע 2863	mute 2863	0	MUTE	השתק|השתקה|שקט|בלי קול|mute|2863
2864	בטל השתקה 2864	unmute 2864	0	UNMUTE	בטל|השתק|unmute|2864
2865	תעביר לשיר הבא 2865	next track 2865	0	MEDIA_NEXT	תעביר|תעבור|העבר|הבא|שיר|מוזיקה|next|track|2865
2866	שיר הבא 2866	next track 2866	0	MEDIA_NEXT	הבא|שיר|מוזיקה|next|track|2866
2867	תעביר לשיר הקודם 2867	previous track 2867	0	MEDIA_PREV	תעביר|העבר|קודם|הקודם|שיר|מוזיקה|previous|track|2867
2868	נגן מוזיקה 2868	play 2868	0	MEDIA_PLAY	נגן|נגינה|מוזיקה|שיר|play|2868
2869	השהה מוזיקה 2869	pause 2869	0	MEDIA_PAUSE	השהה|מוזיקה|שיר|pause|2869
2870	עצור מוזיקה 2870	stop 2870	0	MEDIA_STOP	עצור|הפסק|מוזיקה|שיר|stop|2870
2871	תגביה שמע 2871	increase volume 2871	0	VOL_UP	תגביה|תגביהה|הגבהה|תגביר|תעלה|תרים|הגבר|שמע|קול|מוזיקה|שיר|volume|louder|2871
2872	תנמיך שמע 2872	decrease volume 2872	0	VOL_DOWN	תנמיך|הנמכה|תוריד|תקטין|הנמך|קול|שמע|מוזיקה|שיר|volume|quieter|2872
2873	השתק שמע 2873	mute 2873	0	MUTE	השתק|השתקה|שקט|בלי קול|mute|2873
2874	בטל השתקה 2874	unmute 2874	0	UNMUTE	בטל|השתק|unmute|2874
2875	תעביר לשיר הבא 2875	next track 2875	0	MEDIA_NEXT	תעביר|תעבור|העבר|הבא|שיר|מוזיקה|next|track|2875
2876	שיר הבא 2876	next track 2876	0	MEDIA_NEXT	הבא|שיר|מוזיקה|next|track|2876
2877	תעביר לשיר הקודם 2877	previous track 2877	0	MEDIA_PREV	תעביר|העבר|קודם|הקודם|שיר|מוזיקה|previous|track|2877
2878	נגן מוזיקה 2878	play 2878	0	MEDIA_PLAY	נגן|נגינה|מוזיקה|שיר|play|2878
2879	השהה מוזיקה 2879	pause 2879	0	MEDIA_PAUSE	השהה|מוזיקה|שיר|pause|2879
2880	עצור מוזיקה 2880	stop 2880	0	MEDIA_STOP	עצור|הפסק|מוזיקה|שיר|stop|2880
2881	תגביה שמע 2881	increase volume 2881	0	VOL_UP	תגביה|תגביהה|הגבהה|תגביר|תעלה|תרים|הגבר|שמע|קול|מוזיקה|שיר|volume|louder|2881
2882	תנמיך שמע 2882	decrease volume 2882	0	VOL_DOWN	תנמיך|הנמכה|תוריד|תקטין|הנמך|קול|שמע|מוזיקה|שיר|volume|quieter|2882
2883	השתק שמע 2883	mute 2883	0	MUTE	השתק|השתקה|שקט|בלי קול|mute|2883
2884	בטל השתקה 2884	unmute 2884	0	UNMUTE	בטל|השתק|unmute|2884
2885	תעביר לשיר הבא 2885	next track 2885	0	MEDIA_NEXT	תעביר|תעבור|העבר|הבא|שיר|מוזיקה|next|track|2885
2886	שיר הבא 2886	next track 2886	0	MEDIA_NEXT	הבא|שיר|מוזיקה|next|track|2886
2887	תעביר לשיר הקודם 2887	previous track 2887	0	MEDIA_PREV	תעביר|העבר|קודם|הקודם|שיר|מוזיקה|previous|track|2887
2888	נגן מוזיקה 2888	play 2888	0	MEDIA_PLAY	נגן|נגינה|מוזיקה|שיר|play|2888
2889	השהה מוזיקה 2889	pause 2889	0	MEDIA_PAUSE	השהה|מוזיקה|שיר|pause|2889
2890	עצור מוזיקה 2890	stop 2890	0	MEDIA_STOP	עצור|הפסק|מוזיקה|שיר|stop|2890
2891	תגביה שמע 2891	increase volume 2891	0	VOL_UP	תגביה|תגביהה|הגבהה|תגביר|תעלה|תרים|הגבר|שמע|קול|מוזיקה|שיר|volume|louder|2891
2892	תנמיך שמע 2892	decrease volume 2892	0	VOL_DOWN	תנמיך|הנמכה|תוריד|תקטין|הנמך|קול|שמע|מוזיקה|שיר|volume|quieter|2892
2893	השתק שמע 2893	mute 2893	0	MUTE	השתק|השתקה|שקט|בלי קול|mute|2893
2894	בטל השתקה 2894	unmute 2894	0	UNMUTE	בטל|השתק|unmute|2894
2895	תעביר לשיר הבא 2895	next track 2895	0	MEDIA_NEXT	תעביר|תעבור|העבר|הבא|שיר|מוזיקה|next|track|2895
2896	שיר הבא 2896	next track 2896	0	MEDIA_NEXT	הבא|שיר|מוזיקה|next|track|2896
2897	תעביר לשיר הקודם 2897	previous track 2897	0	MEDIA_PREV	תעביר|העבר|קודם|הקודם|שיר|מוזיקה|previous|track|2897
2898	נגן מוזיקה 2898	play 2898	0	MEDIA_PLAY	נגן|נגינה|מוזיקה|שיר|play|2898
2899	השהה מוזיקה 2899	pause 2899	0	MEDIA_PAUSE	השהה|מוזיקה|שיר|pause|2899
2900	עצור מוזיקה 2900	stop 2900	0	MEDIA_STOP	עצור|הפסק|מוזיקה|שיר|stop|2900
2901	תגביה שמע 2901	increase volume 2901	0	VOL_UP	תגביה|תגביהה|הגבהה|תגביר|תעלה|תרים|הגבר|שמע|קול|מוזיקה|שיר|volume|louder|2901
2902	תנמיך שמע 2902	decrease volume 2902	0	VOL_DOWN	תנמיך|הנמכה|תוריד|תקטין|הנמך|קול|שמע|מוזיקה|שיר|volume|quieter|2902
2903	השתק שמע 2903	mute 2903	0	MUTE	השתק|השתקה|שקט|בלי קול|mute|2903
2904	בטל השתקה 2904	unmute 2904	0	UNMUTE	בטל|השתק|unmute|2904
2905	תעביר לשיר הבא 2905	next track 2905	0	MEDIA_NEXT	תעביר|תעבור|העבר|הבא|שיר|מוזיקה|next|track|2905
2906	שיר הבא 2906	next track 2906	0	MEDIA_NEXT	הבא|שיר|מוזיקה|next|track|2906
2907	תעביר לשיר הקודם 2907	previous track 2907	0	MEDIA_PREV	תעביר|העבר|קודם|הקודם|שיר|מוזיקה|previous|track|2907
2908	נגן מוזיקה 2908	play 2908	0	MEDIA_PLAY	נגן|נגינה|מוזיקה|שיר|play|2908
2909	השהה מוזיקה 2909	pause 2909	0	MEDIA_PAUSE	השהה|מוזיקה|שיר|pause|2909
2910	עצור מוזיקה 2910	stop 2910	0	MEDIA_STOP	עצור|הפסק|מוזיקה|שיר|stop|2910
2911	תגביה שמע 2911	increase volume 2911	0	VOL_UP	תגביה|תגביהה|הגבהה|תגביר|תעלה|תרים|הגבר|שמע|קול|מוזיקה|שיר|volume|louder|2911
2912	תנמיך שמע 2912	decrease volume 2912	0	VOL_DOWN	תנמיך|הנמכה|תוריד|תקטין|הנמך|קול|שמע|מוזיקה|שיר|volume|quieter|2912
2913	השתק שמע 2913	mute 2913	0	MUTE	השתק|השתקה|שקט|בלי קול|mute|2913
2914	בטל השתקה 2914	unmute 2914	0	UNMUTE	בטל|השתק|unmute|2914
2915	תעביר לשיר הבא 2915	next track 2915	0	MEDIA_NEXT	תעביר|תעבור|העבר|הבא|שיר|מוזיקה|next|track|2915
2916	שיר הבא 2916	next track 2916	0	MEDIA_NEXT	הבא|שיר|מוזיקה|next|track|2916
2917	תעביר לשיר הקודם 2917	previous track 2917	0	MEDIA_PREV	תעביר|העבר|קודם|הקודם|שיר|מוזיקה|previous|track|2917
2918	נגן מוזיקה 2918	play 2918	0	MEDIA_PLAY	נגן|נגינה|מוזיקה|שיר|play|2918
2919	השהה מוזיקה 2919	pause 2919	0	MEDIA_PAUSE	השהה|מוזיקה|שיר|pause|2919
2920	עצור מוזיקה 2920	stop 2920	0	MEDIA_STOP	עצור|הפסק|מוזיקה|שיר|stop|2920
2921	תגביה שמע 2921	increase volume 2921	0	VOL_UP	תגביה|תגביהה|הגבהה|תגביר|תעלה|תרים|הגבר|שמע|קול|מוזיקה|שיר|volume|louder|2921
2922	תנמיך שמע 2922	decrease volume 2922	0	VOL_DOWN	תנמיך|הנמכה|תוריד|תקטין|הנמך|קול|שמע|מוזיקה|שיר|volume|quieter|2922
2923	השתק שמע 2923	mute 2923	0	MUTE	השתק|השתקה|שקט|בלי קול|mute|2923
2924	בטל השתקה 2924	unmute 2924	0	UNMUTE	בטל|השתק|unmute|2924
2925	תעביר לשיר הבא 2925	next track 2925	0	MEDIA_NEXT	תעביר|תעבור|העבר|הבא|שיר|מוזיקה|next|track|2925
2926	שיר הבא 2926	next track 2926	0	MEDIA_NEXT	הבא|שיר|מוזיקה|next|track|2926
2927	תעביר לשיר הקודם 2927	previous track 2927	0	MEDIA_PREV	תעביר|העבר|קודם|הקודם|שיר|מוזיקה|previous|track|2927
2928	נגן מוזיקה 2928	play 2928	0	MEDIA_PLAY	נגן|נגינה|מוזיקה|שיר|play|2928
2929	השהה מוזיקה 2929	pause 2929	0	MEDIA_PAUSE	השהה|מוזיקה|שיר|pause|2929
2930	עצור מוזיקה 2930	stop 2930	0	MEDIA_STOP	עצור|הפסק|מוזיקה|שיר|stop|2930
2931	תגביה שמע 2931	increase volume 2931	0	VOL_UP	תגביה|תגביהה|הגבהה|תגביר|תעלה|תרים|הגבר|שמע|קול|מוזיקה|שיר|volume|louder|2931
2932	תנמיך שמע 2932	decrease volume 2932	0	VOL_DOWN	תנמיך|הנמכה|תוריד|תקטין|הנמך|קול|שמע|מוזיקה|שיר|volume|quieter|2932
2933	השתק שמע 2933	mute 2933	0	MUTE	השתק|השתקה|שקט|בלי קול|mute|2933
2934	בטל השתקה 2934	unmute 2934	0	UNMUTE	בטל|השתק|unmute|2934
2935	תעביר לשיר הבא 2935	next track 2935	0	MEDIA_NEXT	תעביר|תעבור|העבר|הבא|שיר|מוזיקה|next|track|2935
2936	שיר הבא 2936	next track 2936	0	MEDIA_NEXT	הבא|שיר|מוזיקה|next|track|2936
2937	תעביר לשיר הקודם 2937	previous track 2937	0	MEDIA_PREV	תעביר|העבר|קודם|הקודם|שיר|מוזיקה|previous|track|2937
2938	נגן מוזיקה 2938	play 2938	0	MEDIA_PLAY	נגן|נגינה|מוזיקה|שיר|play|2938
2939	השהה מוזיקה 2939	pause 2939	0	MEDIA_PAUSE	השהה|מוזיקה|שיר|pause|2939
2940	עצור מוזיקה 2940	stop 2940	0	MEDIA_STOP	עצור|הפסק|מוזיקה|שיר|stop|2940
2941	תגביה שמע 2941	increase volume 2941	0	VOL_UP	תגביה|תגביהה|הגבהה|תגביר|תעלה|תרים|הגבר|שמע|קול|מוזיקה|שיר|volume|louder|2941
2942	תנמיך שמע 2942	decrease volume 2942	0	VOL_DOWN	תנמיך|הנמכה|תוריד|תקטין|הנמך|קול|שמע|מוזיקה|שיר|volume|quieter|2942
2943	השתק שמע 2943	mute 2943	0	MUTE	השתק|השתקה|שקט|בלי קול|mute|2943
2944	בטל השתקה 2944	unmute 2944	0	UNMUTE	בטל|השתק|unmute|2944
2945	תעביר לשיר הבא 2945	next track 2945	0	MEDIA_NEXT	תעביר|תעבור|העבר|הבא|שיר|מוזיקה|next|track|2945
2946	שיר הבא 2946	next track 2946	0	MEDIA_NEXT	הבא|שיר|מוזיקה|next|track|2946
2947	תעביר לשיר הקודם 2947	previous track 2947	0	MEDIA_PREV	תעביר|העבר|קודם|הקודם|שיר|מוזיקה|previous|track|2947
2948	נגן מוזיקה 2948	play 2948	0	MEDIA_PLAY	נגן|נגינה|מוזיקה|שיר|play|2948
2949	השהה מוזיקה 2949	pause 2949	0	MEDIA_PAUSE	השהה|מוזיקה|שיר|pause|2949
2950	עצור מוזיקה 2950	stop 2950	0	MEDIA_STOP	עצור|הפסק|מוזיקה|שיר|stop|2950
2951	תגביה שמע 2951	increase volume 2951	0	VOL_UP	תגביה|תגביהה|הגבהה|תגביר|תעלה|תרים|הגבר|שמע|קול|מוזיקה|שיר|volume|louder|2951
2952	תנמיך שמע 2952	decrease volume 2952	0	VOL_DOWN	תנמיך|הנמכה|תוריד|תקטין|הנמך|קול|שמע|מוזיקה|שיר|volume|quieter|2952
2953	השתק שמע 2953	mute 2953	0	MUTE	השתק|השתקה|שקט|בלי קול|mute|2953
2954	בטל השתקה 2954	unmute 2954	0	UNMUTE	בטל|השתק|unmute|2954
2955	תעביר לשיר הבא 2955	next track 2955	0	MEDIA_NEXT	תעביר|תעבור|העבר|הבא|שיר|מוזיקה|next|track|2955
2956	שיר הבא 2956	next track 2956	0	MEDIA_NEXT	הבא|שיר|מוזיקה|next|track|2956
2957	תעביר לשיר הקודם 2957	previous track 2957	0	MEDIA_PREV	תעביר|העבר|קודם|הקודם|שיר|מוזיקה|previous|track|2957
2958	נגן מוזיקה 2958	play 2958	0	MEDIA_PLAY	נגן|נגינה|מוזיקה|שיר|play|2958
2959	השהה מוזיקה 2959	pause 2959	0	MEDIA_PAUSE	השהה|מוזיקה|שיר|pause|2959
2960	עצור מוזיקה 2960	stop 2960	0	MEDIA_STOP	עצור|הפסק|מוזיקה|שיר|stop|2960
2961	תגביה שמע 2961	increase volume 2961	0	VOL_UP	תגביה|תגביהה|הגבהה|תגביר|תעלה|תרים|הגבר|שמע|קול|מוזיקה|שיר|volume|louder|2961
2962	תנמיך שמע 2962	decrease volume 2962	0	VOL_DOWN	תנמיך|הנמכה|תוריד|תקטין|הנמך|קול|שמע|מוזיקה|שיר|volume|quieter|2962
2963	השתק שמע 2963	mute 2963	0	MUTE	השתק|השתקה|שקט|בלי קול|mute|2963
2964	בטל השתקה 2964	unmute 2964	0	UNMUTE	בטל|השתק|unmute|2964
2965	תעביר לשיר הבא 2965	next track 2965	0	MEDIA_NEXT	תעביר|תעבור|העבר|הבא|שיר|מוזיקה|next|track|2965
2966	שיר הבא 2966	next track 2966	0	MEDIA_NEXT	הבא|שיר|מוזיקה|next|track|2966
2967	תעביר לשיר הקודם 2967	previous track 2967	0	MEDIA_PREV	תעביר|העבר|קודם|הקודם|שיר|מוזיקה|previous|track|2967
2968	נגן מוזיקה 2968	play 2968	0	MEDIA_PLAY	נגן|נגינה|מוזיקה|שיר|play|2968
2969	השהה מוזיקה 2969	pause 2969	0	MEDIA_PAUSE	השהה|מוזיקה|שיר|pause|2969
2970	עצור מוזיקה 2970	stop 2970	0	MEDIA_STOP	עצור|הפסק|מוזיקה|שיר|stop|2970
2971	תגביה שמע 2971	increase volume 2971	0	VOL_UP	תגביה|תגביהה|הגבהה|תגביר|תעלה|תרים|הגבר|שמע|קול|מוזיקה|שיר|volume|louder|2971
2972	תנמיך שמע 2972	decrease volume 2972	0	VOL_DOWN	תנמיך|הנמכה|תוריד|תקטין|הנמך|קול|שמע|מוזיקה|שיר|volume|quieter|2972
2973	השתק שמע 2973	mute 2973	0	MUTE	השתק|השתקה|שקט|בלי קול|mute|2973
2974	בטל השתקה 2974	unmute 2974	0	UNMUTE	בטל|השתק|unmute|2974
2975	תעביר לשיר הבא 2975	next track 2975	0	MEDIA_NEXT	תעביר|תעבור|העבר|הבא|שיר|מוזיקה|next|track|2975
2976	שיר הבא 2976	next track 2976	0	MEDIA_NEXT	הבא|שיר|מוזיקה|next|track|2976
2977	תעביר לשיר הקודם 2977	previous track 2977	0	MEDIA_PREV	תעביר|העבר|קודם|הקודם|שיר|מוזיקה|previous|track|2977
2978	נגן מוזיקה 2978	play 2978	0	MEDIA_PLAY	נגן|נגינה|מוזיקה|שיר|play|2978
2979	השהה מוזיקה 2979	pause 2979	0	MEDIA_PAUSE	השהה|מוזיקה|שיר|pause|2979
2980	עצור מוזיקה 2980	stop 2980	0	MEDIA_STOP	עצור|הפסק|מוזיקה|שיר|stop|2980
2981	תגביה שמע 2981	increase volume 2981	0	VOL_UP	תגביה|תגביהה|הגבהה|תגביר|תעלה|תרים|הגבר|שמע|קול|מוזיקה|שיר|volume|louder|2981
2982	תנמיך שמע 2982	decrease volume 2982	0	VOL_DOWN	תנמיך|הנמכה|תוריד|תקטין|הנמך|קול|שמע|מוזיקה|שיר|volume|quieter|2982
2983	השתק שמע 2983	mute 2983	0	MUTE	השתק|השתקה|שקט|בלי קול|mute|2983
2984	בטל השתקה 2984	unmute 2984	0	UNMUTE	בטל|השתק|unmute|2984
2985	תעביר לשיר הבא 2985	next track 2985	0	MEDIA_NEXT	תעביר|תעבור|העבר|הבא|שיר|מוזיקה|next|track|2985
2986	שיר הבא 2986	next track 2986	0	MEDIA_NEXT	הבא|שיר|מוזיקה|next|track|2986
2987	תעביר לשיר הקודם 2987	previous track 2987	0	MEDIA_PREV	תעביר|העבר|קודם|הקודם|שיר|מוזיקה|previous|track|2987
2988	נגן מוזיקה 2988	play 2988	0	MEDIA_PLAY	נגן|נגינה|מוזיקה|שיר|play|2988
2989	השהה מוזיקה 2989	pause 2989	0	MEDIA_PAUSE	השהה|מוזיקה|שיר|pause|2989
2990	עצור מוזיקה 2990	stop 2990	0	MEDIA_STOP	עצור|הפסק|מוזיקה|שיר|stop|2990
2991	תגביה שמע 2991	increase volume 2991	0	VOL_UP	תגביה|תגביהה|הגבהה|תגביר|תעלה|תרים|הגבר|שמע|קול|מוזיקה|שיר|volume|louder|2991
2992	תנמיך שמע 2992	decrease volume 2992	0	VOL_DOWN	תנמיך|הנמכה|תוריד|תקטין|הנמך|קול|שמע|מוזיקה|שיר|volume|quieter|2992
2993	השתק שמע 2993	mute 2993	0	MUTE	השתק|השתקה|שקט|בלי קול|mute|2993
2994	בטל השתקה 2994	unmute 2994	0	UNMUTE	בטל|השתק|unmute|2994
2995	תעביר לשיר הבא 2995	next track 2995	0	MEDIA_NEXT	תעביר|תעבור|העבר|הבא|שיר|מוזיקה|next|track|2995
2996	שיר הבא 2996	next track 2996	0	MEDIA_NEXT	הבא|שיר|מוזיקה|next|track|2996
2997	תעביר לשיר הקודם 2997	previous track 2997	0	MEDIA_PREV	תעביר|העבר|קודם|הקודם|שיר|מוזיקה|previous|track|2997
2998	נגן מוזיקה 2998	play 2998	0	MEDIA_PLAY	נגן|נגינה|מוזיקה|שיר|play|2998
2999	השהה מוזיקה 2999	pause 2999	0	MEDIA_PAUSE	השהה|מוזיקה|שיר|pause|2999
3000	עצור מוזיקה 3000	stop 3000	0	MEDIA_STOP	עצור|הפסק|מוזיקה|שיר|stop|3000
3001	תגביה שמע 3001	increase volume 3001	0	VOL_UP	תגביה|תגביהה|הגבהה|תגביר|תעלה|תרים|הגבר|שמע|קול|מוזיקה|שיר|volume|louder|3001
3002	תנמיך שמע 3002	decrease volume 3002	0	VOL_DOWN	תנמיך|הנמכה|תוריד|תקטין|הנמך|קול|שמע|מוזיקה|שיר|volume|quieter|3002
3003	השתק שמע 3003	mute 3003	0	MUTE	השתק|השתקה|שקט|בלי קול|mute|3003
3004	בטל השתקה 3004	unmute 3004	0	UNMUTE	בטל|השתק|unmute|3004
3005	תעביר לשיר הבא 3005	next track 3005	0	MEDIA_NEXT	תעביר|תעבור|העבר|הבא|שיר|מוזיקה|next|track|3005
3006	שיר הבא 3006	next track 3006	0	MEDIA_NEXT	הבא|שיר|מוזיקה|next|track|3006
3007	תעביר לשיר הקודם 3007	previous track 3007	0	MEDIA_PREV	תעביר|העבר|קודם|הקודם|שיר|מוזיקה|previous|track|3007
3008	נגן מוזיקה 3008	play 3008	0	MEDIA_PLAY	נגן|נגינה|מוזיקה|שיר|play|3008
3009	השהה מוזיקה 3009	pause 3009	0	MEDIA_PAUSE	השהה|מוזיקה|שיר|pause|3009
3010	עצור מוזיקה 3010	stop 3010	0	MEDIA_STOP	עצור|הפסק|מוזיקה|שיר|stop|3010
3011	תגביה שמע 3011	increase volume 3011	0	VOL_UP	תגביה|תגביהה|הגבהה|תגביר|תעלה|תרים|הגבר|שמע|קול|מוזיקה|שיר|volume|louder|3011
3012	תנמיך שמע 3012	decrease volume 3012	0	VOL_DOWN	תנמיך|הנמכה|תוריד|תקטין|הנמך|קול|שמע|מוזיקה|שיר|volume|quieter|3012
3013	השתק שמע 3013	mute 3013	0	MUTE	השתק|השתקה|שקט|בלי קול|mute|3013
3014	בטל השתקה 3014	unmute 3014	0	UNMUTE	בטל|השתק|unmute|3014
3015	תעביר לשיר הבא 3015	next track 3015	0	MEDIA_NEXT	תעביר|תעבור|העבר|הבא|שיר|מוזיקה|next|track|3015
3016	שיר הבא 3016	next track 3016	0	MEDIA_NEXT	הבא|שיר|מוזיקה|next|track|3016
3017	תעביר לשיר הקודם 3017	previous track 3017	0	MEDIA_PREV	תעביר|העבר|קודם|הקודם|שיר|מוזיקה|previous|track|3017
3018	נגן מוזיקה 3018	play 3018	0	MEDIA_PLAY	נגן|נגינה|מוזיקה|שיר|play|3018
3019	השהה מוזיקה 3019	pause 3019	0	MEDIA_PAUSE	השהה|מוזיקה|שיר|pause|3019
3020	עצור מוזיקה 3020	stop 3020	0	MEDIA_STOP	עצור|הפסק|מוזיקה|שיר|stop|3020
3021	תגביה שמע 3021	increase volume 3021	0	VOL_UP	תגביה|תגביהה|הגבהה|תגביר|תעלה|תרים|הגבר|שמע|קול|מוזיקה|שיר|volume|louder|3021
3022	תנמיך שמע 3022	decrease volume 3022	0	VOL_DOWN	תנמיך|הנמכה|תוריד|תקטין|הנמך|קול|שמע|מוזיקה|שיר|volume|quieter|3022
3023	השתק שמע 3023	mute 3023	0	MUTE	השתק|השתקה|שקט|בלי קול|mute|3023
3024	בטל השתקה 3024	unmute 3024	0	UNMUTE	בטל|השתק|unmute|3024
3025	תעביר לשיר הבא 3025	next track 3025	0	MEDIA_NEXT	תעביר|תעבור|העבר|הבא|שיר|מוזיקה|next|track|3025
3026	שיר הבא 3026	next track 3026	0	MEDIA_NEXT	הבא|שיר|מוזיקה|next|track|3026
3027	תעביר לשיר הקודם 3027	previous track 3027	0	MEDIA_PREV	תעביר|העבר|קודם|הקודם|שיר|מוזיקה|previous|track|3027
3028	נגן מוזיקה 3028	play 3028	0	MEDIA_PLAY	נגן|נגינה|מוזיקה|שיר|play|3028
3029	השהה מוזיקה 3029	pause 3029	0	MEDIA_PAUSE	השהה|מוזיקה|שיר|pause|3029
3030	עצור מוזיקה 3030	stop 3030	0	MEDIA_STOP	עצור|הפסק|מוזיקה|שיר|stop|3030
3031	תגביה שמע 3031	increase volume 3031	0	VOL_UP	תגביה|תגביהה|הגבהה|תגביר|תעלה|תרים|הגבר|שמע|קול|מוזיקה|שיר|volume|louder|3031
3032	תנמיך שמע 3032	decrease volume 3032	0	VOL_DOWN	תנמיך|הנמכה|תוריד|תקטין|הנמך|קול|שמע|מוזיקה|שיר|volume|quieter|3032
3033	השתק שמע 3033	mute 3033	0	MUTE	השתק|השתקה|שקט|בלי קול|mute|3033
3034	בטל השתקה 3034	unmute 3034	0	UNMUTE	בטל|השתק|unmute|3034
3035	תעביר לשיר הבא 3035	next track 3035	0	MEDIA_NEXT	תעביר|תעבור|העבר|הבא|שיר|מוזיקה|next|track|3035
3036	שיר הבא 3036	next track 3036	0	MEDIA_NEXT	הבא|שיר|מוזיקה|next|track|3036
3037	תעביר לשיר הקודם 3037	previous track 3037	0	MEDIA_PREV	תעביר|העבר|קודם|הקודם|שיר|מוזיקה|previous|track|3037
3038	נגן מוזיקה 3038	play 3038	0	MEDIA_PLAY	נגן|נגינה|מוזיקה|שיר|play|3038
3039	השהה מוזיקה 3039	pause 3039	0	MEDIA_PAUSE	השהה|מוזיקה|שיר|pause|3039
3040	עצור מוזיקה 3040	stop 3040	0	MEDIA_STOP	עצור|הפסק|מוזיקה|שיר|stop|3040
3041	תגביה שמע 3041	increase volume 3041	0	VOL_UP	תגביה|תגביהה|הגבהה|תגביר|תעלה|תרים|הגבר|שמע|קול|מוזיקה|שיר|volume|louder|3041
3042	תנמיך שמע 3042	decrease volume 3042	0	VOL_DOWN	תנמיך|הנמכה|תוריד|תקטין|הנמך|קול|שמע|מוזיקה|שיר|volume|quieter|3042
3043	השתק שמע 3043	mute 3043	0	MUTE	השתק|השתקה|שקט|בלי קול|mute|3043
3044	בטל השתקה 3044	unmute 3044	0	UNMUTE	בטל|השתק|unmute|3044
3045	תעביר לשיר הבא 3045	next track 3045	0	MEDIA_NEXT	תעביר|תעבור|העבר|הבא|שיר|מוזיקה|next|track|3045
3046	שיר הבא 3046	next track 3046	0	MEDIA_NEXT	הבא|שיר|מוזיקה|next|track|3046
3047	תעביר לשיר הקודם 3047	previous track 3047	0	MEDIA_PREV	תעביר|העבר|קודם|הקודם|שיר|מוזיקה|previous|track|3047
3048	נגן מוזיקה 3048	play 3048	0	MEDIA_PLAY	נגן|נגינה|מוזיקה|שיר|play|3048
3049	השהה מוזיקה 3049	pause 3049	0	MEDIA_PAUSE	השהה|מוזיקה|שיר|pause|3049
3050	עצור מוזיקה 3050	stop 3050	0	MEDIA_STOP	עצור|הפסק|מוזיקה|שיר|stop|3050
3051	תגביה שמע 3051	increase volume 3051	0	VOL_UP	תגביה|תגביהה|הגבהה|תגביר|תעלה|תרים|הגבר|שמע|קול|מוזיקה|שיר|volume|louder|3051
3052	תנמיך שמע 3052	decrease volume 3052	0	VOL_DOWN	תנמיך|הנמכה|תוריד|תקטין|הנמך|קול|שמע|מוזיקה|שיר|volume|quieter|3052
3053	השתק שמע 3053	mute 3053	0	MUTE	השתק|השתקה|שקט|בלי קול|mute|3053
3054	בטל השתקה 3054	unmute 3054	0	UNMUTE	בטל|השתק|unmute|3054
3055	תעביר לשיר הבא 3055	next track 3055	0	MEDIA_NEXT	תעביר|תעבור|העבר|הבא|שיר|מוזיקה|next|track|3055
3056	שיר הבא 3056	next track 3056	0	MEDIA_NEXT	הבא|שיר|מוזיקה|next|track|3056
3057	תעביר לשיר הקודם 3057	previous track 3057	0	MEDIA_PREV	תעביר|העבר|קודם|הקודם|שיר|מוזיקה|previous|track|3057
3058	נגן מוזיקה 3058	play 3058	0	MEDIA_PLAY	נגן|נגינה|מוזיקה|שיר|play|3058
3059	השהה מוזיקה 3059	pause 3059	0	MEDIA_PAUSE	השהה|מוזיקה|שיר|pause|3059
3060	עצור מוזיקה 3060	stop 3060	0	MEDIA_STOP	עצור|הפסק|מוזיקה|שיר|stop|3060
3061	תגביה שמע 3061	increase volume 3061	0	VOL_UP	תגביה|תגביהה|הגבהה|תגביר|תעלה|תרים|הגבר|שמע|קול|מוזיקה|שיר|volume|louder|3061
3062	תנמיך שמע 3062	decrease volume 3062	0	VOL_DOWN	תנמיך|הנמכה|תוריד|תקטין|הנמך|קול|שמע|מוזיקה|שיר|volume|quieter|3062
3063	השתק שמע 3063	mute 3063	0	MUTE	השתק|השתקה|שקט|בלי קול|mute|3063
3064	בטל השתקה 3064	unmute 3064	0	UNMUTE	בטל|השתק|unmute|3064
3065	תעביר לשיר הבא 3065	next track 3065	0	MEDIA_NEXT	תעביר|תעבור|העבר|הבא|שיר|מוזיקה|next|track|3065
3066	שיר הבא 3066	next track 3066	0	MEDIA_NEXT	הבא|שיר|מוזיקה|next|track|3066
3067	תעביר לשיר הקודם 3067	previous track 3067	0	MEDIA_PREV	תעביר|העבר|קודם|הקודם|שיר|מוזיקה|previous|track|3067
3068	נגן מוזיקה 3068	play 3068	0	MEDIA_PLAY	נגן|נגינה|מוזיקה|שיר|play|3068
3069	השהה מוזיקה 3069	pause 3069	0	MEDIA_PAUSE	השהה|מוזיקה|שיר|pause|3069
3070	עצור מוזיקה 3070	stop 3070	0	MEDIA_STOP	עצור|הפסק|מוזיקה|שיר|stop|3070
3071	תגביה שמע 3071	increase volume 3071	0	VOL_UP	תגביה|תגביהה|הגבהה|תגביר|תעלה|תרים|הגבר|שמע|קול|מוזיקה|שיר|volume|louder|3071
3072	תנמיך שמע 3072	decrease volume 3072	0	VOL_DOWN	תנמיך|הנמכה|תוריד|תקטין|הנמך|קול|שמע|מוזיקה|שיר|volume|quieter|3072
3073	השתק שמע 3073	mute 3073	0	MUTE	השתק|השתקה|שקט|בלי קול|mute|3073
3074	בטל השתקה 3074	unmute 3074	0	UNMUTE	בטל|השתק|unmute|3074
3075	תעביר לשיר הבא 3075	next track 3075	0	MEDIA_NEXT	תעביר|תעבור|העבר|הבא|שיר|מוזיקה|next|track|3075
3076	שיר הבא 3076	next track 3076	0	MEDIA_NEXT	הבא|שיר|מוזיקה|next|track|3076
3077	תעביר לשיר הקודם 3077	previous track 3077	0	MEDIA_PREV	תעביר|העבר|קודם|הקודם|שיר|מוזיקה|previous|track|3077
3078	נגן מוזיקה 3078	play 3078	0	MEDIA_PLAY	נגן|נגינה|מוזיקה|שיר|play|3078
3079	השהה מוזיקה 3079	pause 3079	0	MEDIA_PAUSE	השהה|מוזיקה|שיר|pause|3079
3080	עצור מוזיקה 3080	stop 3080	0	MEDIA_STOP	עצור|הפסק|מוזיקה|שיר|stop|3080
3081	תגביה שמע 3081	increase volume 3081	0	VOL_UP	תגביה|תגביהה|הגבהה|תגביר|תעלה|תרים|הגבר|שמע|קול|מוזיקה|שיר|volume|louder|3081
3082	תנמיך שמע 3082	decrease volume 3082	0	VOL_DOWN	תנמיך|הנמכה|תוריד|תקטין|הנמך|קול|שמע|מוזיקה|שיר|volume|quieter|3082
3083	השתק שמע 3083	mute 3083	0	MUTE	השתק|השתקה|שקט|בלי קול|mute|3083
3084	בטל השתקה 3084	unmute 3084	0	UNMUTE	בטל|השתק|unmute|3084
3085	תעביר לשיר הבא 3085	next track 3085	0	MEDIA_NEXT	תעביר|תעבור|העבר|הבא|שיר|מוזיקה|next|track|3085
3086	שיר הבא 3086	next track 3086	0	MEDIA_NEXT	הבא|שיר|מוזיקה|next|track|3086
3087	תעביר לשיר הקודם 3087	previous track 3087	0	MEDIA_PREV	תעביר|העבר|קודם|הקודם|שיר|מוזיקה|previous|track|3087
3088	נגן מוזיקה 3088	play 3088	0	MEDIA_PLAY	נגן|נגינה|מוזיקה|שיר|play|3088
3089	השהה מוזיקה 3089	pause 3089	0	MEDIA_PAUSE	השהה|מוזיקה|שיר|pause|3089
3090	עצור מוזיקה 3090	stop 3090	0	MEDIA_STOP	עצור|הפסק|מוזיקה|שיר|stop|3090
3091	תגביה שמע 3091	increase volume 3091	0	VOL_UP	תגביה|תגביהה|הגבהה|תגביר|תעלה|תרים|הגבר|שמע|קול|מוזיקה|שיר|volume|louder|3091
3092	תנמיך שמע 3092	decrease volume 3092	0	VOL_DOWN	תנמיך|הנמכה|תוריד|תקטין|הנמך|קול|שמע|מוזיקה|שיר|volume|quieter|3092
3093	השתק שמע 3093	mute 3093	0	MUTE	השתק|השתקה|שקט|בלי קול|mute|3093
3094	בטל השתקה 3094	unmute 3094	0	UNMUTE	בטל|השתק|unmute|3094
3095	תעביר לשיר הבא 3095	next track 3095	0	MEDIA_NEXT	תעביר|תעבור|העבר|הבא|שיר|מוזיקה|next|track|3095
3096	שיר הבא 3096	next track 3096	0	MEDIA_NEXT	הבא|שיר|מוזיקה|next|track|3096
3097	תעביר לשיר הקודם 3097	previous track 3097	0	MEDIA_PREV	תעביר|העבר|קודם|הקודם|שיר|מוזיקה|previous|track|3097
3098	נגן מוזיקה 3098	play 3098	0	MEDIA_PLAY	נגן|נגינה|מוזיקה|שיר|play|3098
3099	השהה מוזיקה 3099	pause 3099	0	MEDIA_PAUSE	השהה|מוזיקה|שיר|pause|3099
3100	עצור מוזיקה 3100	stop 3100	0	MEDIA_STOP	עצור|הפסק|מוזיקה|שיר|stop|3100
3101	תגביה שמע 3101	increase volume 3101	0	VOL_UP	תגביה|תגביהה|הגבהה|תגביר|תעלה|תרים|הגבר|שמע|קול|מוזיקה|שיר|volume|louder|3101
3102	תנמיך שמע 3102	decrease volume 3102	0	VOL_DOWN	תנמיך|הנמכה|תוריד|תקטין|הנמך|קול|שמע|מוזיקה|שיר|volume|quieter|3102
3103	השתק שמע 3103	mute 3103	0	MUTE	השתק|השתקה|שקט|בלי קול|mute|3103
3104	בטל השתקה 3104	unmute 3104	0	UNMUTE	בטל|השתק|unmute|3104
3105	תעביר לשיר הבא 3105	next track 3105	0	MEDIA_NEXT	תעביר|תעבור|העבר|הבא|שיר|מוזיקה|next|track|3105
3106	שיר הבא 3106	next track 3106	0	MEDIA_NEXT	הבא|שיר|מוזיקה|next|track|3106
3107	תעביר לשיר הקודם 3107	previous track 3107	0	MEDIA_PREV	תעביר|העבר|קודם|הקודם|שיר|מוזיקה|previous|track|3107
3108	נגן מוזיקה 3108	play 3108	0	MEDIA_PLAY	נגן|נגינה|מוזיקה|שיר|play|3108
3109	השהה מוזיקה 3109	pause 3109	0	MEDIA_PAUSE	השהה|מוזיקה|שיר|pause|3109
3110	עצור מוזיקה 3110	stop 3110	0	MEDIA_STOP	עצור|הפסק|מוזיקה|שיר|stop|3110
3111	תגביה שמע 3111	increase volume 3111	0	VOL_UP	תגביה|תגביהה|הגבהה|תגביר|תעלה|תרים|הגבר|שמע|קול|מוזיקה|שיר|volume|louder|3111
3112	תנמיך שמע 3112	decrease volume 3112	0	VOL_DOWN	תנמיך|הנמכה|תוריד|תקטין|הנמך|קול|שמע|מוזיקה|שיר|volume|quieter|3112
3113	השתק שמע 3113	mute 3113	0	MUTE	השתק|השתקה|שקט|בלי קול|mute|3113
3114	בטל השתקה 3114	unmute 3114	0	UNMUTE	בטל|השתק|unmute|3114
3115	תעביר לשיר הבא 3115	next track 3115	0	MEDIA_NEXT	תעביר|תעבור|העבר|הבא|שיר|מוזיקה|next|track|3115
3116	שיר הבא 3116	next track 3116	0	MEDIA_NEXT	הבא|שיר|מוזיקה|next|track|3116
3117	תעביר לשיר הקודם 3117	previous track 3117	0	MEDIA_PREV	תעביר|העבר|קודם|הקודם|שיר|מוזיקה|previous|track|3117
3118	נגן מוזיקה 3118	play 3118	0	MEDIA_PLAY	נגן|נגינה|מוזיקה|שיר|play|3118
3119	השהה מוזיקה 3119	pause 3119	0	MEDIA_PAUSE	השהה|מוזיקה|שיר|pause|3119
3120	עצור מוזיקה 3120	stop 3120	0	MEDIA_STOP	עצור|הפסק|מוזיקה|שיר|stop|3120
3121	תגביה שמע 3121	increase volume 3121	0	VOL_UP	תגביה|תגביהה|הגבהה|תגביר|תעלה|תרים|הגבר|שמע|קול|מוזיקה|שיר|volume|louder|3121
3122	תנמיך שמע 3122	decrease volume 3122	0	VOL_DOWN	תנמיך|הנמכה|תוריד|תקטין|הנמך|קול|שמע|מוזיקה|שיר|volume|quieter|3122
3123	השתק שמע 3123	mute 3123	0	MUTE	השתק|השתקה|שקט|בלי קול|mute|3123
3124	בטל השתקה 3124	unmute 3124	0	UNMUTE	בטל|השתק|unmute|3124
3125	תעביר לשיר הבא 3125	next track 3125	0	MEDIA_NEXT	תעביר|תעבור|העבר|הבא|שיר|מוזיקה|next|track|3125
3126	שיר הבא 3126	next track 3126	0	MEDIA_NEXT	הבא|שיר|מוזיקה|next|track|3126
3127	תעביר לשיר הקודם 3127	previous track 3127	0	MEDIA_PREV	תעביר|העבר|קודם|הקודם|שיר|מוזיקה|previous|track|3127
3128	נגן מוזיקה 3128	play 3128	0	MEDIA_PLAY	נגן|נגינה|מוזיקה|שיר|play|3128
3129	השהה מוזיקה 3129	pause 3129	0	MEDIA_PAUSE	השהה|מוזיקה|שיר|pause|3129
3130	עצור מוזיקה 3130	stop 3130	0	MEDIA_STOP	עצור|הפסק|מוזיקה|שיר|stop|3130
3131	תגביה שמע 3131	increase volume 3131	0	VOL_UP	תגביה|תגביהה|הגבהה|תגביר|תעלה|תרים|הגבר|שמע|קול|מוזיקה|שיר|volume|louder|3131
3132	תנמיך שמע 3132	decrease volume 3132	0	VOL_DOWN	תנמיך|הנמכה|תוריד|תקטין|הנמך|קול|שמע|מוזיקה|שיר|volume|quieter|3132
3133	השתק שמע 3133	mute 3133	0	MUTE	השתק|השתקה|שקט|בלי קול|mute|3133
3134	בטל השתקה 3134	unmute 3134	0	UNMUTE	בטל|השתק|unmute|3134
3135	תעביר לשיר הבא 3135	next track 3135	0	MEDIA_NEXT	תעביר|תעבור|העבר|הבא|שיר|מוזיקה|next|track|3135
3136	שיר הבא 3136	next track 3136	0	MEDIA_NEXT	הבא|שיר|מוזיקה|next|track|3136
3137	תעביר לשיר הקודם 3137	previous track 3137	0	MEDIA_PREV	תעביר|העבר|קודם|הקודם|שיר|מוזיקה|previous|track|3137
3138	נגן מוזיקה 3138	play 3138	0	MEDIA_PLAY	נגן|נגינה|מוזיקה|שיר|play|3138
3139	השהה מוזיקה 3139	pause 3139	0	MEDIA_PAUSE	השהה|מוזיקה|שיר|pause|3139
3140	עצור מוזיקה 3140	stop 3140	0	MEDIA_STOP	עצור|הפסק|מוזיקה|שיר|stop|3140
3141	תגביה שמע 3141	increase volume 3141	0	VOL_UP	תגביה|תגביהה|הגבהה|תגביר|תעלה|תרים|הגבר|שמע|קול|מוזיקה|שיר|volume|louder|3141
3142	תנמיך שמע 3142	decrease volume 3142	0	VOL_DOWN	תנמיך|הנמכה|תוריד|תקטין|הנמך|קול|שמע|מוזיקה|שיר|volume|quieter|3142
3143	השתק שמע 3143	mute 3143	0	MUTE	השתק|השתקה|שקט|בלי קול|mute|3143
3144	בטל השתקה 3144	unmute 3144	0	UNMUTE	בטל|השתק|unmute|3144
3145	תעביר לשיר הבא 3145	next track 3145	0	MEDIA_NEXT	תעביר|תעבור|העבר|הבא|שיר|מוזיקה|next|track|3145
3146	שיר הבא 3146	next track 3146	0	MEDIA_NEXT	הבא|שיר|מוזיקה|next|track|3146
3147	תעביר לשיר הקודם 3147	previous track 3147	0	MEDIA_PREV	תעביר|העבר|קודם|הקודם|שיר|מוזיקה|previous|track|3147
3148	נגן מוזיקה 3148	play 3148	0	MEDIA_PLAY	נגן|נגינה|מוזיקה|שיר|play|3148
3149	השהה מוזיקה 3149	pause 3149	0	MEDIA_PAUSE	השהה|מוזיקה|שיר|pause|3149
3150	עצור מוזיקה 3150	stop 3150	0	MEDIA_STOP	עצור|הפסק|מוזיקה|שיר|stop|3150
3151	תגביה שמע 3151	increase volume 3151	0	VOL_UP	תגביה|תגביהה|הגבהה|תגביר|תעלה|תרים|הגבר|שמע|קול|מוזיקה|שיר|volume|louder|3151
3152	תנמיך שמע 3152	decrease volume 3152	0	VOL_DOWN	תנמיך|הנמכה|תוריד|תקטין|הנמך|קול|שמע|מוזיקה|שיר|volume|quieter|3152
3153	השתק שמע 3153	mute 3153	0	MUTE	השתק|השתקה|שקט|בלי קול|mute|3153
3154	בטל השתקה 3154	unmute 3154	0	UNMUTE	בטל|השתק|unmute|3154
3155	תעביר לשיר הבא 3155	next track 3155	0	MEDIA_NEXT	תעביר|תעבור|העבר|הבא|שיר|מוזיקה|next|track|3155
3156	שיר הבא 3156	next track 3156	0	MEDIA_NEXT	הבא|שיר|מוזיקה|next|track|3156
3157	תעביר לשיר הקודם 3157	previous track 3157	0	MEDIA_PREV	תעביר|העבר|קודם|הקודם|שיר|מוזיקה|previous|track|3157
3158	נגן מוזיקה 3158	play 3158	0	MEDIA_PLAY	נגן|נגינה|מוזיקה|שיר|play|3158
3159	השהה מוזיקה 3159	pause 3159	0	MEDIA_PAUSE	השהה|מוזיקה|שיר|pause|3159
3160	עצור מוזיקה 3160	stop 3160	0	MEDIA_STOP	עצור|הפסק|מוזיקה|שיר|stop|3160
3161	תגביה שמע 3161	increase volume 3161	0	VOL_UP	תגביה|תגביהה|הגבהה|תגביר|תעלה|תרים|הגבר|שמע|קול|מוזיקה|שיר|volume|louder|3161
3162	תנמיך שמע 3162	decrease volume 3162	0	VOL_DOWN	תנמיך|הנמכה|תוריד|תקטין|הנמך|קול|שמע|מוזיקה|שיר|volume|quieter|3162
3163	השתק שמע 3163	mute 3163	0	MUTE	השתק|השתקה|שקט|בלי קול|mute|3163
3164	בטל השתקה 3164	unmute 3164	0	UNMUTE	בטל|השתק|unmute|3164
3165	תעביר לשיר הבא 3165	next track 3165	0	MEDIA_NEXT	תעביר|תעבור|העבר|הבא|שיר|מוזיקה|next|track|3165
3166	שיר הבא 3166	next track 3166	0	MEDIA_NEXT	הבא|שיר|מוזיקה|next|track|3166
3167	תעביר לשיר הקודם 3167	previous track 3167	0	MEDIA_PREV	תעביר|העבר|קודם|הקודם|שיר|מוזיקה|previous|track|3167
3168	נגן מוזיקה 3168	play 3168	0	MEDIA_PLAY	נגן|נגינה|מוזיקה|שיר|play|3168
3169	השהה מוזיקה 3169	pause 3169	0	MEDIA_PAUSE	השהה|מוזיקה|שיר|pause|3169
3170	עצור מוזיקה 3170	stop 3170	0	MEDIA_STOP	עצור|הפסק|מוזיקה|שיר|stop|3170
3171	תגביה שמע 3171	increase volume 3171	0	VOL_UP	תגביה|תגביהה|הגבהה|תגביר|תעלה|תרים|הגבר|שמע|קול|מוזיקה|שיר|volume|louder|3171
3172	תנמיך שמע 3172	decrease volume 3172	0	VOL_DOWN	תנמיך|הנמכה|תוריד|תקטין|הנמך|קול|שמע|מוזיקה|שיר|volume|quieter|3172
3173	השתק שמע 3173	mute 3173	0	MUTE	השתק|השתקה|שקט|בלי קול|mute|3173
3174	בטל השתקה 3174	unmute 3174	0	UNMUTE	בטל|השתק|unmute|3174
3175	תעביר לשיר הבא 3175	next track 3175	0	MEDIA_NEXT	תעביר|תעבור|העבר|הבא|שיר|מוזיקה|next|track|3175
3176	שיר הבא 3176	next track 3176	0	MEDIA_NEXT	הבא|שיר|מוזיקה|next|track|3176
3177	תעביר לשיר הקודם 3177	previous track 3177	0	MEDIA_PREV	תעביר|העבר|קודם|הקודם|שיר|מוזיקה|previous|track|3177
3178	נגן מוזיקה 3178	play 3178	0	MEDIA_PLAY	נגן|נגינה|מוזיקה|שיר|play|3178
3179	השהה מוזיקה 3179	pause 3179	0	MEDIA_PAUSE	השהה|מוזיקה|שיר|pause|3179
3180	עצור מוזיקה 3180	stop 3180	0	MEDIA_STOP	עצור|הפסק|מוזיקה|שיר|stop|3180
3181	תגביה שמע 3181	increase volume 3181	0	VOL_UP	תגביה|תגביהה|הגבהה|תגביר|תעלה|תרים|הגבר|שמע|קול|מוזיקה|שיר|volume|louder|3181
3182	תנמיך שמע 3182	decrease volume 3182	0	VOL_DOWN	תנמיך|הנמכה|תוריד|תקטין|הנמך|קול|שמע|מוזיקה|שיר|volume|quieter|3182
3183	השתק שמע 3183	mute 3183	0	MUTE	השתק|השתקה|שקט|בלי קול|mute|3183
3184	בטל השתקה 3184	unmute 3184	0	UNMUTE	בטל|השתק|unmute|3184
3185	תעביר לשיר הבא 3185	next track 3185	0	MEDIA_NEXT	תעביר|תעבור|העבר|הבא|שיר|מוזיקה|next|track|3185
3186	שיר הבא 3186	next track 3186	0	MEDIA_NEXT	הבא|שיר|מוזיקה|next|track|3186
3187	תעביר לשיר הקודם 3187	previous track 3187	0	MEDIA_PREV	תעביר|העבר|קודם|הקודם|שיר|מוזיקה|previous|track|3187
3188	נגן מוזיקה 3188	play 3188	0	MEDIA_PLAY	נגן|נגינה|מוזיקה|שיר|play|3188
3189	השהה מוזיקה 3189	pause 3189	0	MEDIA_PAUSE	השהה|מוזיקה|שיר|pause|3189
3190	עצור מוזיקה 3190	stop 3190	0	MEDIA_STOP	עצור|הפסק|מוזיקה|שיר|stop|3190
3191	תגביה שמע 3191	increase volume 3191	0	VOL_UP	תגביה|תגביהה|הגבהה|תגביר|תעלה|תרים|הגבר|שמע|קול|מוזיקה|שיר|volume|louder|3191
3192	תנמיך שמע 3192	decrease volume 3192	0	VOL_DOWN	תנמיך|הנמכה|תוריד|תקטין|הנמך|קול|שמע|מוזיקה|שיר|volume|quieter|3192
3193	השתק שמע 3193	mute 3193	0	MUTE	השתק|השתקה|שקט|בלי קול|mute|3193
3194	בטל השתקה 3194	unmute 3194	0	UNMUTE	בטל|השתק|unmute|3194
3195	תעביר לשיר הבא 3195	next track 3195	0	MEDIA_NEXT	תעביר|תעבור|העבר|הבא|שיר|מוזיקה|next|track|3195
3196	שיר הבא 3196	next track 3196	0	MEDIA_NEXT	הבא|שיר|מוזיקה|next|track|3196
3197	תעביר לשיר הקודם 3197	previous track 3197	0	MEDIA_PREV	תעביר|העבר|קודם|הקודם|שיר|מוזיקה|previous|track|3197
3198	נגן מוזיקה 3198	play 3198	0	MEDIA_PLAY	נגן|נגינה|מוזיקה|שיר|play|3198
3199	השהה מוזיקה 3199	pause 3199	0	MEDIA_PAUSE	השהה|מוזיקה|שיר|pause|3199
3200	עצור מוזיקה 3200	stop 3200	0	MEDIA_STOP	עצור|הפסק|מוזיקה|שיר|stop|3200
3201	תגביה שמע 3201	increase volume 3201	0	VOL_UP	תגביה|תגביהה|הגבהה|תגביר|תעלה|תרים|הגבר|שמע|קול|מוזיקה|שיר|volume|louder|3201
3202	תנמיך שמע 3202	decrease volume 3202	0	VOL_DOWN	תנמיך|הנמכה|תוריד|תקטין|הנמך|קול|שמע|מוזיקה|שיר|volume|quieter|3202
3203	השתק שמע 3203	mute 3203	0	MUTE	השתק|השתקה|שקט|בלי קול|mute|3203
3204	בטל השתקה 3204	unmute 3204	0	UNMUTE	בטל|השתק|unmute|3204
3205	תעביר לשיר הבא 3205	next track 3205	0	MEDIA_NEXT	תעביר|תעבור|העבר|הבא|שיר|מוזיקה|next|track|3205
3206	שיר הבא 3206	next track 3206	0	MEDIA_NEXT	הבא|שיר|מוזיקה|next|track|3206
3207	תעביר לשיר הקודם 3207	previous track 3207	0	MEDIA_PREV	תעביר|העבר|קודם|הקודם|שיר|מוזיקה|previous|track|3207
3208	נגן מוזיקה 3208	play 3208	0	MEDIA_PLAY	נגן|נגינה|מוזיקה|שיר|play|3208
3209	השהה מוזיקה 3209	pause 3209	0	MEDIA_PAUSE	השהה|מוזיקה|שיר|pause|3209
3210	עצור מוזיקה 3210	stop 3210	0	MEDIA_STOP	עצור|הפסק|מוזיקה|שיר|stop|3210
3211	תגביה שמע 3211	increase volume 3211	0	VOL_UP	תגביה|תגביהה|הגבהה|תגביר|תעלה|תרים|הגבר|שמע|קול|מוזיקה|שיר|volume|louder|3211
3212	תנמיך שמע 3212	decrease volume 3212	0	VOL_DOWN	תנמיך|הנמכה|תוריד|תקטין|הנמך|קול|שמע|מוזיקה|שיר|volume|quieter|3212
3213	השתק שמע 3213	mute 3213	0	MUTE	השתק|השתקה|שקט|בלי קול|mute|3213
3214	בטל השתקה 3214	unmute 3214	0	UNMUTE	בטל|השתק|unmute|3214
3215	תעביר לשיר הבא 3215	next track 3215	0	MEDIA_NEXT	תעביר|תעבור|העבר|הבא|שיר|מוזיקה|next|track|3215
3216	שיר הבא 3216	next track 3216	0	MEDIA_NEXT	הבא|שיר|מוזיקה|next|track|3216
3217	תעביר לשיר הקודם 3217	previous track 3217	0	MEDIA_PREV	תעביר|העבר|קודם|הקודם|שיר|מוזיקה|previous|track|3217
3218	נגן מוזיקה 3218	play 3218	0	MEDIA_PLAY	נגן|נגינה|מוזיקה|שיר|play|3218
3219	השהה מוזיקה 3219	pause 3219	0	MEDIA_PAUSE	השהה|מוזיקה|שיר|pause|3219
3220	עצור מוזיקה 3220	stop 3220	0	MEDIA_STOP	עצור|הפסק|מוזיקה|שיר|stop|3220
3221	תגביה שמע 3221	increase volume 3221	0	VOL_UP	תגביה|תגביהה|הגבהה|תגביר|תעלה|תרים|הגבר|שמע|קול|מוזיקה|שיר|volume|louder|3221
3222	תנמיך שמע 3222	decrease volume 3222	0	VOL_DOWN	תנמיך|הנמכה|תוריד|תקטין|הנמך|קול|שמע|מוזיקה|שיר|volume|quieter|3222
3223	השתק שמע 3223	mute 3223	0	MUTE	השתק|השתקה|שקט|בלי קול|mute|3223
3224	בטל השתקה 3224	unmute 3224	0	UNMUTE	בטל|השתק|unmute|3224
3225	תעביר לשיר הבא 3225	next track 3225	0	MEDIA_NEXT	תעביר|תעבור|העבר|הבא|שיר|מוזיקה|next|track|3225
3226	שיר הבא 3226	next track 3226	0	MEDIA_NEXT	הבא|שיר|מוזיקה|next|track|3226
3227	תעביר לשיר הקודם 3227	previous track 3227	0	MEDIA_PREV	תעביר|העבר|קודם|הקודם|שיר|מוזיקה|previous|track|3227
3228	נגן מוזיקה 3228	play 3228	0	MEDIA_PLAY	נגן|נגינה|מוזיקה|שיר|play|3228
3229	השהה מוזיקה 3229	pause 3229	0	MEDIA_PAUSE	השהה|מוזיקה|שיר|pause|3229
3230	עצור מוזיקה 3230	stop 3230	0	MEDIA_STOP	עצור|הפסק|מוזיקה|שיר|stop|3230
3231	תגביה שמע 3231	increase volume 3231	0	VOL_UP	תגביה|תגביהה|הגבהה|תגביר|תעלה|תרים|הגבר|שמע|קול|מוזיקה|שיר|volume|louder|3231
3232	תנמיך שמע 3232	decrease volume 3232	0	VOL_DOWN	תנמיך|הנמכה|תוריד|תקטין|הנמך|קול|שמע|מוזיקה|שיר|volume|quieter|3232
3233	השתק שמע 3233	mute 3233	0	MUTE	השתק|השתקה|שקט|בלי קול|mute|3233
3234	בטל השתקה 3234	unmute 3234	0	UNMUTE	בטל|השתק|unmute|3234
3235	תעביר לשיר הבא 3235	next track 3235	0	MEDIA_NEXT	תעביר|תעבור|העבר|הבא|שיר|מוזיקה|next|track|3235
3236	שיר הבא 3236	next track 3236	0	MEDIA_NEXT	הבא|שיר|מוזיקה|next|track|3236
3237	תעביר לשיר הקודם 3237	previous track 3237	0	MEDIA_PREV	תעביר|העבר|קודם|הקודם|שיר|מוזיקה|previous|track|3237
3238	נגן מוזיקה 3238	play 3238	0	MEDIA_PLAY	נגן|נגינה|מוזיקה|שיר|play|3238
3239	השהה מוזיקה 3239	pause 3239	0	MEDIA_PAUSE	השהה|מוזיקה|שיר|pause|3239
3240	עצור מוזיקה 3240	stop 3240	0	MEDIA_STOP	עצור|הפסק|מוזיקה|שיר|stop|3240
3241	תגביה שמע 3241	increase volume 3241	0	VOL_UP	תגביה|תגביהה|הגבהה|תגביר|תעלה|תרים|הגבר|שמע|קול|מוזיקה|שיר|volume|louder|3241
3242	תנמיך שמע 3242	decrease volume 3242	0	VOL_DOWN	תנמיך|הנמכה|תוריד|תקטין|הנמך|קול|שמע|מוזיקה|שיר|volume|quieter|3242
3243	השתק שמע 3243	mute 3243	0	MUTE	השתק|השתקה|שקט|בלי קול|mute|3243
3244	בטל השתקה 3244	unmute 3244	0	UNMUTE	בטל|השתק|unmute|3244
3245	תעביר לשיר הבא 3245	next track 3245	0	MEDIA_NEXT	תעביר|תעבור|העבר|הבא|שיר|מוזיקה|next|track|3245
3246	שיר הבא 3246	next track 3246	0	MEDIA_NEXT	הבא|שיר|מוזיקה|next|track|3246
3247	תעביר לשיר הקודם 3247	previous track 3247	0	MEDIA_PREV	תעביר|העבר|קודם|הקודם|שיר|מוזיקה|previous|track|3247
3248	נגן מוזיקה 3248	play 3248	0	MEDIA_PLAY	נגן|נגינה|מוזיקה|שיר|play|3248
3249	השהה מוזיקה 3249	pause 3249	0	MEDIA_PAUSE	השהה|מוזיקה|שיר|pause|3249
3250	עצור מוזיקה 3250	stop 3250	0	MEDIA_STOP	עצור|הפסק|מוזיקה|שיר|stop|3250
3251	תגביה שמע 3251	increase volume 3251	0	VOL_UP	תגביה|תגביהה|הגבהה|תגביר|תעלה|תרים|הגבר|שמע|קול|מוזיקה|שיר|volume|louder|3251
3252	תנמיך שמע 3252	decrease volume 3252	0	VOL_DOWN	תנמיך|הנמכה|תוריד|תקטין|הנמך|קול|שמע|מוזיקה|שיר|volume|quieter|3252
3253	השתק שמע 3253	mute 3253	0	MUTE	השתק|השתקה|שקט|בלי קול|mute|3253
3254	בטל השתקה 3254	unmute 3254	0	UNMUTE	בטל|השתק|unmute|3254
3255	תעביר לשיר הבא 3255	next track 3255	0	MEDIA_NEXT	תעביר|תעבור|העבר|הבא|שיר|מוזיקה|next|track|3255
3256	שיר הבא 3256	next track 3256	0	MEDIA_NEXT	הבא|שיר|מוזיקה|next|track|3256
3257	תעביר לשיר הקודם 3257	previous track 3257	0	MEDIA_PREV	תעביר|העבר|קודם|הקודם|שיר|מוזיקה|previous|track|3257
3258	נגן מוזיקה 3258	play 3258	0	MEDIA_PLAY	נגן|נגינה|מוזיקה|שיר|play|3258
3259	השהה מוזיקה 3259	pause 3259	0	MEDIA_PAUSE	השהה|מוזיקה|שיר|pause|3259
3260	עצור מוזיקה 3260	stop 3260	0	MEDIA_STOP	עצור|הפסק|מוזיקה|שיר|stop|3260
3261	תגביה שמע 3261	increase volume 3261	0	VOL_UP	תגביה|תגביהה|הגבהה|תגביר|תעלה|תרים|הגבר|שמע|קול|מוזיקה|שיר|volume|louder|3261
3262	תנמיך שמע 3262	decrease volume 3262	0	VOL_DOWN	תנמיך|הנמכה|תוריד|תקטין|הנמך|קול|שמע|מוזיקה|שיר|volume|quieter|3262
3263	השתק שמע 3263	mute 3263	0	MUTE	השתק|השתקה|שקט|בלי קול|mute|3263
3264	בטל השתקה 3264	unmute 3264	0	UNMUTE	בטל|השתק|unmute|3264
3265	תעביר לשיר הבא 3265	next track 3265	0	MEDIA_NEXT	תעביר|תעבור|העבר|הבא|שיר|מוזיקה|next|track|3265
3266	שיר הבא 3266	next track 3266	0	MEDIA_NEXT	הבא|שיר|מוזיקה|next|track|3266
3267	תעביר לשיר הקודם 3267	previous track 3267	0	MEDIA_PREV	תעביר|העבר|קודם|הקודם|שיר|מוזיקה|previous|track|3267
3268	נגן מוזיקה 3268	play 3268	0	MEDIA_PLAY	נגן|נגינה|מוזיקה|שיר|play|3268
3269	השהה מוזיקה 3269	pause 3269	0	MEDIA_PAUSE	השהה|מוזיקה|שיר|pause|3269
3270	עצור מוזיקה 3270	stop 3270	0	MEDIA_STOP	עצור|הפסק|מוזיקה|שיר|stop|3270
3271	תגביה שמע 3271	increase volume 3271	0	VOL_UP	תגביה|תגביהה|הגבהה|תגביר|תעלה|תרים|הגבר|שמע|קול|מוזיקה|שיר|volume|louder|3271
3272	תנמיך שמע 3272	decrease volume 3272	0	VOL_DOWN	תנמיך|הנמכה|תוריד|תקטין|הנמך|קול|שמע|מוזיקה|שיר|volume|quieter|3272
3273	השתק שמע 3273	mute 3273	0	MUTE	השתק|השתקה|שקט|בלי קול|mute|3273
3274	בטל השתקה 3274	unmute 3274	0	UNMUTE	בטל|השתק|unmute|3274
3275	תעביר לשיר הבא 3275	next track 3275	0	MEDIA_NEXT	תעביר|תעבור|העבר|הבא|שיר|מוזיקה|next|track|3275
3276	שיר הבא 3276	next track 3276	0	MEDIA_NEXT	הבא|שיר|מוזיקה|next|track|3276
3277	תעביר לשיר הקודם 3277	previous track 3277	0	MEDIA_PREV	תעביר|העבר|קודם|הקודם|שיר|מוזיקה|previous|track|3277
3278	נגן מוזיקה 3278	play 3278	0	MEDIA_PLAY	נגן|נגינה|מוזיקה|שיר|play|3278
3279	השהה מוזיקה 3279	pause 3279	0	MEDIA_PAUSE	השהה|מוזיקה|שיר|pause|3279
3280	עצור מוזיקה 3280	stop 3280	0	MEDIA_STOP	עצור|הפסק|מוזיקה|שיר|stop|3280
3281	תגביה שמע 3281	increase volume 3281	0	VOL_UP	תגביה|תגביהה|הגבהה|תגביר|תעלה|תרים|הגבר|שמע|קול|מוזיקה|שיר|volume|louder|3281
3282	תנמיך שמע 3282	decrease volume 3282	0	VOL_DOWN	תנמיך|הנמכה|תוריד|תקטין|הנמך|קול|שמע|מוזיקה|שיר|volume|quieter|3282
3283	השתק שמע 3283	mute 3283	0	MUTE	השתק|השתקה|שקט|בלי קול|mute|3283
3284	בטל השתקה 3284	unmute 3284	0	UNMUTE	בטל|השתק|unmute|3284
3285	תעביר לשיר הבא 3285	next track 3285	0	MEDIA_NEXT	תעביר|תעבור|העבר|הבא|שיר|מוזיקה|next|track|3285
3286	שיר הבא 3286	next track 3286	0	MEDIA_NEXT	הבא|שיר|מוזיקה|next|track|3286
3287	תעביר לשיר הקודם 3287	previous track 3287	0	MEDIA_PREV	תעביר|העבר|קודם|הקודם|שיר|מוזיקה|previous|track|3287
3288	נגן מוזיקה 3288	play 3288	0	MEDIA_PLAY	נגן|נגינה|מוזיקה|שיר|play|3288
3289	השהה מוזיקה 3289	pause 3289	0	MEDIA_PAUSE	השהה|מוזיקה|שיר|pause|3289
3290	עצור מוזיקה 3290	stop 3290	0	MEDIA_STOP	עצור|הפסק|מוזיקה|שיר|stop|3290
3291	תגביה שמע 3291	increase volume 3291	0	VOL_UP	תגביה|תגביהה|הגבהה|תגביר|תעלה|תרים|הגבר|שמע|קול|מוזיקה|שיר|volume|louder|3291
3292	תנמיך שמע 3292	decrease volume 3292	0	VOL_DOWN	תנמיך|הנמכה|תוריד|תקטין|הנמך|קול|שמע|מוזיקה|שיר|volume|quieter|3292
3293	השתק שמע 3293	mute 3293	0	MUTE	השתק|השתקה|שקט|בלי קול|mute|3293
3294	בטל השתקה 3294	unmute 3294	0	UNMUTE	בטל|השתק|unmute|3294
3295	תעביר לשיר הבא 3295	next track 3295	0	MEDIA_NEXT	תעביר|תעבור|העבר|הבא|שיר|מוזיקה|next|track|3295
3296	שיר הבא 3296	next track 3296	0	MEDIA_NEXT	הבא|שיר|מוזיקה|next|track|3296
3297	תעביר לשיר הקודם 3297	previous track 3297	0	MEDIA_PREV	תעביר|העבר|קודם|הקודם|שיר|מוזיקה|previous|track|3297
3298	נגן מוזיקה 3298	play 3298	0	MEDIA_PLAY	נגן|נגינה|מוזיקה|שיר|play|3298
3299	השהה מוזיקה 3299	pause 3299	0	MEDIA_PAUSE	השהה|מוזיקה|שיר|pause|3299
3300	עצור מוזיקה 3300	stop 3300	0	MEDIA_STOP	עצור|הפסק|מוזיקה|שיר|stop|3300
3301	תגביה שמע 3301	increase volume 3301	0	VOL_UP	תגביה|תגביהה|הגבהה|תגביר|תעלה|תרים|הגבר|שמע|קול|מוזיקה|שיר|volume|louder|3301
3302	תנמיך שמע 3302	decrease volume 3302	0	VOL_DOWN	תנמיך|הנמכה|תוריד|תקטין|הנמך|קול|שמע|מוזיקה|שיר|volume|quieter|3302
3303	השתק שמע 3303	mute 3303	0	MUTE	השתק|השתקה|שקט|בלי קול|mute|3303
3304	בטל השתקה 3304	unmute 3304	0	UNMUTE	בטל|השתק|unmute|3304
3305	תעביר לשיר הבא 3305	next track 3305	0	MEDIA_NEXT	תעביר|תעבור|העבר|הבא|שיר|מוזיקה|next|track|3305
3306	שיר הבא 3306	next track 3306	0	MEDIA_NEXT	הבא|שיר|מוזיקה|next|track|3306
3307	תעביר לשיר הקודם 3307	previous track 3307	0	MEDIA_PREV	תעביר|העבר|קודם|הקודם|שיר|מוזיקה|previous|track|3307
3308	נגן מוזיקה 3308	play 3308	0	MEDIA_PLAY	נגן|נגינה|מוזיקה|שיר|play|3308
3309	השהה מוזיקה 3309	pause 3309	0	MEDIA_PAUSE	השהה|מוזיקה|שיר|pause|3309
3310	עצור מוזיקה 3310	stop 3310	0	MEDIA_STOP	עצור|הפסק|מוזיקה|שיר|stop|3310
3311	תגביה שמע 3311	increase volume 3311	0	VOL_UP	תגביה|תגביהה|הגבהה|תגביר|תעלה|תרים|הגבר|שמע|קול|מוזיקה|שיר|volume|louder|3311
3312	תנמיך שמע 3312	decrease volume 3312	0	VOL_DOWN	תנמיך|הנמכה|תוריד|תקטין|הנמך|קול|שמע|מוזיקה|שיר|volume|quieter|3312
3313	השתק שמע 3313	mute 3313	0	MUTE	השתק|השתקה|שקט|בלי קול|mute|3313
3314	בטל השתקה 3314	unmute 3314	0	UNMUTE	בטל|השתק|unmute|3314
3315	תעביר לשיר הבא 3315	next track 3315	0	MEDIA_NEXT	תעביר|תעבור|העבר|הבא|שיר|מוזיקה|next|track|3315
3316	שיר הבא 3316	next track 3316	0	MEDIA_NEXT	הבא|שיר|מוזיקה|next|track|3316
3317	תעביר לשיר הקודם 3317	previous track 3317	0	MEDIA_PREV	תעביר|העבר|קודם|הקודם|שיר|מוזיקה|previous|track|3317
3318	נגן מוזיקה 3318	play 3318	0	MEDIA_PLAY	נגן|נגינה|מוזיקה|שיר|play|3318
3319	השהה מוזיקה 3319	pause 3319	0	MEDIA_PAUSE	השהה|מוזיקה|שיר|pause|3319
3320	עצור מוזיקה 3320	stop 3320	0	MEDIA_STOP	עצור|הפסק|מוזיקה|שיר|stop|3320
3321	תגביה שמע 3321	increase volume 3321	0	VOL_UP	תגביה|תגביהה|הגבהה|תגביר|תעלה|תרים|הגבר|שמע|קול|מוזיקה|שיר|volume|louder|3321
3322	תנמיך שמע 3322	decrease volume 3322	0	VOL_DOWN	תנמיך|הנמכה|תוריד|תקטין|הנמך|קול|שמע|מוזיקה|שיר|volume|quieter|3322
3323	השתק שמע 3323	mute 3323	0	MUTE	השתק|השתקה|שקט|בלי קול|mute|3323
3324	בטל השתקה 3324	unmute 3324	0	UNMUTE	בטל|השתק|unmute|3324
3325	תעביר לשיר הבא 3325	next track 3325	0	MEDIA_NEXT	תעביר|תעבור|העבר|הבא|שיר|מוזיקה|next|track|3325
3326	שיר הבא 3326	next track 3326	0	MEDIA_NEXT	הבא|שיר|מוזיקה|next|track|3326
3327	תעביר לשיר הקודם 3327	previous track 3327	0	MEDIA_PREV	תעביר|העבר|קודם|הקודם|שיר|מוזיקה|previous|track|3327
3328	נגן מוזיקה 3328	play 3328	0	MEDIA_PLAY	נגן|נגינה|מוזיקה|שיר|play|3328
3329	השהה מוזיקה 3329	pause 3329	0	MEDIA_PAUSE	השהה|מוזיקה|שיר|pause|3329
3330	עצור מוזיקה 3330	stop 3330	0	MEDIA_STOP	עצור|הפסק|מוזיקה|שיר|stop|3330
3331	תגביה שמע 3331	increase volume 3331	0	VOL_UP	תגביה|תגביהה|הגבהה|תגביר|תעלה|תרים|הגבר|שמע|קול|מוזיקה|שיר|volume|louder|3331
3332	תנמיך שמע 3332	decrease volume 3332	0	VOL_DOWN	תנמיך|הנמכה|תוריד|תקטין|הנמך|קול|שמע|מוזיקה|שיר|volume|quieter|3332
3333	השתק שמע 3333	mute 3333	0	MUTE	השתק|השתקה|שקט|בלי קול|mute|3333
3334	בטל השתקה 3334	unmute 3334	0	UNMUTE	בטל|השתק|unmute|3334
3335	תעביר לשיר הבא 3335	next track 3335	0	MEDIA_NEXT	תעביר|תעבור|העבר|הבא|שיר|מוזיקה|next|track|3335
3336	שיר הבא 3336	next track 3336	0	MEDIA_NEXT	הבא|שיר|מוזיקה|next|track|3336
3337	תעביר לשיר הקודם 3337	previous track 3337	0	MEDIA_PREV	תעביר|העבר|קודם|הקודם|שיר|מוזיקה|previous|track|3337
3338	נגן מוזיקה 3338	play 3338	0	MEDIA_PLAY	נגן|נגינה|מוזיקה|שיר|play|3338
3339	השהה מוזיקה 3339	pause 3339	0	MEDIA_PAUSE	השהה|מוזיקה|שיר|pause|3339
3340	עצור מוזיקה 3340	stop 3340	0	MEDIA_STOP	עצור|הפסק|מוזיקה|שיר|stop|3340
3341	תגביה שמע 3341	increase volume 3341	0	VOL_UP	תגביה|תגביהה|הגבהה|תגביר|תעלה|תרים|הגבר|שמע|קול|מוזיקה|שיר|volume|louder|3341
3342	תנמיך שמע 3342	decrease volume 3342	0	VOL_DOWN	תנמיך|הנמכה|תוריד|תקטין|הנמך|קול|שמע|מוזיקה|שיר|volume|quieter|3342
3343	השתק שמע 3343	mute 3343	0	MUTE	השתק|השתקה|שקט|בלי קול|mute|3343
3344	בטל השתקה 3344	unmute 3344	0	UNMUTE	בטל|השתק|unmute|3344
3345	תעביר לשיר הבא 3345	next track 3345	0	MEDIA_NEXT	תעביר|תעבור|העבר|הבא|שיר|מוזיקה|next|track|3345
3346	שיר הבא 3346	next track 3346	0	MEDIA_NEXT	הבא|שיר|מוזיקה|next|track|3346
3347	תעביר לשיר הקודם 3347	previous track 3347	0	MEDIA_PREV	תעביר|העבר|קודם|הקודם|שיר|מוזיקה|previous|track|3347
3348	נגן מוזיקה 3348	play 3348	0	MEDIA_PLAY	נגן|נגינה|מוזיקה|שיר|play|3348
3349	השהה מוזיקה 3349	pause 3349	0	MEDIA_PAUSE	השהה|מוזיקה|שיר|pause|3349
3350	עצור מוזיקה 3350	stop 3350	0	MEDIA_STOP	עצור|הפסק|מוזיקה|שיר|stop|3350
3351	תגביה שמע 3351	increase volume 3351	0	VOL_UP	תגביה|תגביהה|הגבהה|תגביר|תעלה|תרים|הגבר|שמע|קול|מוזיקה|שיר|volume|louder|3351
3352	תנמיך שמע 3352	decrease volume 3352	0	VOL_DOWN	תנמיך|הנמכה|תוריד|תקטין|הנמך|קול|שמע|מוזיקה|שיר|volume|quieter|3352
3353	השתק שמע 3353	mute 3353	0	MUTE	השתק|השתקה|שקט|בלי קול|mute|3353
3354	בטל השתקה 3354	unmute 3354	0	UNMUTE	בטל|השתק|unmute|3354
3355	תעביר לשיר הבא 3355	next track 3355	0	MEDIA_NEXT	תעביר|תעבור|העבר|הבא|שיר|מוזיקה|next|track|3355
3356	שיר הבא 3356	next track 3356	0	MEDIA_NEXT	הבא|שיר|מוזיקה|next|track|3356
3357	תעביר לשיר הקודם 3357	previous track 3357	0	MEDIA_PREV	תעביר|העבר|קודם|הקודם|שיר|מוזיקה|previous|track|3357
3358	נגן מוזיקה 3358	play 3358	0	MEDIA_PLAY	נגן|נגינה|מוזיקה|שיר|play|3358
3359	השהה מוזיקה 3359	pause 3359	0	MEDIA_PAUSE	השהה|מוזיקה|שיר|pause|3359
3360	עצור מוזיקה 3360	stop 3360	0	MEDIA_STOP	עצור|הפסק|מוזיקה|שיר|stop|3360
3361	תגביה שמע 3361	increase volume 3361	0	VOL_UP	תגביה|תגביהה|הגבהה|תגביר|תעלה|תרים|הגבר|שמע|קול|מוזיקה|שיר|volume|louder|3361
3362	תנמיך שמע 3362	decrease volume 3362	0	VOL_DOWN	תנמיך|הנמכה|תוריד|תקטין|הנמך|קול|שמע|מוזיקה|שיר|volume|quieter|3362
3363	השתק שמע 3363	mute 3363	0	MUTE	השתק|השתקה|שקט|בלי קול|mute|3363
3364	בטל השתקה 3364	unmute 3364	0	UNMUTE	בטל|השתק|unmute|3364
3365	תעביר לשיר הבא 3365	next track 3365	0	MEDIA_NEXT	תעביר|תעבור|העבר|הבא|שיר|מוזיקה|next|track|3365
3366	שיר הבא 3366	next track 3366	0	MEDIA_NEXT	הבא|שיר|מוזיקה|next|track|3366
3367	תעביר לשיר הקודם 3367	previous track 3367	0	MEDIA_PREV	תעביר|העבר|קודם|הקודם|שיר|מוזיקה|previous|track|3367
3368	נגן מוזיקה 3368	play 3368	0	MEDIA_PLAY	נגן|נגינה|מוזיקה|שיר|play|3368
3369	השהה מוזיקה 3369	pause 3369	0	MEDIA_PAUSE	השהה|מוזיקה|שיר|pause|3369
3370	עצור מוזיקה 3370	stop 3370	0	MEDIA_STOP	עצור|הפסק|מוזיקה|שיר|stop|3370
3371	תגביה שמע 3371	increase volume 3371	0	VOL_UP	תגביה|תגביהה|הגבהה|תגביר|תעלה|תרים|הגבר|שמע|קול|מוזיקה|שיר|volume|louder|3371
3372	תנמיך שמע 3372	decrease volume 3372	0	VOL_DOWN	תנמיך|הנמכה|תוריד|תקטין|הנמך|קול|שמע|מוזיקה|שיר|volume|quieter|3372
3373	השתק שמע 3373	mute 3373	0	MUTE	השתק|השתקה|שקט|בלי קול|mute|3373
3374	בטל השתקה 3374	unmute 3374	0	UNMUTE	בטל|השתק|unmute|3374
3375	תעביר לשיר הבא 3375	next track 3375	0	MEDIA_NEXT	תעביר|תעבור|העבר|הבא|שיר|מוזיקה|next|track|3375
3376	שיר הבא 3376	next track 3376	0	MEDIA_NEXT	הבא|שיר|מוזיקה|next|track|3376
3377	תעביר לשיר הקודם 3377	previous track 3377	0	MEDIA_PREV	תעביר|העבר|קודם|הקודם|שיר|מוזיקה|previous|track|3377
3378	נגן מוזיקה 3378	play 3378	0	MEDIA_PLAY	נגן|נגינה|מוזיקה|שיר|play|3378
3379	השהה מוזיקה 3379	pause 3379	0	MEDIA_PAUSE	השהה|מוזיקה|שיר|pause|3379
3380	עצור מוזיקה 3380	stop 3380	0	MEDIA_STOP	עצור|הפסק|מוזיקה|שיר|stop|3380
3381	תגביה שמע 3381	increase volume 3381	0	VOL_UP	תגביה|תגביהה|הגבהה|תגביר|תעלה|תרים|הגבר|שמע|קול|מוזיקה|שיר|volume|louder|3381
3382	תנמיך שמע 3382	decrease volume 3382	0	VOL_DOWN	תנמיך|הנמכה|תוריד|תקטין|הנמך|קול|שמע|מוזיקה|שיר|volume|quieter|3382
3383	השתק שמע 3383	mute 3383	0	MUTE	השתק|השתקה|שקט|בלי קול|mute|3383
3384	בטל השתקה 3384	unmute 3384	0	UNMUTE	בטל|השתק|unmute|3384
3385	תעביר לשיר הבא 3385	next track 3385	0	MEDIA_NEXT	תעביר|תעבור|העבר|הבא|שיר|מוזיקה|next|track|3385
3386	שיר הבא 3386	next track 3386	0	MEDIA_NEXT	הבא|שיר|מוזיקה|next|track|3386
3387	תעביר לשיר הקודם 3387	previous track 3387	0	MEDIA_PREV	תעביר|העבר|קודם|הקודם|שיר|מוזיקה|previous|track|3387
3388	נגן מוזיקה 3388	play 3388	0	MEDIA_PLAY	נגן|נגינה|מוזיקה|שיר|play|3388
3389	השהה מוזיקה 3389	pause 3389	0	MEDIA_PAUSE	השהה|מוזיקה|שיר|pause|3389
3390	עצור מוזיקה 3390	stop 3390	0	MEDIA_STOP	עצור|הפסק|מוזיקה|שיר|stop|3390
3391	תגביה שמע 3391	increase volume 3391	0	VOL_UP	תגביה|תגביהה|הגבהה|תגביר|תעלה|תרים|הגבר|שמע|קול|מוזיקה|שיר|volume|louder|3391
3392	תנמיך שמע 3392	decrease volume 3392	0	VOL_DOWN	תנמיך|הנמכה|תוריד|תקטין|הנמך|קול|שמע|מוזיקה|שיר|volume|quieter|3392
3393	השתק שמע 3393	mute 3393	0	MUTE	השתק|השתקה|שקט|בלי קול|mute|3393
3394	בטל השתקה 3394	unmute 3394	0	UNMUTE	בטל|השתק|unmute|3394
3395	תעביר לשיר הבא 3395	next track 3395	0	MEDIA_NEXT	תעביר|תעבור|העבר|הבא|שיר|מוזיקה|next|track|3395
3396	שיר הבא 3396	next track 3396	0	MEDIA_NEXT	הבא|שיר|מוזיקה|next|track|3396
3397	תעביר לשיר הקודם 3397	previous track 3397	0	MEDIA_PREV	תעביר|העבר|קודם|הקודם|שיר|מוזיקה|previous|track|3397
3398	נגן מוזיקה 3398	play 3398	0	MEDIA_PLAY	נגן|נגינה|מוזיקה|שיר|play|3398
3399	השהה מוזיקה 3399	pause 3399	0	MEDIA_PAUSE	השהה|מוזיקה|שיר|pause|3399
3400	עצור מוזיקה 3400	stop 3400	0	MEDIA_STOP	עצור|הפסק|מוזיקה|שיר|stop|3400
3401	תגביה שמע 3401	increase volume 3401	0	VOL_UP	תגביה|תגביהה|הגבהה|תגביר|תעלה|תרים|הגבר|שמע|קול|מוזיקה|שיר|volume|louder|3401
3402	תנמיך שמע 3402	decrease volume 3402	0	VOL_DOWN	תנמיך|הנמכה|תוריד|תקטין|הנמך|קול|שמע|מוזיקה|שיר|volume|quieter|3402
3403	השתק שמע 3403	mute 3403	0	MUTE	השתק|השתקה|שקט|בלי קול|mute|3403
3404	בטל השתקה 3404	unmute 3404	0	UNMUTE	בטל|השתק|unmute|3404
3405	תעביר לשיר הבא 3405	next track 3405	0	MEDIA_NEXT	תעביר|תעבור|העבר|הבא|שיר|מוזיקה|next|track|3405
3406	שיר הבא 3406	next track 3406	0	MEDIA_NEXT	הבא|שיר|מוזיקה|next|track|3406
3407	תעביר לשיר הקודם 3407	previous track 3407	0	MEDIA_PREV	תעביר|העבר|קודם|הקודם|שיר|מוזיקה|previous|track|3407
3408	נגן מוזיקה 3408	play 3408	0	MEDIA_PLAY	נגן|נגינה|מוזיקה|שיר|play|3408
3409	השהה מוזיקה 3409	pause 3409	0	MEDIA_PAUSE	השהה|מוזיקה|שיר|pause|3409
3410	עצור מוזיקה 3410	stop 3410	0	MEDIA_STOP	עצור|הפסק|מוזיקה|שיר|stop|3410
3411	תגביה שמע 3411	increase volume 3411	0	VOL_UP	תגביה|תגביהה|הגבהה|תגביר|תעלה|תרים|הגבר|שמע|קול|מוזיקה|שיר|volume|louder|3411
3412	תנמיך שמע 3412	decrease volume 3412	0	VOL_DOWN	תנמיך|הנמכה|תוריד|תקטין|הנמך|קול|שמע|מוזיקה|שיר|volume|quieter|3412
3413	השתק שמע 3413	mute 3413	0	MUTE	השתק|השתקה|שקט|בלי קול|mute|3413
3414	בטל השתקה 3414	unmute 3414	0	UNMUTE	בטל|השתק|unmute|3414
3415	תעביר לשיר הבא 3415	next track 3415	0	MEDIA_NEXT	תעביר|תעבור|העבר|הבא|שיר|מוזיקה|next|track|3415
3416	שיר הבא 3416	next track 3416	0	MEDIA_NEXT	הבא|שיר|מוזיקה|next|track|3416
3417	תעביר לשיר הקודם 3417	previous track 3417	0	MEDIA_PREV	תעביר|העבר|קודם|הקודם|שיר|מוזיקה|previous|track|3417
3418	נגן מוזיקה 3418	play 3418	0	MEDIA_PLAY	נגן|נגינה|מוזיקה|שיר|play|3418
3419	השהה מוזיקה 3419	pause 3419	0	MEDIA_PAUSE	השהה|מוזיקה|שיר|pause|3419
3420	עצור מוזיקה 3420	stop 3420	0	MEDIA_STOP	עצור|הפסק|מוזיקה|שיר|stop|3420
3421	תגביה שמע 3421	increase volume 3421	0	VOL_UP	תגביה|תגביהה|הגבהה|תגביר|תעלה|תרים|הגבר|שמע|קול|מוזיקה|שיר|volume|louder|3421
3422	תנמיך שמע 3422	decrease volume 3422	0	VOL_DOWN	תנמיך|הנמכה|תוריד|תקטין|הנמך|קול|שמע|מוזיקה|שיר|volume|quieter|3422
3423	השתק שמע 3423	mute 3423	0	MUTE	השתק|השתקה|שקט|בלי קול|mute|3423
3424	בטל השתקה 3424	unmute 3424	0	UNMUTE	בטל|השתק|unmute|3424
3425	תעביר לשיר הבא 3425	next track 3425	0	MEDIA_NEXT	תעביר|תעבור|העבר|הבא|שיר|מוזיקה|next|track|3425
3426	שיר הבא 3426	next track 3426	0	MEDIA_NEXT	הבא|שיר|מוזיקה|next|track|3426
3427	תעביר לשיר הקודם 3427	previous track 3427	0	MEDIA_PREV	תעביר|העבר|קודם|הקודם|שיר|מוזיקה|previous|track|3427
3428	נגן מוזיקה 3428	play 3428	0	MEDIA_PLAY	נגן|נגינה|מוזיקה|שיר|play|3428
3429	השהה מוזיקה 3429	pause 3429	0	MEDIA_PAUSE	השהה|מוזיקה|שיר|pause|3429
3430	עצור מוזיקה 3430	stop 3430	0	MEDIA_STOP	עצור|הפסק|מוזיקה|שיר|stop|3430
3431	תגביה שמע 3431	increase volume 3431	0	VOL_UP	תגביה|תגביהה|הגבהה|תגביר|תעלה|תרים|הגבר|שמע|קול|מוזיקה|שיר|volume|louder|3431
3432	תנמיך שמע 3432	decrease volume 3432	0	VOL_DOWN	תנמיך|הנמכה|תוריד|תקטין|הנמך|קול|שמע|מוזיקה|שיר|volume|quieter|3432
3433	השתק שמע 3433	mute 3433	0	MUTE	השתק|השתקה|שקט|בלי קול|mute|3433
3434	בטל השתקה 3434	unmute 3434	0	UNMUTE	בטל|השתק|unmute|3434
3435	תעביר לשיר הבא 3435	next track 3435	0	MEDIA_NEXT	תעביר|תעבור|העבר|הבא|שיר|מוזיקה|next|track|3435
3436	שיר הבא 3436	next track 3436	0	MEDIA_NEXT	הבא|שיר|מוזיקה|next|track|3436
3437	תעביר לשיר הקודם 3437	previous track 3437	0	MEDIA_PREV	תעביר|העבר|קודם|הקודם|שיר|מוזיקה|previous|track|3437
3438	נגן מוזיקה 3438	play 3438	0	MEDIA_PLAY	נגן|נגינה|מוזיקה|שיר|play|3438
3439	השהה מוזיקה 3439	pause 3439	0	MEDIA_PAUSE	השהה|מוזיקה|שיר|pause|3439
3440	עצור מוזיקה 3440	stop 3440	0	MEDIA_STOP	עצור|הפסק|מוזיקה|שיר|stop|3440
3441	תגביה שמע 3441	increase volume 3441	0	VOL_UP	תגביה|תגביהה|הגבהה|תגביר|תעלה|תרים|הגבר|שמע|קול|מוזיקה|שיר|volume|louder|3441
3442	תנמיך שמע 3442	decrease volume 3442	0	VOL_DOWN	תנמיך|הנמכה|תוריד|תקטין|הנמך|קול|שמע|מוזיקה|שיר|volume|quieter|3442
3443	השתק שמע 3443	mute 3443	0	MUTE	השתק|השתקה|שקט|בלי קול|mute|3443
3444	בטל השתקה 3444	unmute 3444	0	UNMUTE	בטל|השתק|unmute|3444
3445	תעביר לשיר הבא 3445	next track 3445	0	MEDIA_NEXT	תעביר|תעבור|העבר|הבא|שיר|מוזיקה|next|track|3445
3446	שיר הבא 3446	next track 3446	0	MEDIA_NEXT	הבא|שיר|מוזיקה|next|track|3446
3447	תעביר לשיר הקודם 3447	previous track 3447	0	MEDIA_PREV	תעביר|העבר|קודם|הקודם|שיר|מוזיקה|previous|track|3447
3448	נגן מוזיקה 3448	play 3448	0	MEDIA_PLAY	נגן|נגינה|מוזיקה|שיר|play|3448
3449	השהה מוזיקה 3449	pause 3449	0	MEDIA_PAUSE	השהה|מוזיקה|שיר|pause|3449
3450	עצור מוזיקה 3450	stop 3450	0	MEDIA_STOP	עצור|הפסק|מוזיקה|שיר|stop|3450
3451	תגביה שמע 3451	increase volume 3451	0	VOL_UP	תגביה|תגביהה|הגבהה|תגביר|תעלה|תרים|הגבר|שמע|קול|מוזיקה|שיר|volume|louder|3451
3452	תנמיך שמע 3452	decrease volume 3452	0	VOL_DOWN	תנמיך|הנמכה|תוריד|תקטין|הנמך|קול|שמע|מוזיקה|שיר|volume|quieter|3452
3453	השתק שמע 3453	mute 3453	0	MUTE	השתק|השתקה|שקט|בלי קול|mute|3453
3454	בטל השתקה 3454	unmute 3454	0	UNMUTE	בטל|השתק|unmute|3454
3455	תעביר לשיר הבא 3455	next track 3455	0	MEDIA_NEXT	תעביר|תעבור|העבר|הבא|שיר|מוזיקה|next|track|3455
3456	שיר הבא 3456	next track 3456	0	MEDIA_NEXT	הבא|שיר|מוזיקה|next|track|3456
3457	תעביר לשיר הקודם 3457	previous track 3457	0	MEDIA_PREV	תעביר|העבר|קודם|הקודם|שיר|מוזיקה|previous|track|3457
3458	נגן מוזיקה 3458	play 3458	0	MEDIA_PLAY	נגן|נגינה|מוזיקה|שיר|play|3458
3459	השהה מוזיקה 3459	pause 3459	0	MEDIA_PAUSE	השהה|מוזיקה|שיר|pause|3459
3460	עצור מוזיקה 3460	stop 3460	0	MEDIA_STOP	עצור|הפסק|מוזיקה|שיר|stop|3460
3461	תגביה שמע 3461	increase volume 3461	0	VOL_UP	תגביה|תגביהה|הגבהה|תגביר|תעלה|תרים|הגבר|שמע|קול|מוזיקה|שיר|volume|louder|3461
3462	תנמיך שמע 3462	decrease volume 3462	0	VOL_DOWN	תנמיך|הנמכה|תוריד|תקטין|הנמך|קול|שמע|מוזיקה|שיר|volume|quieter|3462
3463	השתק שמע 3463	mute 3463	0	MUTE	השתק|השתקה|שקט|בלי קול|mute|3463
3464	בטל השתקה 3464	unmute 3464	0	UNMUTE	בטל|השתק|unmute|3464
3465	תעביר לשיר הבא 3465	next track 3465	0	MEDIA_NEXT	תעביר|תעבור|העבר|הבא|שיר|מוזיקה|next|track|3465
3466	שיר הבא 3466	next track 3466	0	MEDIA_NEXT	הבא|שיר|מוזיקה|next|track|3466
3467	תעביר לשיר הקודם 3467	previous track 3467	0	MEDIA_PREV	תעביר|העבר|קודם|הקודם|שיר|מוזיקה|previous|track|3467
3468	נגן מוזיקה 3468	play 3468	0	MEDIA_PLAY	נגן|נגינה|מוזיקה|שיר|play|3468
3469	השהה מוזיקה 3469	pause 3469	0	MEDIA_PAUSE	השהה|מוזיקה|שיר|pause|3469
3470	עצור מוזיקה 3470	stop 3470	0	MEDIA_STOP	עצור|הפסק|מוזיקה|שיר|stop|3470
3471	תגביה שמע 3471	increase volume 3471	0	VOL_UP	תגביה|תגביהה|הגבהה|תגביר|תעלה|תרים|הגבר|שמע|קול|מוזיקה|שיר|volume|louder|3471
3472	תנמיך שמע 3472	decrease volume 3472	0	VOL_DOWN	תנמיך|הנמכה|תוריד|תקטין|הנמך|קול|שמע|מוזיקה|שיר|volume|quieter|3472
3473	השתק שמע 3473	mute 3473	0	MUTE	השתק|השתקה|שקט|בלי קול|mute|3473
3474	בטל השתקה 3474	unmute 3474	0	UNMUTE	בטל|השתק|unmute|3474
3475	תעביר לשיר הבא 3475	next track 3475	0	MEDIA_NEXT	תעביר|תעבור|העבר|הבא|שיר|מוזיקה|next|track|3475
3476	שיר הבא 3476	next track 3476	0	MEDIA_NEXT	הבא|שיר|מוזיקה|next|track|3476
3477	תעביר לשיר הקודם 3477	previous track 3477	0	MEDIA_PREV	תעביר|העבר|קודם|הקודם|שיר|מוזיקה|previous|track|3477
3478	נגן מוזיקה 3478	play 3478	0	MEDIA_PLAY	נגן|נגינה|מוזיקה|שיר|play|3478
3479	השהה מוזיקה 3479	pause 3479	0	MEDIA_PAUSE	השהה|מוזיקה|שיר|pause|3479
3480	עצור מוזיקה 3480	stop 3480	0	MEDIA_STOP	עצור|הפסק|מוזיקה|שיר|stop|3480
3481	תגביה שמע 3481	increase volume 3481	0	VOL_UP	תגביה|תגביהה|הגבהה|תגביר|תעלה|תרים|הגבר|שמע|קול|מוזיקה|שיר|volume|louder|3481
3482	תנמיך שמע 3482	decrease volume 3482	0	VOL_DOWN	תנמיך|הנמכה|תוריד|תקטין|הנמך|קול|שמע|מוזיקה|שיר|volume|quieter|3482
3483	השתק שמע 3483	mute 3483	0	MUTE	השתק|השתקה|שקט|בלי קול|mute|3483
3484	בטל השתקה 3484	unmute 3484	0	UNMUTE	בטל|השתק|unmute|3484
3485	תעביר לשיר הבא 3485	next track 3485	0	MEDIA_NEXT	תעביר|תעבור|העבר|הבא|שיר|מוזיקה|next|track|3485
3486	שיר הבא 3486	next track 3486	0	MEDIA_NEXT	הבא|שיר|מוזיקה|next|track|3486
3487	תעביר לשיר הקודם 3487	previous track 3487	0	MEDIA_PREV	תעביר|העבר|קודם|הקודם|שיר|מוזיקה|previous|track|3487
3488	נגן מוזיקה 3488	play 3488	0	MEDIA_PLAY	נגן|נגינה|מוזיקה|שיר|play|3488
3489	השהה מוזיקה 3489	pause 3489	0	MEDIA_PAUSE	השהה|מוזיקה|שיר|pause|3489
3490	עצור מוזיקה 3490	stop 3490	0	MEDIA_STOP	עצור|הפסק|מוזיקה|שיר|stop|3490
3491	תגביה שמע 3491	increase volume 3491	0	VOL_UP	תגביה|תגביהה|הגבהה|תגביר|תעלה|תרים|הגבר|שמע|קול|מוזיקה|שיר|volume|louder|3491
3492	תנמיך שמע 3492	decrease volume 3492	0	VOL_DOWN	תנמיך|הנמכה|תוריד|תקטין|הנמך|קול|שמע|מוזיקה|שיר|volume|quieter|3492
3493	השתק שמע 3493	mute 3493	0	MUTE	השתק|השתקה|שקט|בלי קול|mute|3493
3494	בטל השתקה 3494	unmute 3494	0	UNMUTE	בטל|השתק|unmute|3494
3495	תעביר לשיר הבא 3495	next track 3495	0	MEDIA_NEXT	תעביר|תעבור|העבר|הבא|שיר|מוזיקה|next|track|3495
3496	שיר הבא 3496	next track 3496	0	MEDIA_NEXT	הבא|שיר|מוזיקה|next|track|3496
3497	תעביר לשיר הקודם 3497	previous track 3497	0	MEDIA_PREV	תעביר|העבר|קודם|הקודם|שיר|מוזיקה|previous|track|3497
3498	נגן מוזיקה 3498	play 3498	0	MEDIA_PLAY	נגן|נגינה|מוזיקה|שיר|play|3498
3499	השהה מוזיקה 3499	pause 3499	0	MEDIA_PAUSE	השהה|מוזיקה|שיר|pause|3499
3500	עצור מוזיקה 3500	stop 3500	0	MEDIA_STOP	עצור|הפסק|מוזיקה|שיר|stop|3500
3501	תגביה שמע 3501	increase volume 3501	0	VOL_UP	תגביה|תגביהה|הגבהה|תגביר|תעלה|תרים|הגבר|שמע|קול|מוזיקה|שיר|volume|louder|3501
3502	תנמיך שמע 3502	decrease volume 3502	0	VOL_DOWN	תנמיך|הנמכה|תוריד|תקטין|הנמך|קול|שמע|מוזיקה|שיר|volume|quieter|3502
3503	השתק שמע 3503	mute 3503	0	MUTE	השתק|השתקה|שקט|בלי קול|mute|3503
3504	בטל השתקה 3504	unmute 3504	0	UNMUTE	בטל|השתק|unmute|3504
3505	תעביר לשיר הבא 3505	next track 3505	0	MEDIA_NEXT	תעביר|תעבור|העבר|הבא|שיר|מוזיקה|next|track|3505
3506	שיר הבא 3506	next track 3506	0	MEDIA_NEXT	הבא|שיר|מוזיקה|next|track|3506
3507	תעביר לשיר הקודם 3507	previous track 3507	0	MEDIA_PREV	תעביר|העבר|קודם|הקודם|שיר|מוזיקה|previous|track|3507
3508	נגן מוזיקה 3508	play 3508	0	MEDIA_PLAY	נגן|נגינה|מוזיקה|שיר|play|3508
3509	השהה מוזיקה 3509	pause 3509	0	MEDIA_PAUSE	השהה|מוזיקה|שיר|pause|3509
3510	עצור מוזיקה 3510	stop 3510	0	MEDIA_STOP	עצור|הפסק|מוזיקה|שיר|stop|3510
3511	תגביה שמע 3511	increase volume 3511	0	VOL_UP	תגביה|תגביהה|הגבהה|תגביר|תעלה|תרים|הגבר|שמע|קול|מוזיקה|שיר|volume|louder|3511
3512	תנמיך שמע 3512	decrease volume 3512	0	VOL_DOWN	תנמיך|הנמכה|תוריד|תקטין|הנמך|קול|שמע|מוזיקה|שיר|volume|quieter|3512
3513	השתק שמע 3513	mute 3513	0	MUTE	השתק|השתקה|שקט|בלי קול|mute|3513
3514	בטל השתקה 3514	unmute 3514	0	UNMUTE	בטל|השתק|unmute|3514
3515	תעביר לשיר הבא 3515	next track 3515	0	MEDIA_NEXT	תעביר|תעבור|העבר|הבא|שיר|מוזיקה|next|track|3515
3516	שיר הבא 3516	next track 3516	0	MEDIA_NEXT	הבא|שיר|מוזיקה|next|track|3516
3517	תעביר לשיר הקודם 3517	previous track 3517	0	MEDIA_PREV	תעביר|העבר|קודם|הקודם|שיר|מוזיקה|previous|track|3517
3518	נגן מוזיקה 3518	play 3518	0	MEDIA_PLAY	נגן|נגינה|מוזיקה|שיר|play|3518
3519	השהה מוזיקה 3519	pause 3519	0	MEDIA_PAUSE	השהה|מוזיקה|שיר|pause|3519
3520	עצור מוזיקה 3520	stop 3520	0	MEDIA_STOP	עצור|הפסק|מוזיקה|שיר|stop|3520
3521	תגביה שמע 3521	increase volume 3521	0	VOL_UP	תגביה|תגביהה|הגבהה|תגביר|תעלה|תרים|הגבר|שמע|קול|מוזיקה|שיר|volume|louder|3521
3522	תנמיך שמע 3522	decrease volume 3522	0	VOL_DOWN	תנמיך|הנמכה|תוריד|תקטין|הנמך|קול|שמע|מוזיקה|שיר|volume|quieter|3522
3523	השתק שמע 3523	mute 3523	0	MUTE	השתק|השתקה|שקט|בלי קול|mute|3523
3524	בטל השתקה 3524	unmute 3524	0	UNMUTE	בטל|השתק|unmute|3524
3525	תעביר לשיר הבא 3525	next track 3525	0	MEDIA_NEXT	תעביר|תעבור|העבר|הבא|שיר|מוזיקה|next|track|3525
3526	שיר הבא 3526	next track 3526	0	MEDIA_NEXT	הבא|שיר|מוזיקה|next|track|3526
3527	תעביר לשיר הקודם 3527	previous track 3527	0	MEDIA_PREV	תעביר|העבר|קודם|הקודם|שיר|מוזיקה|previous|track|3527
3528	נגן מוזיקה 3528	play 3528	0	MEDIA_PLAY	נגן|נגינה|מוזיקה|שיר|play|3528
3529	השהה מוזיקה 3529	pause 3529	0	MEDIA_PAUSE	השהה|מוזיקה|שיר|pause|3529
3530	עצור מוזיקה 3530	stop 3530	0	MEDIA_STOP	עצור|הפסק|מוזיקה|שיר|stop|3530
3531	תגביה שמע 3531	increase volume 3531	0	VOL_UP	תגביה|תגביהה|הגבהה|תגביר|תעלה|תרים|הגבר|שמע|קול|מוזיקה|שיר|volume|louder|3531
3532	תנמיך שמע 3532	decrease volume 3532	0	VOL_DOWN	תנמיך|הנמכה|תוריד|תקטין|הנמך|קול|שמע|מוזיקה|שיר|volume|quieter|3532
3533	השתק שמע 3533	mute 3533	0	MUTE	השתק|השתקה|שקט|בלי קול|mute|3533
3534	בטל השתקה 3534	unmute 3534	0	UNMUTE	בטל|השתק|unmute|3534
3535	תעביר לשיר הבא 3535	next track 3535	0	MEDIA_NEXT	תעביר|תעבור|העבר|הבא|שיר|מוזיקה|next|track|3535
3536	שיר הבא 3536	next track 3536	0	MEDIA_NEXT	הבא|שיר|מוזיקה|next|track|3536
3537	תעביר לשיר הקודם 3537	previous track 3537	0	MEDIA_PREV	תעביר|העבר|קודם|הקודם|שיר|מוזיקה|previous|track|3537
3538	נגן מוזיקה 3538	play 3538	0	MEDIA_PLAY	נגן|נגינה|מוזיקה|שיר|play|3538
3539	השהה מוזיקה 3539	pause 3539	0	MEDIA_PAUSE	השהה|מוזיקה|שיר|pause|3539
3540	עצור מוזיקה 3540	stop 3540	0	MEDIA_STOP	עצור|הפסק|מוזיקה|שיר|stop|3540
3541	תגביה שמע 3541	increase volume 3541	0	VOL_UP	תגביה|תגביהה|הגבהה|תגביר|תעלה|תרים|הגבר|שמע|קול|מוזיקה|שיר|volume|louder|3541
3542	תנמיך שמע 3542	decrease volume 3542	0	VOL_DOWN	תנמיך|הנמכה|תוריד|תקטין|הנמך|קול|שמע|מוזיקה|שיר|volume|quieter|3542
3543	השתק שמע 3543	mute 3543	0	MUTE	השתק|השתקה|שקט|בלי קול|mute|3543
3544	בטל השתקה 3544	unmute 3544	0	UNMUTE	בטל|השתק|unmute|3544
3545	תעביר לשיר הבא 3545	next track 3545	0	MEDIA_NEXT	תעביר|תעבור|העבר|הבא|שיר|מוזיקה|next|track|3545
3546	שיר הבא 3546	next track 3546	0	MEDIA_NEXT	הבא|שיר|מוזיקה|next|track|3546
3547	תעביר לשיר הקודם 3547	previous track 3547	0	MEDIA_PREV	תעביר|העבר|קודם|הקודם|שיר|מוזיקה|previous|track|3547
3548	נגן מוזיקה 3548	play 3548	0	MEDIA_PLAY	נגן|נגינה|מוזיקה|שיר|play|3548
3549	השהה מוזיקה 3549	pause 3549	0	MEDIA_PAUSE	השהה|מוזיקה|שיר|pause|3549
3550	עצור מוזיקה 3550	stop 3550	0	MEDIA_STOP	עצור|הפסק|מוזיקה|שיר|stop|3550
3551	תגביה שמע 3551	increase volume 3551	0	VOL_UP	תגביה|תגביהה|הגבהה|תגביר|תעלה|תרים|הגבר|שמע|קול|מוזיקה|שיר|volume|louder|3551
3552	תנמיך שמע 3552	decrease volume 3552	0	VOL_DOWN	תנמיך|הנמכה|תוריד|תקטין|הנמך|קול|שמע|מוזיקה|שיר|volume|quieter|3552
3553	השתק שמע 3553	mute 3553	0	MUTE	השתק|השתקה|שקט|בלי קול|mute|3553
3554	בטל השתקה 3554	unmute 3554	0	UNMUTE	בטל|השתק|unmute|3554
3555	תעביר לשיר הבא 3555	next track 3555	0	MEDIA_NEXT	תעביר|תעבור|העבר|הבא|שיר|מוזיקה|next|track|3555
3556	שיר הבא 3556	next track 3556	0	MEDIA_NEXT	הבא|שיר|מוזיקה|next|track|3556
3557	תעביר לשיר הקודם 3557	previous track 3557	0	MEDIA_PREV	תעביר|העבר|קודם|הקודם|שיר|מוזיקה|previous|track|3557
3558	נגן מוזיקה 3558	play 3558	0	MEDIA_PLAY	נגן|נגינה|מוזיקה|שיר|play|3558
3559	השהה מוזיקה 3559	pause 3559	0	MEDIA_PAUSE	השהה|מוזיקה|שיר|pause|3559
3560	עצור מוזיקה 3560	stop 3560	0	MEDIA_STOP	עצור|הפסק|מוזיקה|שיר|stop|3560
3561	תגביה שמע 3561	increase volume 3561	0	VOL_UP	תגביה|תגביהה|הגבהה|תגביר|תעלה|תרים|הגבר|שמע|קול|מוזיקה|שיר|volume|louder|3561
3562	תנמיך שמע 3562	decrease volume 3562	0	VOL_DOWN	תנמיך|הנמכה|תוריד|תקטין|הנמך|קול|שמע|מוזיקה|שיר|volume|quieter|3562
3563	השתק שמע 3563	mute 3563	0	MUTE	השתק|השתקה|שקט|בלי קול|mute|3563
3564	בטל השתקה 3564	unmute 3564	0	UNMUTE	בטל|השתק|unmute|3564
3565	תעביר לשיר הבא 3565	next track 3565	0	MEDIA_NEXT	תעביר|תעבור|העבר|הבא|שיר|מוזיקה|next|track|3565
3566	שיר הבא 3566	next track 3566	0	MEDIA_NEXT	הבא|שיר|מוזיקה|next|track|3566
3567	תעביר לשיר הקודם 3567	previous track 3567	0	MEDIA_PREV	תעביר|העבר|קודם|הקודם|שיר|מוזיקה|previous|track|3567
3568	נגן מוזיקה 3568	play 3568	0	MEDIA_PLAY	נגן|נגינה|מוזיקה|שיר|play|3568
3569	השהה מוזיקה 3569	pause 3569	0	MEDIA_PAUSE	השהה|מוזיקה|שיר|pause|3569
3570	עצור מוזיקה 3570	stop 3570	0	MEDIA_STOP	עצור|הפסק|מוזיקה|שיר|stop|3570
3571	תגביה שמע 3571	increase volume 3571	0	VOL_UP	תגביה|תגביהה|הגבהה|תגביר|תעלה|תרים|הגבר|שמע|קול|מוזיקה|שיר|volume|louder|3571
3572	תנמיך שמע 3572	decrease volume 3572	0	VOL_DOWN	תנמיך|הנמכה|תוריד|תקטין|הנמך|קול|שמע|מוזיקה|שיר|volume|quieter|3572
3573	השתק שמע 3573	mute 3573	0	MUTE	השתק|השתקה|שקט|בלי קול|mute|3573
3574	בטל השתקה 3574	unmute 3574	0	UNMUTE	בטל|השתק|unmute|3574
3575	תעביר לשיר הבא 3575	next track 3575	0	MEDIA_NEXT	תעביר|תעבור|העבר|הבא|שיר|מוזיקה|next|track|3575
3576	שיר הבא 3576	next track 3576	0	MEDIA_NEXT	הבא|שיר|מוזיקה|next|track|3576
3577	תעביר לשיר הקודם 3577	previous track 3577	0	MEDIA_PREV	תעביר|העבר|קודם|הקודם|שיר|מוזיקה|previous|track|3577
3578	נגן מוזיקה 3578	play 3578	0	MEDIA_PLAY	נגן|נגינה|מוזיקה|שיר|play|3578
3579	השהה מוזיקה 3579	pause 3579	0	MEDIA_PAUSE	השהה|מוזיקה|שיר|pause|3579
3580	עצור מוזיקה 3580	stop 3580	0	MEDIA_STOP	עצור|הפסק|מוזיקה|שיר|stop|3580
3581	תגביה שמע 3581	increase volume 3581	0	VOL_UP	תגביה|תגביהה|הגבהה|תגביר|תעלה|תרים|הגבר|שמע|קול|מוזיקה|שיר|volume|louder|3581
3582	תנמיך שמע 3582	decrease volume 3582	0	VOL_DOWN	תנמיך|הנמכה|תוריד|תקטין|הנמך|קול|שמע|מוזיקה|שיר|volume|quieter|3582
3583	השתק שמע 3583	mute 3583	0	MUTE	השתק|השתקה|שקט|בלי קול|mute|3583
3584	בטל השתקה 3584	unmute 3584	0	UNMUTE	בטל|השתק|unmute|3584
3585	תעביר לשיר הבא 3585	next track 3585	0	MEDIA_NEXT	תעביר|תעבור|העבר|הבא|שיר|מוזיקה|next|track|3585
3586	שיר הבא 3586	next track 3586	0	MEDIA_NEXT	הבא|שיר|מוזיקה|next|track|3586
3587	תעביר לשיר הקודם 3587	previous track 3587	0	MEDIA_PREV	תעביר|העבר|קודם|הקודם|שיר|מוזיקה|previous|track|3587
3588	נגן מוזיקה 3588	play 3588	0	MEDIA_PLAY	נגן|נגינה|מוזיקה|שיר|play|3588
3589	השהה מוזיקה 3589	pause 3589	0	MEDIA_PAUSE	השהה|מוזיקה|שיר|pause|3589
3590	עצור מוזיקה 3590	stop 3590	0	MEDIA_STOP	עצור|הפסק|מוזיקה|שיר|stop|3590
3591	תגביה שמע 3591	increase volume 3591	0	VOL_UP	תגביה|תגביהה|הגבהה|תגביר|תעלה|תרים|הגבר|שמע|קול|מוזיקה|שיר|volume|louder|3591
3592	תנמיך שמע 3592	decrease volume 3592	0	VOL_DOWN	תנמיך|הנמכה|תוריד|תקטין|הנמך|קול|שמע|מוזיקה|שיר|volume|quieter|3592
3593	השתק שמע 3593	mute 3593	0	MUTE	השתק|השתקה|שקט|בלי קול|mute|3593
3594	בטל השתקה 3594	unmute 3594	0	UNMUTE	בטל|השתק|unmute|3594
3595	תעביר לשיר הבא 3595	next track 3595	0	MEDIA_NEXT	תעביר|תעבור|העבר|הבא|שיר|מוזיקה|next|track|3595
3596	שיר הבא 3596	next track 3596	0	MEDIA_NEXT	הבא|שיר|מוזיקה|next|track|3596
3597	תעביר לשיר הקודם 3597	previous track 3597	0	MEDIA_PREV	תעביר|העבר|קודם|הקודם|שיר|מוזיקה|previous|track|3597
3598	נגן מוזיקה 3598	play 3598	0	MEDIA_PLAY	נגן|נגינה|מוזיקה|שיר|play|3598
3599	השהה מוזיקה 3599	pause 3599	0	MEDIA_PAUSE	השהה|מוזיקה|שיר|pause|3599
3600	עצור מוזיקה 3600	stop 3600	0	MEDIA_STOP	עצור|הפסק|מוזיקה|שיר|stop|3600
3601	תגביה שמע 3601	increase volume 3601	0	VOL_UP	תגביה|תגביהה|הגבהה|תגביר|תעלה|תרים|הגבר|שמע|קול|מוזיקה|שיר|volume|louder|3601
3602	תנמיך שמע 3602	decrease volume 3602	0	VOL_DOWN	תנמיך|הנמכה|תוריד|תקטין|הנמך|קול|שמע|מוזיקה|שיר|volume|quieter|3602
3603	השתק שמע 3603	mute 3603	0	MUTE	השתק|השתקה|שקט|בלי קול|mute|3603
3604	בטל השתקה 3604	unmute 3604	0	UNMUTE	בטל|השתק|unmute|3604
3605	תעביר לשיר הבא 3605	next track 3605	0	MEDIA_NEXT	תעביר|תעבור|העבר|הבא|שיר|מוזיקה|next|track|3605
3606	שיר הבא 3606	next track 3606	0	MEDIA_NEXT	הבא|שיר|מוזיקה|next|track|3606
3607	תעביר לשיר הקודם 3607	previous track 3607	0	MEDIA_PREV	תעביר|העבר|קודם|הקודם|שיר|מוזיקה|previous|track|3607
3608	נגן מוזיקה 3608	play 3608	0	MEDIA_PLAY	נגן|נגינה|מוזיקה|שיר|play|3608
3609	השהה מוזיקה 3609	pause 3609	0	MEDIA_PAUSE	השהה|מוזיקה|שיר|pause|3609
3610	עצור מוזיקה 3610	stop 3610	0	MEDIA_STOP	עצור|הפסק|מוזיקה|שיר|stop|3610
3611	תגביה שמע 3611	increase volume 3611	0	VOL_UP	תגביה|תגביהה|הגבהה|תגביר|תעלה|תרים|הגבר|שמע|קול|מוזיקה|שיר|volume|louder|3611
3612	תנמיך שמע 3612	decrease volume 3612	0	VOL_DOWN	תנמיך|הנמכה|תוריד|תקטין|הנמך|קול|שמע|מוזיקה|שיר|volume|quieter|3612
3613	השתק שמע 3613	mute 3613	0	MUTE	השתק|השתקה|שקט|בלי קול|mute|3613
3614	בטל השתקה 3614	unmute 3614	0	UNMUTE	בטל|השתק|unmute|3614
3615	תעביר לשיר הבא 3615	next track 3615	0	MEDIA_NEXT	תעביר|תעבור|העבר|הבא|שיר|מוזיקה|next|track|3615
3616	שיר הבא 3616	next track 3616	0	MEDIA_NEXT	הבא|שיר|מוזיקה|next|track|3616
3617	תעביר לשיר הקודם 3617	previous track 3617	0	MEDIA_PREV	תעביר|העבר|קודם|הקודם|שיר|מוזיקה|previous|track|3617
3618	נגן מוזיקה 3618	play 3618	0	MEDIA_PLAY	נגן|נגינה|מוזיקה|שיר|play|3618
3619	השהה מוזיקה 3619	pause 3619	0	MEDIA_PAUSE	השהה|מוזיקה|שיר|pause|3619
3620	עצור מוזיקה 3620	stop 3620	0	MEDIA_STOP	עצור|הפסק|מוזיקה|שיר|stop|3620
3621	תגביה שמע 3621	increase volume 3621	0	VOL_UP	תגביה|תגביהה|הגבהה|תגביר|תעלה|תרים|הגבר|שמע|קול|מוזיקה|שיר|volume|louder|3621
3622	תנמיך שמע 3622	decrease volume 3622	0	VOL_DOWN	תנמיך|הנמכה|תוריד|תקטין|הנמך|קול|שמע|מוזיקה|שיר|volume|quieter|3622
3623	השתק שמע 3623	mute 3623	0	MUTE	השתק|השתקה|שקט|בלי קול|mute|3623
3624	בטל השתקה 3624	unmute 3624	0	UNMUTE	בטל|השתק|unmute|3624
3625	תעביר לשיר הבא 3625	next track 3625	0	MEDIA_NEXT	תעביר|תעבור|העבר|הבא|שיר|מוזיקה|next|track|3625
3626	שיר הבא 3626	next track 3626	0	MEDIA_NEXT	הבא|שיר|מוזיקה|next|track|3626
3627	תעביר לשיר הקודם 3627	previous track 3627	0	MEDIA_PREV	תעביר|העבר|קודם|הקודם|שיר|מוזיקה|previous|track|3627
3628	נגן מוזיקה 3628	play 3628	0	MEDIA_PLAY	נגן|נגינה|מוזיקה|שיר|play|3628
3629	השהה מוזיקה 3629	pause 3629	0	MEDIA_PAUSE	השהה|מוזיקה|שיר|pause|3629
3630	עצור מוזיקה 3630	stop 3630	0	MEDIA_STOP	עצור|הפסק|מוזיקה|שיר|stop|3630
3631	תגביה שמע 3631	increase volume 3631	0	VOL_UP	תגביה|תגביהה|הגבהה|תגביר|תעלה|תרים|הגבר|שמע|קול|מוזיקה|שיר|volume|louder|3631
3632	תנמיך שמע 3632	decrease volume 3632	0	VOL_DOWN	תנמיך|הנמכה|תוריד|תקטין|הנמך|קול|שמע|מוזיקה|שיר|volume|quieter|3632
3633	השתק שמע 3633	mute 3633	0	MUTE	השתק|השתקה|שקט|בלי קול|mute|3633
3634	בטל השתקה 3634	unmute 3634	0	UNMUTE	בטל|השתק|unmute|3634
3635	תעביר לשיר הבא 3635	next track 3635	0	MEDIA_NEXT	תעביר|תעבור|העבר|הבא|שיר|מוזיקה|next|track|3635
3636	שיר הבא 3636	next track 3636	0	MEDIA_NEXT	הבא|שיר|מוזיקה|next|track|3636
3637	תעביר לשיר הקודם 3637	previous track 3637	0	MEDIA_PREV	תעביר|העבר|קודם|הקודם|שיר|מוזיקה|previous|track|3637
3638	נגן מוזיקה 3638	play 3638	0	MEDIA_PLAY	נגן|נגינה|מוזיקה|שיר|play|3638
3639	השהה מוזיקה 3639	pause 3639	0	MEDIA_PAUSE	השהה|מוזיקה|שיר|pause|3639
3640	עצור מוזיקה 3640	stop 3640	0	MEDIA_STOP	עצור|הפסק|מוזיקה|שיר|stop|3640
3641	תגביה שמע 3641	increase volume 3641	0	VOL_UP	תגביה|תגביהה|הגבהה|תגביר|תעלה|תרים|הגבר|שמע|קול|מוזיקה|שיר|volume|louder|3641
3642	תנמיך שמע 3642	decrease volume 3642	0	VOL_DOWN	תנמיך|הנמכה|תוריד|תקטין|הנמך|קול|שמע|מוזיקה|שיר|volume|quieter|3642
3643	השתק שמע 3643	mute 3643	0	MUTE	השתק|השתקה|שקט|בלי קול|mute|3643
3644	בטל השתקה 3644	unmute 3644	0	UNMUTE	בטל|השתק|unmute|3644
3645	תעביר לשיר הבא 3645	next track 3645	0	MEDIA_NEXT	תעביר|תעבור|העבר|הבא|שיר|מוזיקה|next|track|3645
3646	שיר הבא 3646	next track 3646	0	MEDIA_NEXT	הבא|שיר|מוזיקה|next|track|3646
3647	תעביר לשיר הקודם 3647	previous track 3647	0	MEDIA_PREV	תעביר|העבר|קודם|הקודם|שיר|מוזיקה|previous|track|3647
3648	נגן מוזיקה 3648	play 3648	0	MEDIA_PLAY	נגן|נגינה|מוזיקה|שיר|play|3648
3649	השהה מוזיקה 3649	pause 3649	0	MEDIA_PAUSE	השהה|מוזיקה|שיר|pause|3649
3650	עצור מוזיקה 3650	stop 3650	0	MEDIA_STOP	עצור|הפסק|מוזיקה|שיר|stop|3650
3651	תגביה שמע 3651	increase volume 3651	0	VOL_UP	תגביה|תגביהה|הגבהה|תגביר|תעלה|תרים|הגבר|שמע|קול|מוזיקה|שיר|volume|louder|3651
3652	תנמיך שמע 3652	decrease volume 3652	0	VOL_DOWN	תנמיך|הנמכה|תוריד|תקטין|הנמך|קול|שמע|מוזיקה|שיר|volume|quieter|3652
3653	השתק שמע 3653	mute 3653	0	MUTE	השתק|השתקה|שקט|בלי קול|mute|3653
3654	בטל השתקה 3654	unmute 3654	0	UNMUTE	בטל|השתק|unmute|3654
3655	תעביר לשיר הבא 3655	next track 3655	0	MEDIA_NEXT	תעביר|תעבור|העבר|הבא|שיר|מוזיקה|next|track|3655
3656	שיר הבא 3656	next track 3656	0	MEDIA_NEXT	הבא|שיר|מוזיקה|next|track|3656
3657	תעביר לשיר הקודם 3657	previous track 3657	0	MEDIA_PREV	תעביר|העבר|קודם|הקודם|שיר|מוזיקה|previous|track|3657
3658	נגן מוזיקה 3658	play 3658	0	MEDIA_PLAY	נגן|נגינה|מוזיקה|שיר|play|3658
3659	השהה מוזיקה 3659	pause 3659	0	MEDIA_PAUSE	השהה|מוזיקה|שיר|pause|3659
3660	עצור מוזיקה 3660	stop 3660	0	MEDIA_STOP	עצור|הפסק|מוזיקה|שיר|stop|3660
3661	תגביה שמע 3661	increase volume 3661	0	VOL_UP	תגביה|תגביהה|הגבהה|תגביר|תעלה|תרים|הגבר|שמע|קול|מוזיקה|שיר|volume|louder|3661
3662	תנמיך שמע 3662	decrease volume 3662	0	VOL_DOWN	תנמיך|הנמכה|תוריד|תקטין|הנמך|קול|שמע|מוזיקה|שיר|volume|quieter|3662
3663	השתק שמע 3663	mute 3663	0	MUTE	השתק|השתקה|שקט|בלי קול|mute|3663
3664	בטל השתקה 3664	unmute 3664	0	UNMUTE	בטל|השתק|unmute|3664
3665	תעביר לשיר הבא 3665	next track 3665	0	MEDIA_NEXT	תעביר|תעבור|העבר|הבא|שיר|מוזיקה|next|track|3665
3666	שיר הבא 3666	next track 3666	0	MEDIA_NEXT	הבא|שיר|מוזיקה|next|track|3666
3667	תעביר לשיר הקודם 3667	previous track 3667	0	MEDIA_PREV	תעביר|העבר|קודם|הקודם|שיר|מוזיקה|previous|track|3667
3668	נגן מוזיקה 3668	play 3668	0	MEDIA_PLAY	נגן|נגינה|מוזיקה|שיר|play|3668
3669	השהה מוזיקה 3669	pause 3669	0	MEDIA_PAUSE	השהה|מוזיקה|שיר|pause|3669
3670	עצור מוזיקה 3670	stop 3670	0	MEDIA_STOP	עצור|הפסק|מוזיקה|שיר|stop|3670
3671	תגביה שמע 3671	increase volume 3671	0	VOL_UP	תגביה|תגביהה|הגבהה|תגביר|תעלה|תרים|הגבר|שמע|קול|מוזיקה|שיר|volume|louder|3671
3672	תנמיך שמע 3672	decrease volume 3672	0	VOL_DOWN	תנמיך|הנמכה|תוריד|תקטין|הנמך|קול|שמע|מוזיקה|שיר|volume|quieter|3672
3673	השתק שמע 3673	mute 3673	0	MUTE	השתק|השתקה|שקט|בלי קול|mute|3673
3674	בטל השתקה 3674	unmute 3674	0	UNMUTE	בטל|השתק|unmute|3674
3675	תעביר לשיר הבא 3675	next track 3675	0	MEDIA_NEXT	תעביר|תעבור|העבר|הבא|שיר|מוזיקה|next|track|3675
3676	שיר הבא 3676	next track 3676	0	MEDIA_NEXT	הבא|שיר|מוזיקה|next|track|3676
3677	תעביר לשיר הקודם 3677	previous track 3677	0	MEDIA_PREV	תעביר|העבר|קודם|הקודם|שיר|מוזיקה|previous|track|3677
3678	נגן מוזיקה 3678	play 3678	0	MEDIA_PLAY	נגן|נגינה|מוזיקה|שיר|play|3678
3679	השהה מוזיקה 3679	pause 3679	0	MEDIA_PAUSE	השהה|מוזיקה|שיר|pause|3679
3680	עצור מוזיקה 3680	stop 3680	0	MEDIA_STOP	עצור|הפסק|מוזיקה|שיר|stop|3680
3681	תגביה שמע 3681	increase volume 3681	0	VOL_UP	תגביה|תגביהה|הגבהה|תגביר|תעלה|תרים|הגבר|שמע|קול|מוזיקה|שיר|volume|louder|3681
3682	תנמיך שמע 3682	decrease volume 3682	0	VOL_DOWN	תנמיך|הנמכה|תוריד|תקטין|הנמך|קול|שמע|מוזיקה|שיר|volume|quieter|3682
3683	השתק שמע 3683	mute 3683	0	MUTE	השתק|השתקה|שקט|בלי קול|mute|3683
3684	בטל השתקה 3684	unmute 3684	0	UNMUTE	בטל|השתק|unmute|3684
3685	תעביר לשיר הבא 3685	next track 3685	0	MEDIA_NEXT	תעביר|תעבור|העבר|הבא|שיר|מוזיקה|next|track|3685
3686	שיר הבא 3686	next track 3686	0	MEDIA_NEXT	הבא|שיר|מוזיקה|next|track|3686
3687	תעביר לשיר הקודם 3687	previous track 3687	0	MEDIA_PREV	תעביר|העבר|קודם|הקודם|שיר|מוזיקה|previous|track|3687
3688	נגן מוזיקה 3688	play 3688	0	MEDIA_PLAY	נגן|נגינה|מוזיקה|שיר|play|3688
3689	השהה מוזיקה 3689	pause 3689	0	MEDIA_PAUSE	השהה|מוזיקה|שיר|pause|3689
3690	עצור מוזיקה 3690	stop 3690	0	MEDIA_STOP	עצור|הפסק|מוזיקה|שיר|stop|3690
3691	תגביה שמע 3691	increase volume 3691	0	VOL_UP	תגביה|תגביהה|הגבהה|תגביר|תעלה|תרים|הגבר|שמע|קול|מוזיקה|שיר|volume|louder|3691
3692	תנמיך שמע 3692	decrease volume 3692	0	VOL_DOWN	תנמיך|הנמכה|תוריד|תקטין|הנמך|קול|שמע|מוזיקה|שיר|volume|quieter|3692
3693	השתק שמע 3693	mute 3693	0	MUTE	השתק|השתקה|שקט|בלי קול|mute|3693
3694	בטל השתקה 3694	unmute 3694	0	UNMUTE	בטל|השתק|unmute|3694
3695	תעביר לשיר הבא 3695	next track 3695	0	MEDIA_NEXT	תעביר|תעבור|העבר|הבא|שיר|מוזיקה|next|track|3695
3696	שיר הבא 3696	next track 3696	0	MEDIA_NEXT	הבא|שיר|מוזיקה|next|track|3696
3697	תעביר לשיר הקודם 3697	previous track 3697	0	MEDIA_PREV	תעביר|העבר|קודם|הקודם|שיר|מוזיקה|previous|track|3697
3698	נגן מוזיקה 3698	play 3698	0	MEDIA_PLAY	נגן|נגינה|מוזיקה|שיר|play|3698
3699	השהה מוזיקה 3699	pause 3699	0	MEDIA_PAUSE	השהה|מוזיקה|שיר|pause|3699
3700	עצור מוזיקה 3700	stop 3700	0	MEDIA_STOP	עצור|הפסק|מוזיקה|שיר|stop|3700
3701	תגביה שמע 3701	increase volume 3701	0	VOL_UP	תגביה|תגביהה|הגבהה|תגביר|תעלה|תרים|הגבר|שמע|קול|מוזיקה|שיר|volume|louder|3701
3702	תנמיך שמע 3702	decrease volume 3702	0	VOL_DOWN	תנמיך|הנמכה|תוריד|תקטין|הנמך|קול|שמע|מוזיקה|שיר|volume|quieter|3702
3703	השתק שמע 3703	mute 3703	0	MUTE	השתק|השתקה|שקט|בלי קול|mute|3703
3704	בטל השתקה 3704	unmute 3704	0	UNMUTE	בטל|השתק|unmute|3704
3705	תעביר לשיר הבא 3705	next track 3705	0	MEDIA_NEXT	תעביר|תעבור|העבר|הבא|שיר|מוזיקה|next|track|3705
3706	שיר הבא 3706	next track 3706	0	MEDIA_NEXT	הבא|שיר|מוזיקה|next|track|3706
3707	תעביר לשיר הקודם 3707	previous track 3707	0	MEDIA_PREV	תעביר|העבר|קודם|הקודם|שיר|מוזיקה|previous|track|3707
3708	נגן מוזיקה 3708	play 3708	0	MEDIA_PLAY	נגן|נגינה|מוזיקה|שיר|play|3708
3709	השהה מוזיקה 3709	pause 3709	0	MEDIA_PAUSE	השהה|מוזיקה|שיר|pause|3709
3710	עצור מוזיקה 3710	stop 3710	0	MEDIA_STOP	עצור|הפסק|מוזיקה|שיר|stop|3710
3711	תגביה שמע 3711	increase volume 3711	0	VOL_UP	תגביה|תגביהה|הגבהה|תגביר|תעלה|תרים|הגבר|שמע|קול|מוזיקה|שיר|volume|louder|3711
3712	תנמיך שמע 3712	decrease volume 3712	0	VOL_DOWN	תנמיך|הנמכה|תוריד|תקטין|הנמך|קול|שמע|מוזיקה|שיר|volume|quieter|3712
3713	השתק שמע 3713	mute 3713	0	MUTE	השתק|השתקה|שקט|בלי קול|mute|3713
3714	בטל השתקה 3714	unmute 3714	0	UNMUTE	בטל|השתק|unmute|3714
3715	תעביר לשיר הבא 3715	next track 3715	0	MEDIA_NEXT	תעביר|תעבור|העבר|הבא|שיר|מוזיקה|next|track|3715
3716	שיר הבא 3716	next track 3716	0	MEDIA_NEXT	הבא|שיר|מוזיקה|next|track|3716
3717	תעביר לשיר הקודם 3717	previous track 3717	0	MEDIA_PREV	תעביר|העבר|קודם|הקודם|שיר|מוזיקה|previous|track|3717
3718	נגן מוזיקה 3718	play 3718	0	MEDIA_PLAY	נגן|נגינה|מוזיקה|שיר|play|3718
3719	השהה מוזיקה 3719	pause 3719	0	MEDIA_PAUSE	השהה|מוזיקה|שיר|pause|3719
3720	עצור מוזיקה 3720	stop 3720	0	MEDIA_STOP	עצור|הפסק|מוזיקה|שיר|stop|3720
3721	תגביה שמע 3721	increase volume 3721	0	VOL_UP	תגביה|תגביהה|הגבהה|תגביר|תעלה|תרים|הגבר|שמע|קול|מוזיקה|שיר|volume|louder|3721
3722	תנמיך שמע 3722	decrease volume 3722	0	VOL_DOWN	תנמיך|הנמכה|תוריד|תקטין|הנמך|קול|שמע|מוזיקה|שיר|volume|quieter|3722
3723	השתק שמע 3723	mute 3723	0	MUTE	השתק|השתקה|שקט|בלי קול|mute|3723
3724	בטל השתקה 3724	unmute 3724	0	UNMUTE	בטל|השתק|unmute|3724
3725	תעביר לשיר הבא 3725	next track 3725	0	MEDIA_NEXT	תעביר|תעבור|העבר|הבא|שיר|מוזיקה|next|track|3725
3726	שיר הבא 3726	next track 3726	0	MEDIA_NEXT	הבא|שיר|מוזיקה|next|track|3726
3727	תעביר לשיר הקודם 3727	previous track 3727	0	MEDIA_PREV	תעביר|העבר|קודם|הקודם|שיר|מוזיקה|previous|track|3727
3728	נגן מוזיקה 3728	play 3728	0	MEDIA_PLAY	נגן|נגינה|מוזיקה|שיר|play|3728
3729	השהה מוזיקה 3729	pause 3729	0	MEDIA_PAUSE	השהה|מוזיקה|שיר|pause|3729
3730	עצור מוזיקה 3730	stop 3730	0	MEDIA_STOP	עצור|הפסק|מוזיקה|שיר|stop|3730
3731	תגביה שמע 3731	increase volume 3731	0	VOL_UP	תגביה|תגביהה|הגבהה|תגביר|תעלה|תרים|הגבר|שמע|קול|מוזיקה|שיר|volume|louder|3731
3732	תנמיך שמע 3732	decrease volume 3732	0	VOL_DOWN	תנמיך|הנמכה|תוריד|תקטין|הנמך|קול|שמע|מוזיקה|שיר|volume|quieter|3732
3733	השתק שמע 3733	mute 3733	0	MUTE	השתק|השתקה|שקט|בלי קול|mute|3733
3734	בטל השתקה 3734	unmute 3734	0	UNMUTE	בטל|השתק|unmute|3734
3735	תעביר לשיר הבא 3735	next track 3735	0	MEDIA_NEXT	תעביר|תעבור|העבר|הבא|שיר|מוזיקה|next|track|3735
3736	שיר הבא 3736	next track 3736	0	MEDIA_NEXT	הבא|שיר|מוזיקה|next|track|3736
3737	תעביר לשיר הקודם 3737	previous track 3737	0	MEDIA_PREV	תעביר|העבר|קודם|הקודם|שיר|מוזיקה|previous|track|3737
3738	נגן מוזיקה 3738	play 3738	0	MEDIA_PLAY	נגן|נגינה|מוזיקה|שיר|play|3738
3739	השהה מוזיקה 3739	pause 3739	0	MEDIA_PAUSE	השהה|מוזיקה|שיר|pause|3739
3740	עצור מוזיקה 3740	stop 3740	0	MEDIA_STOP	עצור|הפסק|מוזיקה|שיר|stop|3740
3741	תגביה שמע 3741	increase volume 3741	0	VOL_UP	תגביה|תגביהה|הגבהה|תגביר|תעלה|תרים|הגבר|שמע|קול|מוזיקה|שיר|volume|louder|3741
3742	תנמיך שמע 3742	decrease volume 3742	0	VOL_DOWN	תנמיך|הנמכה|תוריד|תקטין|הנמך|קול|שמע|מוזיקה|שיר|volume|quieter|3742
3743	השתק שמע 3743	mute 3743	0	MUTE	השתק|השתקה|שקט|בלי קול|mute|3743
3744	בטל השתקה 3744	unmute 3744	0	UNMUTE	בטל|השתק|unmute|3744
3745	תעביר לשיר הבא 3745	next track 3745	0	MEDIA_NEXT	תעביר|תעבור|העבר|הבא|שיר|מוזיקה|next|track|3745
3746	שיר הבא 3746	next track 3746	0	MEDIA_NEXT	הבא|שיר|מוזיקה|next|track|3746
3747	תעביר לשיר הקודם 3747	previous track 3747	0	MEDIA_PREV	תעביר|העבר|קודם|הקודם|שיר|מוזיקה|previous|track|3747
3748	נגן מוזיקה 3748	play 3748	0	MEDIA_PLAY	נגן|נגינה|מוזיקה|שיר|play|3748
3749	השהה מוזיקה 3749	pause 3749	0	MEDIA_PAUSE	השהה|מוזיקה|שיר|pause|3749
3750	עצור מוזיקה 3750	stop 3750	0	MEDIA_STOP	עצור|הפסק|מוזיקה|שיר|stop|3750
3751	תגביה שמע 3751	increase volume 3751	0	VOL_UP	תגביה|תגביהה|הגבהה|תגביר|תעלה|תרים|הגבר|שמע|קול|מוזיקה|שיר|volume|louder|3751
3752	תנמיך שמע 3752	decrease volume 3752	0	VOL_DOWN	תנמיך|הנמכה|תוריד|תקטין|הנמך|קול|שמע|מוזיקה|שיר|volume|quieter|3752
3753	השתק שמע 3753	mute 3753	0	MUTE	השתק|השתקה|שקט|בלי קול|mute|3753
3754	בטל השתקה 3754	unmute 3754	0	UNMUTE	בטל|השתק|unmute|3754
3755	תעביר לשיר הבא 3755	next track 3755	0	MEDIA_NEXT	תעביר|תעבור|העבר|הבא|שיר|מוזיקה|next|track|3755
3756	שיר הבא 3756	next track 3756	0	MEDIA_NEXT	הבא|שיר|מוזיקה|next|track|3756
3757	תעביר לשיר הקודם 3757	previous track 3757	0	MEDIA_PREV	תעביר|העבר|קודם|הקודם|שיר|מוזיקה|previous|track|3757
3758	נגן מוזיקה 3758	play 3758	0	MEDIA_PLAY	נגן|נגינה|מוזיקה|שיר|play|3758
3759	השהה מוזיקה 3759	pause 3759	0	MEDIA_PAUSE	השהה|מוזיקה|שיר|pause|3759
3760	עצור מוזיקה 3760	stop 3760	0	MEDIA_STOP	עצור|הפסק|מוזיקה|שיר|stop|3760
3761	תגביה שמע 3761	increase volume 3761	0	VOL_UP	תגביה|תגביהה|הגבהה|תגביר|תעלה|תרים|הגבר|שמע|קול|מוזיקה|שיר|volume|louder|3761
3762	תנמיך שמע 3762	decrease volume 3762	0	VOL_DOWN	תנמיך|הנמכה|תוריד|תקטין|הנמך|קול|שמע|מוזיקה|שיר|volume|quieter|3762
3763	השתק שמע 3763	mute 3763	0	MUTE	השתק|השתקה|שקט|בלי קול|mute|3763
3764	בטל השתקה 3764	unmute 3764	0	UNMUTE	בטל|השתק|unmute|3764
3765	תעביר לשיר הבא 3765	next track 3765	0	MEDIA_NEXT	תעביר|תעבור|העבר|הבא|שיר|מוזיקה|next|track|3765
3766	שיר הבא 3766	next track 3766	0	MEDIA_NEXT	הבא|שיר|מוזיקה|next|track|3766
3767	תעביר לשיר הקודם 3767	previous track 3767	0	MEDIA_PREV	תעביר|העבר|קודם|הקודם|שיר|מוזיקה|previous|track|3767
3768	נגן מוזיקה 3768	play 3768	0	MEDIA_PLAY	נגן|נגינה|מוזיקה|שיר|play|3768
3769	השהה מוזיקה 3769	pause 3769	0	MEDIA_PAUSE	השהה|מוזיקה|שיר|pause|3769
3770	עצור מוזיקה 3770	stop 3770	0	MEDIA_STOP	עצור|הפסק|מוזיקה|שיר|stop|3770
3771	תגביה שמע 3771	increase volume 3771	0	VOL_UP	תגביה|תגביהה|הגבהה|תגביר|תעלה|תרים|הגבר|שמע|קול|מוזיקה|שיר|volume|louder|3771
3772	תנמיך שמע 3772	decrease volume 3772	0	VOL_DOWN	תנמיך|הנמכה|תוריד|תקטין|הנמך|קול|שמע|מוזיקה|שיר|volume|quieter|3772
3773	השתק שמע 3773	mute 3773	0	MUTE	השתק|השתקה|שקט|בלי קול|mute|3773
3774	בטל השתקה 3774	unmute 3774	0	UNMUTE	בטל|השתק|unmute|3774
3775	תעביר לשיר הבא 3775	next track 3775	0	MEDIA_NEXT	תעביר|תעבור|העבר|הבא|שיר|מוזיקה|next|track|3775
3776	שיר הבא 3776	next track 3776	0	MEDIA_NEXT	הבא|שיר|מוזיקה|next|track|3776
3777	תעביר לשיר הקודם 3777	previous track 3777	0	MEDIA_PREV	תעביר|העבר|קודם|הקודם|שיר|מוזיקה|previous|track|3777
3778	נגן מוזיקה 3778	play 3778	0	MEDIA_PLAY	נגן|נגינה|מוזיקה|שיר|play|3778
3779	השהה מוזיקה 3779	pause 3779	0	MEDIA_PAUSE	השהה|מוזיקה|שיר|pause|3779
3780	עצור מוזיקה 3780	stop 3780	0	MEDIA_STOP	עצור|הפסק|מוזיקה|שיר|stop|3780
3781	תגביה שמע 3781	increase volume 3781	0	VOL_UP	תגביה|תגביהה|הגבהה|תגביר|תעלה|תרים|הגבר|שמע|קול|מוזיקה|שיר|volume|louder|3781
3782	תנמיך שמע 3782	decrease volume 3782	0	VOL_DOWN	תנמיך|הנמכה|תוריד|תקטין|הנמך|קול|שמע|מוזיקה|שיר|volume|quieter|3782
3783	השתק שמע 3783	mute 3783	0	MUTE	השתק|השתקה|שקט|בלי קול|mute|3783
3784	בטל השתקה 3784	unmute 3784	0	UNMUTE	בטל|השתק|unmute|3784
3785	תעביר לשיר הבא 3785	next track 3785	0	MEDIA_NEXT	תעביר|תעבור|העבר|הבא|שיר|מוזיקה|next|track|3785
3786	שיר הבא 3786	next track 3786	0	MEDIA_NEXT	הבא|שיר|מוזיקה|next|track|3786
3787	תעביר לשיר הקודם 3787	previous track 3787	0	MEDIA_PREV	תעביר|העבר|קודם|הקודם|שיר|מוזיקה|previous|track|3787
3788	נגן מוזיקה 3788	play 3788	0	MEDIA_PLAY	נגן|נגינה|מוזיקה|שיר|play|3788
3789	השהה מוזיקה 3789	pause 3789	0	MEDIA_PAUSE	השהה|מוזיקה|שיר|pause|3789
3790	עצור מוזיקה 3790	stop 3790	0	MEDIA_STOP	עצור|הפסק|מוזיקה|שיר|stop|3790
3791	תגביה שמע 3791	increase volume 3791	0	VOL_UP	תגביה|תגביהה|הגבהה|תגביר|תעלה|תרים|הגבר|שמע|קול|מוזיקה|שיר|volume|louder|3791
3792	תנמיך שמע 3792	decrease volume 3792	0	VOL_DOWN	תנמיך|הנמכה|תוריד|תקטין|הנמך|קול|שמע|מוזיקה|שיר|volume|quieter|3792
3793	השתק שמע 3793	mute 3793	0	MUTE	השתק|השתקה|שקט|בלי קול|mute|3793
3794	בטל השתקה 3794	unmute 3794	0	UNMUTE	בטל|השתק|unmute|3794
3795	תעביר לשיר הבא 3795	next track 3795	0	MEDIA_NEXT	תעביר|תעבור|העבר|הבא|שיר|מוזיקה|next|track|3795
3796	שיר הבא 3796	next track 3796	0	MEDIA_NEXT	הבא|שיר|מוזיקה|next|track|3796
3797	תעביר לשיר הקודם 3797	previous track 3797	0	MEDIA_PREV	תעביר|העבר|קודם|הקודם|שיר|מוזיקה|previous|track|3797
3798	נגן מוזיקה 3798	play 3798	0	MEDIA_PLAY	נגן|נגינה|מוזיקה|שיר|play|3798
3799	השהה מוזיקה 3799	pause 3799	0	MEDIA_PAUSE	השהה|מוזיקה|שיר|pause|3799
3800	עצור מוזיקה 3800	stop 3800	0	MEDIA_STOP	עצור|הפסק|מוזיקה|שיר|stop|3800
3801	תגביה שמע 3801	increase volume 3801	0	VOL_UP	תגביה|תגביהה|הגבהה|תגביר|תעלה|תרים|הגבר|שמע|קול|מוזיקה|שיר|volume|louder|3801
3802	תנמיך שמע 3802	decrease volume 3802	0	VOL_DOWN	תנמיך|הנמכה|תוריד|תקטין|הנמך|קול|שמע|מוזיקה|שיר|volume|quieter|3802
3803	השתק שמע 3803	mute 3803	0	MUTE	השתק|השתקה|שקט|בלי קול|mute|3803
3804	בטל השתקה 3804	unmute 3804	0	UNMUTE	בטל|השתק|unmute|3804
3805	תעביר לשיר הבא 3805	next track 3805	0	MEDIA_NEXT	תעביר|תעבור|העבר|הבא|שיר|מוזיקה|next|track|3805
3806	שיר הבא 3806	next track 3806	0	MEDIA_NEXT	הבא|שיר|מוזיקה|next|track|3806
3807	תעביר לשיר הקודם 3807	previous track 3807	0	MEDIA_PREV	תעביר|העבר|קודם|הקודם|שיר|מוזיקה|previous|track|3807
3808	נגן מוזיקה 3808	play 3808	0	MEDIA_PLAY	נגן|נגינה|מוזיקה|שיר|play|3808
3809	השהה מוזיקה 3809	pause 3809	0	MEDIA_PAUSE	השהה|מוזיקה|שיר|pause|3809
3810	עצור מוזיקה 3810	stop 3810	0	MEDIA_STOP	עצור|הפסק|מוזיקה|שיר|stop|3810
3811	תגביה שמע 3811	increase volume 3811	0	VOL_UP	תגביה|תגביהה|הגבהה|תגביר|תעלה|תרים|הגבר|שמע|קול|מוזיקה|שיר|volume|louder|3811
3812	תנמיך שמע 3812	decrease volume 3812	0	VOL_DOWN	תנמיך|הנמכה|תוריד|תקטין|הנמך|קול|שמע|מוזיקה|שיר|volume|quieter|3812
3813	השתק שמע 3813	mute 3813	0	MUTE	השתק|השתקה|שקט|בלי קול|mute|3813
3814	בטל השתקה 3814	unmute 3814	0	UNMUTE	בטל|השתק|unmute|3814
3815	תעביר לשיר הבא 3815	next track 3815	0	MEDIA_NEXT	תעביר|תעבור|העבר|הבא|שיר|מוזיקה|next|track|3815
3816	שיר הבא 3816	next track 3816	0	MEDIA_NEXT	הבא|שיר|מוזיקה|next|track|3816
3817	תעביר לשיר הקודם 3817	previous track 3817	0	MEDIA_PREV	תעביר|העבר|קודם|הקודם|שיר|מוזיקה|previous|track|3817
3818	נגן מוזיקה 3818	play 3818	0	MEDIA_PLAY	נגן|נגינה|מוזיקה|שיר|play|3818
3819	השהה מוזיקה 3819	pause 3819	0	MEDIA_PAUSE	השהה|מוזיקה|שיר|pause|3819
3820	עצור מוזיקה 3820	stop 3820	0	MEDIA_STOP	עצור|הפסק|מוזיקה|שיר|stop|3820
3821	תגביה שמע 3821	increase volume 3821	0	VOL_UP	תגביה|תגביהה|הגבהה|תגביר|תעלה|תרים|הגבר|שמע|קול|מוזיקה|שיר|volume|louder|3821
3822	תנמיך שמע 3822	decrease volume 3822	0	VOL_DOWN	תנמיך|הנמכה|תוריד|תקטין|הנמך|קול|שמע|מוזיקה|שיר|volume|quieter|3822
3823	השתק שמע 3823	mute 3823	0	MUTE	השתק|השתקה|שקט|בלי קול|mute|3823
3824	בטל השתקה 3824	unmute 3824	0	UNMUTE	בטל|השתק|unmute|3824
3825	תעביר לשיר הבא 3825	next track 3825	0	MEDIA_NEXT	תעביר|תעבור|העבר|הבא|שיר|מוזיקה|next|track|3825
3826	שיר הבא 3826	next track 3826	0	MEDIA_NEXT	הבא|שיר|מוזיקה|next|track|3826
3827	תעביר לשיר הקודם 3827	previous track 3827	0	MEDIA_PREV	תעביר|העבר|קודם|הקודם|שיר|מוזיקה|previous|track|3827
3828	נגן מוזיקה 3828	play 3828	0	MEDIA_PLAY	נגן|נגינה|מוזיקה|שיר|play|3828
3829	השהה מוזיקה 3829	pause 3829	0	MEDIA_PAUSE	השהה|מוזיקה|שיר|pause|3829
3830	עצור מוזיקה 3830	stop 3830	0	MEDIA_STOP	עצור|הפסק|מוזיקה|שיר|stop|3830
3831	תגביה שמע 3831	increase volume 3831	0	VOL_UP	תגביה|תגביהה|הגבהה|תגביר|תעלה|תרים|הגבר|שמע|קול|מוזיקה|שיר|volume|louder|3831
3832	תנמיך שמע 3832	decrease volume 3832	0	VOL_DOWN	תנמיך|הנמכה|תוריד|תקטין|הנמך|קול|שמע|מוזיקה|שיר|volume|quieter|3832
3833	השתק שמע 3833	mute 3833	0	MUTE	השתק|השתקה|שקט|בלי קול|mute|3833
3834	בטל השתקה 3834	unmute 3834	0	UNMUTE	בטל|השתק|unmute|3834
3835	תעביר לשיר הבא 3835	next track 3835	0	MEDIA_NEXT	תעביר|תעבור|העבר|הבא|שיר|מוזיקה|next|track|3835
3836	שיר הבא 3836	next track 3836	0	MEDIA_NEXT	הבא|שיר|מוזיקה|next|track|3836
3837	תעביר לשיר הקודם 3837	previous track 3837	0	MEDIA_PREV	תעביר|העבר|קודם|הקודם|שיר|מוזיקה|previous|track|3837
3838	נגן מוזיקה 3838	play 3838	0	MEDIA_PLAY	נגן|נגינה|מוזיקה|שיר|play|3838
3839	השהה מוזיקה 3839	pause 3839	0	MEDIA_PAUSE	השהה|מוזיקה|שיר|pause|3839
3840	עצור מוזיקה 3840	stop 3840	0	MEDIA_STOP	עצור|הפסק|מוזיקה|שיר|stop|3840
3841	תגביה שמע 3841	increase volume 3841	0	VOL_UP	תגביה|תגביהה|הגבהה|תגביר|תעלה|תרים|הגבר|שמע|קול|מוזיקה|שיר|volume|louder|3841
3842	תנמיך שמע 3842	decrease volume 3842	0	VOL_DOWN	תנמיך|הנמכה|תוריד|תקטין|הנמך|קול|שמע|מוזיקה|שיר|volume|quieter|3842
3843	השתק שמע 3843	mute 3843	0	MUTE	השתק|השתקה|שקט|בלי קול|mute|3843
3844	בטל השתקה 3844	unmute 3844	0	UNMUTE	בטל|השתק|unmute|3844
3845	תעביר לשיר הבא 3845	next track 3845	0	MEDIA_NEXT	תעביר|תעבור|העבר|הבא|שיר|מוזיקה|next|track|3845
3846	שיר הבא 3846	next track 3846	0	MEDIA_NEXT	הבא|שיר|מוזיקה|next|track|3846
3847	תעביר לשיר הקודם 3847	previous track 3847	0	MEDIA_PREV	תעביר|העבר|קודם|הקודם|שיר|מוזיקה|previous|track|3847
3848	נגן מוזיקה 3848	play 3848	0	MEDIA_PLAY	נגן|נגינה|מוזיקה|שיר|play|3848
3849	השהה מוזיקה 3849	pause 3849	0	MEDIA_PAUSE	השהה|מוזיקה|שיר|pause|3849
3850	עצור מוזיקה 3850	stop 3850	0	MEDIA_STOP	עצור|הפסק|מוזיקה|שיר|stop|3850
3851	תגביה שמע 3851	increase volume 3851	0	VOL_UP	תגביה|תגביהה|הגבהה|תגביר|תעלה|תרים|הגבר|שמע|קול|מוזיקה|שיר|volume|louder|3851
3852	תנמיך שמע 3852	decrease volume 3852	0	VOL_DOWN	תנמיך|הנמכה|תוריד|תקטין|הנמך|קול|שמע|מוזיקה|שיר|volume|quieter|3852
3853	השתק שמע 3853	mute 3853	0	MUTE	השתק|השתקה|שקט|בלי קול|mute|3853
3854	בטל השתקה 3854	unmute 3854	0	UNMUTE	בטל|השתק|unmute|3854
3855	תעביר לשיר הבא 3855	next track 3855	0	MEDIA_NEXT	תעביר|תעבור|העבר|הבא|שיר|מוזיקה|next|track|3855
3856	שיר הבא 3856	next track 3856	0	MEDIA_NEXT	הבא|שיר|מוזיקה|next|track|3856
3857	תעביר לשיר הקודם 3857	previous track 3857	0	MEDIA_PREV	תעביר|העבר|קודם|הקודם|שיר|מוזיקה|previous|track|3857
3858	נגן מוזיקה 3858	play 3858	0	MEDIA_PLAY	נגן|נגינה|מוזיקה|שיר|play|3858
3859	השהה מוזיקה 3859	pause 3859	0	MEDIA_PAUSE	השהה|מוזיקה|שיר|pause|3859
3860	עצור מוזיקה 3860	stop 3860	0	MEDIA_STOP	עצור|הפסק|מוזיקה|שיר|stop|3860
3861	תגביה שמע 3861	increase volume 3861	0	VOL_UP	תגביה|תגביהה|הגבהה|תגביר|תעלה|תרים|הגבר|שמע|קול|מוזיקה|שיר|volume|louder|3861
3862	תנמיך שמע 3862	decrease volume 3862	0	VOL_DOWN	תנמיך|הנמכה|תוריד|תקטין|הנמך|קול|שמע|מוזיקה|שיר|volume|quieter|3862
3863	השתק שמע 3863	mute 3863	0	MUTE	השתק|השתקה|שקט|בלי קול|mute|3863
3864	בטל השתקה 3864	unmute 3864	0	UNMUTE	בטל|השתק|unmute|3864
3865	תעביר לשיר הבא 3865	next track 3865	0	MEDIA_NEXT	תעביר|תעבור|העבר|הבא|שיר|מוזיקה|next|track|3865
3866	שיר הבא 3866	next track 3866	0	MEDIA_NEXT	הבא|שיר|מוזיקה|next|track|3866
3867	תעביר לשיר הקודם 3867	previous track 3867	0	MEDIA_PREV	תעביר|העבר|קודם|הקודם|שיר|מוזיקה|previous|track|3867
3868	נגן מוזיקה 3868	play 3868	0	MEDIA_PLAY	נגן|נגינה|מוזיקה|שיר|play|3868
3869	השהה מוזיקה 3869	pause 3869	0	MEDIA_PAUSE	השהה|מוזיקה|שיר|pause|3869
3870	עצור מוזיקה 3870	stop 3870	0	MEDIA_STOP	עצור|הפסק|מוזיקה|שיר|stop|3870
3871	תגביה שמע 3871	increase volume 3871	0	VOL_UP	תגביה|תגביהה|הגבהה|תגביר|תעלה|תרים|הגבר|שמע|קול|מוזיקה|שיר|volume|louder|3871
3872	תנמיך שמע 3872	decrease volume 3872	0	VOL_DOWN	תנמיך|הנמכה|תוריד|תקטין|הנמך|קול|שמע|מוזיקה|שיר|volume|quieter|3872
3873	השתק שמע 3873	mute 3873	0	MUTE	השתק|השתקה|שקט|בלי קול|mute|3873
3874	בטל השתקה 3874	unmute 3874	0	UNMUTE	בטל|השתק|unmute|3874
3875	תעביר לשיר הבא 3875	next track 3875	0	MEDIA_NEXT	תעביר|תעבור|העבר|הבא|שיר|מוזיקה|next|track|3875
3876	שיר הבא 3876	next track 3876	0	MEDIA_NEXT	הבא|שיר|מוזיקה|next|track|3876
3877	תעביר לשיר הקודם 3877	previous track 3877	0	MEDIA_PREV	תעביר|העבר|קודם|הקודם|שיר|מוזיקה|previous|track|3877
3878	נגן מוזיקה 3878	play 3878	0	MEDIA_PLAY	נגן|נגינה|מוזיקה|שיר|play|3878
3879	השהה מוזיקה 3879	pause 3879	0	MEDIA_PAUSE	השהה|מוזיקה|שיר|pause|3879
3880	עצור מוזיקה 3880	stop 3880	0	MEDIA_STOP	עצור|הפסק|מוזיקה|שיר|stop|3880
3881	תגביה שמע 3881	increase volume 3881	0	VOL_UP	תגביה|תגביהה|הגבהה|תגביר|תעלה|תרים|הגבר|שמע|קול|מוזיקה|שיר|volume|louder|3881
3882	תנמיך שמע 3882	decrease volume 3882	0	VOL_DOWN	תנמיך|הנמכה|תוריד|תקטין|הנמך|קול|שמע|מוזיקה|שיר|volume|quieter|3882
3883	השתק שמע 3883	mute 3883	0	MUTE	השתק|השתקה|שקט|בלי קול|mute|3883
3884	בטל השתקה 3884	unmute 3884	0	UNMUTE	בטל|השתק|unmute|3884
3885	תעביר לשיר הבא 3885	next track 3885	0	MEDIA_NEXT	תעביר|תעבור|העבר|הבא|שיר|מוזיקה|next|track|3885
3886	שיר הבא 3886	next track 3886	0	MEDIA_NEXT	הבא|שיר|מוזיקה|next|track|3886
3887	תעביר לשיר הקודם 3887	previous track 3887	0	MEDIA_PREV	תעביר|העבר|קודם|הקודם|שיר|מוזיקה|previous|track|3887
3888	נגן מוזיקה 3888	play 3888	0	MEDIA_PLAY	נגן|נגינה|מוזיקה|שיר|play|3888
3889	השהה מוזיקה 3889	pause 3889	0	MEDIA_PAUSE	השהה|מוזיקה|שיר|pause|3889
3890	עצור מוזיקה 3890	stop 3890	0	MEDIA_STOP	עצור|הפסק|מוזיקה|שיר|stop|3890
3891	תגביה שמע 3891	increase volume 3891	0	VOL_UP	תגביה|תגביהה|הגבהה|תגביר|תעלה|תרים|הגבר|שמע|קול|מוזיקה|שיר|volume|louder|3891
3892	תנמיך שמע 3892	decrease volume 3892	0	VOL_DOWN	תנמיך|הנמכה|תוריד|תקטין|הנמך|קול|שמע|מוזיקה|שיר|volume|quieter|3892
3893	השתק שמע 3893	mute 3893	0	MUTE	השתק|השתקה|שקט|בלי קול|mute|3893
3894	בטל השתקה 3894	unmute 3894	0	UNMUTE	בטל|השתק|unmute|3894
3895	תעביר לשיר הבא 3895	next track 3895	0	MEDIA_NEXT	תעביר|תעבור|העבר|הבא|שיר|מוזיקה|next|track|3895
3896	שיר הבא 3896	next track 3896	0	MEDIA_NEXT	הבא|שיר|מוזיקה|next|track|3896
3897	תעביר לשיר הקודם 3897	previous track 3897	0	MEDIA_PREV	תעביר|העבר|קודם|הקודם|שיר|מוזיקה|previous|track|3897
3898	נגן מוזיקה 3898	play 3898	0	MEDIA_PLAY	נגן|נגינה|מוזיקה|שיר|play|3898
3899	השהה מוזיקה 3899	pause 3899	0	MEDIA_PAUSE	השהה|מוזיקה|שיר|pause|3899
3900	עצור מוזיקה 3900	stop 3900	0	MEDIA_STOP	עצור|הפסק|מוזיקה|שיר|stop|3900
3901	תגביה שמע 3901	increase volume 3901	0	VOL_UP	תגביה|תגביהה|הגבהה|תגביר|תעלה|תרים|הגבר|שמע|קול|מוזיקה|שיר|volume|louder|3901
3902	תנמיך שמע 3902	decrease volume 3902	0	VOL_DOWN	תנמיך|הנמכה|תוריד|תקטין|הנמך|קול|שמע|מוזיקה|שיר|volume|quieter|3902
3903	השתק שמע 3903	mute 3903	0	MUTE	השתק|השתקה|שקט|בלי קול|mute|3903
3904	בטל השתקה 3904	unmute 3904	0	UNMUTE	בטל|השתק|unmute|3904
3905	תעביר לשיר הבא 3905	next track 3905	0	MEDIA_NEXT	תעביר|תעבור|העבר|הבא|שיר|מוזיקה|next|track|3905
3906	שיר הבא 3906	next track 3906	0	MEDIA_NEXT	הבא|שיר|מוזיקה|next|track|3906
3907	תעביר לשיר הקודם 3907	previous track 3907	0	MEDIA_PREV	תעביר|העבר|קודם|הקודם|שיר|מוזיקה|previous|track|3907
3908	נגן מוזיקה 3908	play 3908	0	MEDIA_PLAY	נגן|נגינה|מוזיקה|שיר|play|3908
3909	השהה מוזיקה 3909	pause 3909	0	MEDIA_PAUSE	השהה|מוזיקה|שיר|pause|3909
3910	עצור מוזיקה 3910	stop 3910	0	MEDIA_STOP	עצור|הפסק|מוזיקה|שיר|stop|3910
3911	תגביה שמע 3911	increase volume 3911	0	VOL_UP	תגביה|תגביהה|הגבהה|תגביר|תעלה|תרים|הגבר|שמע|קול|מוזיקה|שיר|volume|louder|3911
3912	תנמיך שמע 3912	decrease volume 3912	0	VOL_DOWN	תנמיך|הנמכה|תוריד|תקטין|הנמך|קול|שמע|מוזיקה|שיר|volume|quieter|3912
3913	השתק שמע 3913	mute 3913	0	MUTE	השתק|השתקה|שקט|בלי קול|mute|3913
3914	בטל השתקה 3914	unmute 3914	0	UNMUTE	בטל|השתק|unmute|3914
3915	תעביר לשיר הבא 3915	next track 3915	0	MEDIA_NEXT	תעביר|תעבור|העבר|הבא|שיר|מוזיקה|next|track|3915
3916	שיר הבא 3916	next track 3916	0	MEDIA_NEXT	הבא|שיר|מוזיקה|next|track|3916
3917	תעביר לשיר הקודם 3917	previous track 3917	0	MEDIA_PREV	תעביר|העבר|קודם|הקודם|שיר|מוזיקה|previous|track|3917
3918	נגן מוזיקה 3918	play 3918	0	MEDIA_PLAY	נגן|נגינה|מוזיקה|שיר|play|3918
3919	השהה מוזיקה 3919	pause 3919	0	MEDIA_PAUSE	השהה|מוזיקה|שיר|pause|3919
3920	עצור מוזיקה 3920	stop 3920	0	MEDIA_STOP	עצור|הפסק|מוזיקה|שיר|stop|3920
3921	תגביה שמע 3921	increase volume 3921	0	VOL_UP	תגביה|תגביהה|הגבהה|תגביר|תעלה|תרים|הגבר|שמע|קול|מוזיקה|שיר|volume|louder|3921
3922	תנמיך שמע 3922	decrease volume 3922	0	VOL_DOWN	תנמיך|הנמכה|תוריד|תקטין|הנמך|קול|שמע|מוזיקה|שיר|volume|quieter|3922
3923	השתק שמע 3923	mute 3923	0	MUTE	השתק|השתקה|שקט|בלי קול|mute|3923
3924	בטל השתקה 3924	unmute 3924	0	UNMUTE	בטל|השתק|unmute|3924
3925	תעביר לשיר הבא 3925	next track 3925	0	MEDIA_NEXT	תעביר|תעבור|העבר|הבא|שיר|מוזיקה|next|track|3925
3926	שיר הבא 3926	next track 3926	0	MEDIA_NEXT	הבא|שיר|מוזיקה|next|track|3926
3927	תעביר לשיר הקודם 3927	previous track 3927	0	MEDIA_PREV	תעביר|העבר|קודם|הקודם|שיר|מוזיקה|previous|track|3927
3928	נגן מוזיקה 3928	play 3928	0	MEDIA_PLAY	נגן|נגינה|מוזיקה|שיר|play|3928
3929	השהה מוזיקה 3929	pause 3929	0	MEDIA_PAUSE	השהה|מוזיקה|שיר|pause|3929
3930	עצור מוזיקה 3930	stop 3930	0	MEDIA_STOP	עצור|הפסק|מוזיקה|שיר|stop|3930
3931	תגביה שמע 3931	increase volume 3931	0	VOL_UP	תגביה|תגביהה|הגבהה|תגביר|תעלה|תרים|הגבר|שמע|קול|מוזיקה|שיר|volume|louder|3931
3932	תנמיך שמע 3932	decrease volume 3932	0	VOL_DOWN	תנמיך|הנמכה|תוריד|תקטין|הנמך|קול|שמע|מוזיקה|שיר|volume|quieter|3932
3933	השתק שמע 3933	mute 3933	0	MUTE	השתק|השתקה|שקט|בלי קול|mute|3933
3934	בטל השתקה 3934	unmute 3934	0	UNMUTE	בטל|השתק|unmute|3934
3935	תעביר לשיר הבא 3935	next track 3935	0	MEDIA_NEXT	תעביר|תעבור|העבר|הבא|שיר|מוזיקה|next|track|3935
3936	שיר הבא 3936	next track 3936	0	MEDIA_NEXT	הבא|שיר|מוזיקה|next|track|3936
3937	תעביר לשיר הקודם 3937	previous track 3937	0	MEDIA_PREV	תעביר|העבר|קודם|הקודם|שיר|מוזיקה|previous|track|3937
3938	נגן מוזיקה 3938	play 3938	0	MEDIA_PLAY	נגן|נגינה|מוזיקה|שיר|play|3938
3939	השהה מוזיקה 3939	pause 3939	0	MEDIA_PAUSE	השהה|מוזיקה|שיר|pause|3939
3940	עצור מוזיקה 3940	stop 3940	0	MEDIA_STOP	עצור|הפסק|מוזיקה|שיר|stop|3940
3941	תגביה שמע 3941	increase volume 3941	0	VOL_UP	תגביה|תגביהה|הגבהה|תגביר|תעלה|תרים|הגבר|שמע|קול|מוזיקה|שיר|volume|louder|3941
3942	תנמיך שמע 3942	decrease volume 3942	0	VOL_DOWN	תנמיך|הנמכה|תוריד|תקטין|הנמך|קול|שמע|מוזיקה|שיר|volume|quieter|3942
3943	השתק שמע 3943	mute 3943	0	MUTE	השתק|השתקה|שקט|בלי קול|mute|3943
3944	בטל השתקה 3944	unmute 3944	0	UNMUTE	בטל|השתק|unmute|3944
3945	תעביר לשיר הבא 3945	next track 3945	0	MEDIA_NEXT	תעביר|תעבור|העבר|הבא|שיר|מוזיקה|next|track|3945
3946	שיר הבא 3946	next track 3946	0	MEDIA_NEXT	הבא|שיר|מוזיקה|next|track|3946
3947	תעביר לשיר הקודם 3947	previous track 3947	0	MEDIA_PREV	תעביר|העבר|קודם|הקודם|שיר|מוזיקה|previous|track|3947
3948	נגן מוזיקה 3948	play 3948	0	MEDIA_PLAY	נגן|נגינה|מוזיקה|שיר|play|3948
3949	השהה מוזיקה 3949	pause 3949	0	MEDIA_PAUSE	השהה|מוזיקה|שיר|pause|3949
3950	עצור מוזיקה 3950	stop 3950	0	MEDIA_STOP	עצור|הפסק|מוזיקה|שיר|stop|3950
3951	תגביה שמע 3951	increase volume 3951	0	VOL_UP	תגביה|תגביהה|הגבהה|תגביר|תעלה|תרים|הגבר|שמע|קול|מוזיקה|שיר|volume|louder|3951
3952	תנמיך שמע 3952	decrease volume 3952	0	VOL_DOWN	תנמיך|הנמכה|תוריד|תקטין|הנמך|קול|שמע|מוזיקה|שיר|volume|quieter|3952
3953	השתק שמע 3953	mute 3953	0	MUTE	השתק|השתקה|שקט|בלי קול|mute|3953
3954	בטל השתקה 3954	unmute 3954	0	UNMUTE	בטל|השתק|unmute|3954
3955	תעביר לשיר הבא 3955	next track 3955	0	MEDIA_NEXT	תעביר|תעבור|העבר|הבא|שיר|מוזיקה|next|track|3955
3956	שיר הבא 3956	next track 3956	0	MEDIA_NEXT	הבא|שיר|מוזיקה|next|track|3956
3957	תעביר לשיר הקודם 3957	previous track 3957	0	MEDIA_PREV	תעביר|העבר|קודם|הקודם|שיר|מוזיקה|previous|track|3957
3958	נגן מוזיקה 3958	play 3958	0	MEDIA_PLAY	נגן|נגינה|מוזיקה|שיר|play|3958
3959	השהה מוזיקה 3959	pause 3959	0	MEDIA_PAUSE	השהה|מוזיקה|שיר|pause|3959
3960	עצור מוזיקה 3960	stop 3960	0	MEDIA_STOP	עצור|הפסק|מוזיקה|שיר|stop|3960
3961	תגביה שמע 3961	increase volume 3961	0	VOL_UP	תגביה|תגביהה|הגבהה|תגביר|תעלה|תרים|הגבר|שמע|קול|מוזיקה|שיר|volume|louder|3961
3962	תנמיך שמע 3962	decrease volume 3962	0	VOL_DOWN	תנמיך|הנמכה|תוריד|תקטין|הנמך|קול|שמע|מוזיקה|שיר|volume|quieter|3962
3963	השתק שמע 3963	mute 3963	0	MUTE	השתק|השתקה|שקט|בלי קול|mute|3963
3964	בטל השתקה 3964	unmute 3964	0	UNMUTE	בטל|השתק|unmute|3964
3965	תעביר לשיר הבא 3965	next track 3965	0	MEDIA_NEXT	תעביר|תעבור|העבר|הבא|שיר|מוזיקה|next|track|3965
3966	שיר הבא 3966	next track 3966	0	MEDIA_NEXT	הבא|שיר|מוזיקה|next|track|3966
3967	תעביר לשיר הקודם 3967	previous track 3967	0	MEDIA_PREV	תעביר|העבר|קודם|הקודם|שיר|מוזיקה|previous|track|3967
3968	נגן מוזיקה 3968	play 3968	0	MEDIA_PLAY	נגן|נגינה|מוזיקה|שיר|play|3968
3969	השהה מוזיקה 3969	pause 3969	0	MEDIA_PAUSE	השהה|מוזיקה|שיר|pause|3969
3970	עצור מוזיקה 3970	stop 3970	0	MEDIA_STOP	עצור|הפסק|מוזיקה|שיר|stop|3970
3971	תגביה שמע 3971	increase volume 3971	0	VOL_UP	תגביה|תגביהה|הגבהה|תגביר|תעלה|תרים|הגבר|שמע|קול|מוזיקה|שיר|volume|louder|3971
3972	תנמיך שמע 3972	decrease volume 3972	0	VOL_DOWN	תנמיך|הנמכה|תוריד|תקטין|הנמך|קול|שמע|מוזיקה|שיר|volume|quieter|3972
3973	השתק שמע 3973	mute 3973	0	MUTE	השתק|השתקה|שקט|בלי קול|mute|3973
3974	בטל השתקה 3974	unmute 3974	0	UNMUTE	בטל|השתק|unmute|3974
3975	תעביר לשיר הבא 3975	next track 3975	0	MEDIA_NEXT	תעביר|תעבור|העבר|הבא|שיר|מוזיקה|next|track|3975
3976	שיר הבא 3976	next track 3976	0	MEDIA_NEXT	הבא|שיר|מוזיקה|next|track|3976
3977	תעביר לשיר הקודם 3977	previous track 3977	0	MEDIA_PREV	תעביר|העבר|קודם|הקודם|שיר|מוזיקה|previous|track|3977
3978	נגן מוזיקה 3978	play 3978	0	MEDIA_PLAY	נגן|נגינה|מוזיקה|שיר|play|3978
3979	השהה מוזיקה 3979	pause 3979	0	MEDIA_PAUSE	השהה|מוזיקה|שיר|pause|3979
3980	עצור מוזיקה 3980	stop 3980	0	MEDIA_STOP	עצור|הפסק|מוזיקה|שיר|stop|3980
3981	תגביה שמע 3981	increase volume 3981	0	VOL_UP	תגביה|תגביהה|הגבהה|תגביר|תעלה|תרים|הגבר|שמע|קול|מוזיקה|שיר|volume|louder|3981
3982	תנמיך שמע 3982	decrease volume 3982	0	VOL_DOWN	תנמיך|הנמכה|תוריד|תקטין|הנמך|קול|שמע|מוזיקה|שיר|volume|quieter|3982
3983	השתק שמע 3983	mute 3983	0	MUTE	השתק|השתקה|שקט|בלי קול|mute|3983
3984	בטל השתקה 3984	unmute 3984	0	UNMUTE	בטל|השתק|unmute|3984
3985	תעביר לשיר הבא 3985	next track 3985	0	MEDIA_NEXT	תעביר|תעבור|העבר|הבא|שיר|מוזיקה|next|track|3985
3986	שיר הבא 3986	next track 3986	0	MEDIA_NEXT	הבא|שיר|מוזיקה|next|track|3986
3987	תעביר לשיר הקודם 3987	previous track 3987	0	MEDIA_PREV	תעביר|העבר|קודם|הקודם|שיר|מוזיקה|previous|track|3987
3988	נגן מוזיקה 3988	play 3988	0	MEDIA_PLAY	נגן|נגינה|מוזיקה|שיר|play|3988
3989	השהה מוזיקה 3989	pause 3989	0	MEDIA_PAUSE	השהה|מוזיקה|שיר|pause|3989
3990	עצור מוזיקה 3990	stop 3990	0	MEDIA_STOP	עצור|הפסק|מוזיקה|שיר|stop|3990
3991	תגביה שמע 3991	increase volume 3991	0	VOL_UP	תגביה|תגביהה|הגבהה|תגביר|תעלה|תרים|הגבר|שמע|קול|מוזיקה|שיר|volume|louder|3991
3992	תנמיך שמע 3992	decrease volume 3992	0	VOL_DOWN	תנמיך|הנמכה|תוריד|תקטין|הנמך|קול|שמע|מוזיקה|שיר|volume|quieter|3992
3993	השתק שמע 3993	mute 3993	0	MUTE	השתק|השתקה|שקט|בלי קול|mute|3993
3994	בטל השתקה 3994	unmute 3994	0	UNMUTE	בטל|השתק|unmute|3994
3995	תעביר לשיר הבא 3995	next track 3995	0	MEDIA_NEXT	תעביר|תעבור|העבר|הבא|שיר|מוזיקה|next|track|3995
3996	שיר הבא 3996	next track 3996	0	MEDIA_NEXT	הבא|שיר|מוזיקה|next|track|3996
3997	תעביר לשיר הקודם 3997	previous track 3997	0	MEDIA_PREV	תעביר|העבר|קודם|הקודם|שיר|מוזיקה|previous|track|3997
3998	נגן מוזיקה 3998	play 3998	0	MEDIA_PLAY	נגן|נגינה|מוזיקה|שיר|play|3998
3999	השהה מוזיקה 3999	pause 3999	0	MEDIA_PAUSE	השהה|מוזיקה|שיר|pause|3999
4000	עצור מוזיקה 4000	stop 4000	0	MEDIA_STOP	עצור|הפסק|מוזיקה|שיר|stop|4000