0001	מחברת תקציב	Pocket Ledger	מחברת תקציב|Pocket Ledger
0002	מצפן מסלולים	Trail Compass	מצפן מסלולים|Trail Compass
0003	שולחן לימוד	Study Desk	שולחן לימוד|Study Desk
0004	מזווה הבית	Home Pantry	מזווה הבית|Home Pantry
0005	כספת צילום	Photo Vault	כספת צילום|Photo Vault
0006	יומן קולי	Voice Journal	יומן קולי|Voice Journal
0007	טייס תקציב	Budget Pilot	טייס תקציב|Budget Pilot
0008	טיימר שינה	Sleep Timer	טיימר שינה|Sleep Timer
0009	שומר צמחים	Plant Keeper	שומר צמחים|Plant Keeper
0010	מדף מתכונים	Recipe Shelf	מדף מתכונים|Recipe Shelf
0011	מחברת טיולים	Travel Notebook	מחברת טיולים|Travel Notebook
0012	יומן אימונים	Workout Log	יומן אימונים|Workout Log
0013	כיס קוד	Code Pocket	כיס קוד|Code Pocket
0014	מדף ספרים	Book Shelf	מדף ספרים|Book Shelf
0015	תור מוזיקה	Music Queue	תור מוזיקה|Music Queue
0016	מעקב מזג אוויר	Weather Watch	מעקב מזג אוויר|Weather Watch
0017	לוח המשפחה	Family Board	לוח המשפחה|Family Board
0018	גינת משימות	Task Garden	גינת משימות|Task Garden
0019	ארון קבצים	File Cabinet	ארון קבצים|File Cabinet
0020	ניטור מכשיר	Device Monitor	ניטור מכשיר|Device Monitor
0021	פנקס פגישות	Meeting Pad	פנקס פגישות|Meeting Pad
0022	שולחן חשבוניות	Invoice Desk	שולחן חשבוניות|Invoice Desk
0023	כרטיסי שפה	Language Cards	כרטיסי שפה|Language Cards
0024	סטודיו סקיצה	Sketch Studio	סטודיו סקיצה|Sketch Studio
0025	חדר מיקוד	Focus Room	חדר מיקוד|Focus Room
0026	מתכנן יומי	Daily Planner	מתכנן יומי|Daily Planner
0027	מפת כיס	Map Pocket	מפת כיס|Map Pocket
0028	תקציר חדשות	News Digest	תקציר חדשות|News Digest
0029	לוקר סיסמאות	Password Locker	לוקר סיסמאות|Password Locker
0030	פתקי ענן	Cloud Notes	פתקי ענן|Cloud Notes
0031	ספר הוצאות	Expense Book	ספר הוצאות|Expense Book
0032	מתכנן ארוחות	Meal Planner	מתכנן ארוחות|Meal Planner
0033	יומן רכב	Car Log	יומן רכב|Car Log
0034	מדריך גינה	Garden Guide	מדריך גינה|Garden Guide
0035	יומן חיית מחמד	Pet Journal	יומן חיית מחמד|Pet Journal
0036	מעבדת מתמטיקה	Math Lab	מעבדת מתמטיקה|Math Lab
0037	כרטיסי מדע	Science Cards	כרטיסי מדע|Science Cards
0038	אטלס היסטוריה	History Atlas	אטלס היסטוריה|History Atlas
0039	בונה מילים	Word Builder	בונה מילים|Word Builder
0040	מאמן זיכרון	Memory Trainer	מאמן זיכרון|Memory Trainer
0041	קורא כרטיסים	Flash Reader	קורא כרטיסים|Flash Reader
0042	שולחן PDF	PDF Desk	שולחן PDF|PDF Desk
0043	מדף מסמכים	Document Shelf	מדף מסמכים|Document Shelf
0044	ערכת QR	QR Toolkit	ערכת QR|QR Toolkit
0045	מרכז סריקה	Scanner Hub	מרכז סריקה|Scanner Hub
0046	קופסת ברקודים	Barcode Box	קופסת ברקודים|Barcode Box
0047	לוח העתקה	Clipboard Pro	לוח העתקה|Clipboard Pro
0048	חפיסת שלט	Remote Deck	חפיסת שלט|Remote Deck
0049	שולחן מדפסות	Printer Desk	שולחן מדפסות|Printer Desk
0050	תאורת בית	Home Lights	תאורת בית|Home Lights
0051	אקלים חדר	Room Climate	אקלים חדר|Room Climate
0052	רשימת דלתות	Door List	רשימת דלתות|Door List
0053	לוח אזעקות	Alarm Board	לוח אזעקות|Alarm Board
0054	קופסת טיימרים	Timer Box	קופסת טיימרים|Timer Box
0055	פנקס לוח שנה	Calendar Pad	פנקס לוח שנה|Calendar Pad
0056	ספר אנשי קשר	Contact Book	ספר אנשי קשר|Contact Book
0057	רשימות שיחה	Call Notes	רשימות שיחה|Call Notes
0058	שולחן הודעות	Message Desk	שולחן הודעות|Message Desk
0059	כיס דואר	Mail Pocket	כיס דואר|Mail Pocket
0060	מדף דפדפן	Browser Shelf	מדף דפדפן|Browser Shelf
0061	שומר קישורים	Link Keeper	שומר קישורים|Link Keeper
0062	קופסת סימניות	Bookmark Box	קופסת סימניות|Bookmark Box
0063	שולחן הורדות	Download Desk	שולחן הורדות|Download Desk
0064	קופסת העלאות	Upload Box	קופסת העלאות|Upload Box
0065	עדשת אחסון	Storage Lens	עדשת אחסון|Storage Lens
0066	מעקב סוללה	Battery Watch	מעקב סוללה|Battery Watch
0067	מד עוצמת אות	Signal Meter	מד עוצמת אות|Signal Meter
0068	שולחן רשת	Network Desk	שולחן רשת|Network Desk
0069	מרכז Bluetooth	Bluetooth Hub	מרכז Bluetooth|Bluetooth Hub
0070	מדריך WiFi	WiFi Guide	מדריך WiFi|WiFi Guide
0071	לוח נקודה חמה	Hotspot Panel	לוח נקודה חמה|Hotspot Panel
0072	שידור מסך	Screen Cast	שידור מסך|Screen Cast
0073	שלט מדיה	Media Remote	שלט מדיה|Media Remote
0074	חפיסת שמע	Audio Deck	חפיסת שמע|Audio Deck
0075	מדף וידאו	Video Shelf	מדף וידאו|Video Shelf
0076	כיס רדיו	Radio Pocket	כיס רדיו|Radio Pocket
0077	שולחן פודקאסט	Podcast Desk	שולחן פודקאסט|Podcast Desk
0078	הערות מצלמה	Camera Notes	הערות מצלמה|Camera Notes
0079	ממיין גלריה	Gallery Sorter	ממיין גלריה|Gallery Sorter
0080	קופסת צילומי מסך	Screenshot Box	קופסת צילומי מסך|Screenshot Box
0081	חדר הקלטות	Recorder Room	חדר הקלטות|Recorder Room
0082	מקליט פגישות	Meeting Recorder	מקליט פגישות|Meeting Recorder
0083	פנקס תמלול	Transcript Pad	פנקס תמלול|Transcript Pad
0084	כיס תרגום	Translate Pocket	כיס תרגום|Translate Pocket
0085	שולחן מילון	Dictionary Desk	שולחן מילון|Dictionary Desk
0086	מעבדת דקדוק	Grammar Lab	מעבדת דקדוק|Grammar Lab
0087	חדר כתיבה	Writing Room	חדר כתיבה|Writing Room
0088	חדר קריאה	Reading Room	חדר קריאה|Reading Room
0089	שולחן ציטוטים	Citation Desk	שולחן ציטוטים|Citation Desk
0090	פנקס מחקר	Research Pad	פנקס מחקר|Research Pad
0091	לוח פרויקט	Project Board	לוח פרויקט|Project Board
0092	ערימת רעיונות	Idea Stack	ערימת רעיונות|Idea Stack
0093	מפת חשיבה	Mind Map	מפת חשיבה|Mind Map
0094	מרכז רשימות	Checklist Hub	מרכז רשימות|Checklist Hub
0095	גינת הרגלים	Habit Garden	גינת הרגלים|Habit Garden
0096	יומן מצב רוח	Mood Journal	יומן מצב רוח|Mood Journal
0097	מעקב מים	Water Tracker	מעקב מים|Water Tracker
0098	תזכורת תרופות	Medicine Reminder	תזכורת תרופות|Medicine Reminder
0099	קופסת בטיחות	Safety Box	קופסת בטיחות|Safety Box
0100	שולחן פרטיות	Privacy Desk	שולחן פרטיות|Privacy Desk
0101	מדריך גישה	Access Guide	מדריך גישה|Access Guide
0102	מפת הרשאות	Permission Map	מפת הרשאות|Permission Map
0103	מדף אפליקציות	App Shelf	מדף אפליקציות|App Shelf
0104	מחברת תקציב — 2	Pocket Ledger 2	מחברת תקציב|Pocket Ledger
0105	מצפן מסלולים — 2	Trail Compass 2	מצפן מסלולים|Trail Compass
0106	שולחן לימוד — 2	Study Desk 2	שולחן לימוד|Study Desk
0107	מזווה הבית — 2	Home Pantry 2	מזווה הבית|Home Pantry
0108	כספת צילום — 2	Photo Vault 2	כספת צילום|Photo Vault
0109	יומן קולי — 2	Voice Journal 2	יומן קולי|Voice Journal
0110	טייס תקציב — 2	Budget Pilot 2	טייס תקציב|Budget Pilot
0111	טיימר שינה — 2	Sleep Timer 2	טיימר שינה|Sleep Timer
0112	שומר צמחים — 2	Plant Keeper 2	שומר צמחים|Plant Keeper
0113	מדף מתכונים — 2	Recipe Shelf 2	מדף מתכונים|Recipe Shelf
0114	מחברת טיולים — 2	Travel Notebook 2	מחברת טיולים|Travel Notebook
0115	יומן אימונים — 2	Workout Log 2	יומן אימונים|Workout Log
0116	כיס קוד — 2	Code Pocket 2	כיס קוד|Code Pocket
0117	מדף ספרים — 2	Book Shelf 2	מדף ספרים|Book Shelf
0118	תור מוזיקה — 2	Music Queue 2	תור מוזיקה|Music Queue
0119	מעקב מזג אוויר — 2	Weather Watch 2	מעקב מזג אוויר|Weather Watch
0120	לוח המשפחה — 2	Family Board 2	לוח המשפחה|Family Board
0121	גינת משימות — 2	Task Garden 2	גינת משימות|Task Garden
0122	ארון קבצים — 2	File Cabinet 2	ארון קבצים|File Cabinet
0123	ניטור מכשיר — 2	Device Monitor 2	ניטור מכשיר|Device Monitor
0124	פנקס פגישות — 2	Meeting Pad 2	פנקס פגישות|Meeting Pad
0125	שולחן חשבוניות — 2	Invoice Desk 2	שולחן חשבוניות|Invoice Desk
0126	כרטיסי שפה — 2	Language Cards 2	כרטיסי שפה|Language Cards
0127	סטודיו סקיצה — 2	Sketch Studio 2	סטודיו סקיצה|Sketch Studio
0128	חדר מיקוד — 2	Focus Room 2	חדר מיקוד|Focus Room
0129	מתכנן יומי — 2	Daily Planner 2	מתכנן יומי|Daily Planner
0130	מפת כיס — 2	Map Pocket 2	מפת כיס|Map Pocket
0131	תקציר חדשות — 2	News Digest 2	תקציר חדשות|News Digest
0132	לוקר סיסמאות — 2	Password Locker 2	לוקר סיסמאות|Password Locker
0133	פתקי ענן — 2	Cloud Notes 2	פתקי ענן|Cloud Notes
0134	ספר הוצאות — 2	Expense Book 2	ספר הוצאות|Expense Book
0135	מתכנן ארוחות — 2	Meal Planner 2	מתכנן ארוחות|Meal Planner
0136	יומן רכב — 2	Car Log 2	יומן רכב|Car Log
0137	מדריך גינה — 2	Garden Guide 2	מדריך גינה|Garden Guide
0138	יומן חיית מחמד — 2	Pet Journal 2	יומן חיית מחמד|Pet Journal
0139	מעבדת מתמטיקה — 2	Math Lab 2	מעבדת מתמטיקה|Math Lab
0140	כרטיסי מדע — 2	Science Cards 2	כרטיסי מדע|Science Cards
0141	אטלס היסטוריה — 2	History Atlas 2	אטלס היסטוריה|History Atlas
0142	בונה מילים — 2	Word Builder 2	בונה מילים|Word Builder
0143	מאמן זיכרון — 2	Memory Trainer 2	מאמן זיכרון|Memory Trainer
0144	קורא כרטיסים — 2	Flash Reader 2	קורא כרטיסים|Flash Reader
0145	שולחן PDF — 2	PDF Desk 2	שולחן PDF|PDF Desk
0146	מדף מסמכים — 2	Document Shelf 2	מדף מסמכים|Document Shelf
0147	ערכת QR — 2	QR Toolkit 2	ערכת QR|QR Toolkit
0148	מרכז סריקה — 2	Scanner Hub 2	מרכז סריקה|Scanner Hub
0149	קופסת ברקודים — 2	Barcode Box 2	קופסת ברקודים|Barcode Box
0150	לוח העתקה — 2	Clipboard Pro 2	לוח העתקה|Clipboard Pro
0151	חפיסת שלט — 2	Remote Deck 2	חפיסת שלט|Remote Deck
0152	שולחן מדפסות — 2	Printer Desk 2	שולחן מדפסות|Printer Desk
0153	תאורת בית — 2	Home Lights 2	תאורת בית|Home Lights
0154	אקלים חדר — 2	Room Climate 2	אקלים חדר|Room Climate
0155	רשימת דלתות — 2	Door List 2	רשימת דלתות|Door List
0156	לוח אזעקות — 2	Alarm Board 2	לוח אזעקות|Alarm Board
0157	קופסת טיימרים — 2	Timer Box 2	קופסת טיימרים|Timer Box
0158	פנקס לוח שנה — 2	Calendar Pad 2	פנקס לוח שנה|Calendar Pad
0159	ספר אנשי קשר — 2	Contact Book 2	ספר אנשי קשר|Contact Book
0160	רשימות שיחה — 2	Call Notes 2	רשימות שיחה|Call Notes
0161	שולחן הודעות — 2	Message Desk 2	שולחן הודעות|Message Desk
0162	כיס דואר — 2	Mail Pocket 2	כיס דואר|Mail Pocket
0163	מדף דפדפן — 2	Browser Shelf 2	מדף דפדפן|Browser Shelf
0164	שומר קישורים — 2	Link Keeper 2	שומר קישורים|Link Keeper
0165	קופסת סימניות — 2	Bookmark Box 2	קופסת סימניות|Bookmark Box
0166	שולחן הורדות — 2	Download Desk 2	שולחן הורדות|Download Desk
0167	קופסת העלאות — 2	Upload Box 2	קופסת העלאות|Upload Box
0168	עדשת אחסון — 2	Storage Lens 2	עדשת אחסון|Storage Lens
0169	מעקב סוללה — 2	Battery Watch 2	מעקב סוללה|Battery Watch
0170	מד עוצמת אות — 2	Signal Meter 2	מד עוצמת אות|Signal Meter
0171	שולחן רשת — 2	Network Desk 2	שולחן רשת|Network Desk
0172	מרכז Bluetooth — 2	Bluetooth Hub 2	מרכז Bluetooth|Bluetooth Hub
0173	מדריך WiFi — 2	WiFi Guide 2	מדריך WiFi|WiFi Guide
0174	לוח נקודה חמה — 2	Hotspot Panel 2	לוח נקודה חמה|Hotspot Panel
0175	שידור מסך — 2	Screen Cast 2	שידור מסך|Screen Cast
0176	שלט מדיה — 2	Media Remote 2	שלט מדיה|Media Remote
0177	חפיסת שמע — 2	Audio Deck 2	חפיסת שמע|Audio Deck
0178	מדף וידאו — 2	Video Shelf 2	מדף וידאו|Video Shelf
0179	כיס רדיו — 2	Radio Pocket 2	כיס רדיו|Radio Pocket
0180	שולחן פודקאסט — 2	Podcast Desk 2	שולחן פודקאסט|Podcast Desk
0181	הערות מצלמה — 2	Camera Notes 2	הערות מצלמה|Camera Notes
0182	ממיין גלריה — 2	Gallery Sorter 2	ממיין גלריה|Gallery Sorter
0183	קופסת צילומי מסך — 2	Screenshot Box 2	קופסת צילומי מסך|Screenshot Box
0184	חדר הקלטות — 2	Recorder Room 2	חדר הקלטות|Recorder Room
0185	מקליט פגישות — 2	Meeting Recorder 2	מקליט פגישות|Meeting Recorder
0186	פנקס תמלול — 2	Transcript Pad 2	פנקס תמלול|Transcript Pad
0187	כיס תרגום — 2	Translate Pocket 2	כיס תרגום|Translate Pocket
0188	שולחן מילון — 2	Dictionary Desk 2	שולחן מילון|Dictionary Desk
0189	מעבדת דקדוק — 2	Grammar Lab 2	מעבדת דקדוק|Grammar Lab
0190	חדר כתיבה — 2	Writing Room 2	חדר כתיבה|Writing Room
0191	חדר קריאה — 2	Reading Room 2	חדר קריאה|Reading Room
0192	שולחן ציטוטים — 2	Citation Desk 2	שולחן ציטוטים|Citation Desk
0193	פנקס מחקר — 2	Research Pad 2	פנקס מחקר|Research Pad
0194	לוח פרויקט — 2	Project Board 2	לוח פרויקט|Project Board
0195	ערימת רעיונות — 2	Idea Stack 2	ערימת רעיונות|Idea Stack
0196	מפת חשיבה — 2	Mind Map 2	מפת חשיבה|Mind Map
0197	מרכז רשימות — 2	Checklist Hub 2	מרכז רשימות|Checklist Hub
0198	גינת הרגלים — 2	Habit Garden 2	גינת הרגלים|Habit Garden
0199	יומן מצב רוח — 2	Mood Journal 2	יומן מצב רוח|Mood Journal
0200	מעקב מים — 2	Water Tracker 2	מעקב מים|Water Tracker
0201	תזכורת תרופות — 2	Medicine Reminder 2	תזכורת תרופות|Medicine Reminder
0202	קופסת בטיחות — 2	Safety Box 2	קופסת בטיחות|Safety Box
0203	שולחן פרטיות — 2	Privacy Desk 2	שולחן פרטיות|Privacy Desk
0204	מדריך גישה — 2	Access Guide 2	מדריך גישה|Access Guide
0205	מפת הרשאות — 2	Permission Map 2	מפת הרשאות|Permission Map
0206	מדף אפליקציות — 2	App Shelf 2	מדף אפליקציות|App Shelf
0207	מחברת תקציב — 3	Pocket Ledger 3	מחברת תקציב|Pocket Ledger
0208	מצפן מסלולים — 3	Trail Compass 3	מצפן מסלולים|Trail Compass
0209	שולחן לימוד — 3	Study Desk 3	שולחן לימוד|Study Desk
0210	מזווה הבית — 3	Home Pantry 3	מזווה הבית|Home Pantry
0211	כספת צילום — 3	Photo Vault 3	כספת צילום|Photo Vault
0212	יומן קולי — 3	Voice Journal 3	יומן קולי|Voice Journal
0213	טייס תקציב — 3	Budget Pilot 3	טייס תקציב|Budget Pilot
0214	טיימר שינה — 3	Sleep Timer 3	טיימר שינה|Sleep Timer
0215	שומר צמחים — 3	Plant Keeper 3	שומר צמחים|Plant Keeper
0216	מדף מתכונים — 3	Recipe Shelf 3	מדף מתכונים|Recipe Shelf
0217	מחברת טיולים — 3	Travel Notebook 3	מחברת טיולים|Travel Notebook
0218	יומן אימונים — 3	Workout Log 3	יומן אימונים|Workout Log
0219	כיס קוד — 3	Code Pocket 3	כיס קוד|Code Pocket
0220	מדף ספרים — 3	Book Shelf 3	מדף ספרים|Book Shelf
0221	תור מוזיקה — 3	Music Queue 3	תור מוזיקה|Music Queue
0222	מעקב מזג אוויר — 3	Weather Watch 3	מעקב מזג אוויר|Weather Watch
0223	לוח המשפחה — 3	Family Board 3	לוח המשפחה|Family Board
0224	גינת משימות — 3	Task Garden 3	גינת משימות|Task Garden
0225	ארון קבצים — 3	File Cabinet 3	ארון קבצים|File Cabinet
0226	ניטור מכשיר — 3	Device Monitor 3	ניטור מכשיר|Device Monitor
0227	פנקס פגישות — 3	Meeting Pad 3	פנקס פגישות|Meeting Pad
0228	שולחן חשבוניות — 3	Invoice Desk 3	שולחן חשבוניות|Invoice Desk
0229	כרטיסי שפה — 3	Language Cards 3	כרטיסי שפה|Language Cards
0230	סטודיו סקיצה — 3	Sketch Studio 3	סטודיו סקיצה|Sketch Studio
0231	חדר מיקוד — 3	Focus Room 3	חדר מיקוד|Focus Room
0232	מתכנן יומי — 3	Daily Planner 3	מתכנן יומי|Daily Planner
0233	מפת כיס — 3	Map Pocket 3	מפת כיס|Map Pocket
0234	תקציר חדשות — 3	News Digest 3	תקציר חדשות|News Digest
0235	לוקר סיסמאות — 3	Password Locker 3	לוקר סיסמאות|Password Locker
0236	פתקי ענן — 3	Cloud Notes 3	פתקי ענן|Cloud Notes
0237	ספר הוצאות — 3	Expense Book 3	ספר הוצאות|Expense Book
0238	מתכנן ארוחות — 3	Meal Planner 3	מתכנן ארוחות|Meal Planner
0239	יומן רכב — 3	Car Log 3	יומן רכב|Car Log
0240	מדריך גינה — 3	Garden Guide 3	מדריך גינה|Garden Guide
0241	יומן חיית מחמד — 3	Pet Journal 3	יומן חיית מחמד|Pet Journal
0242	מעבדת מתמטיקה — 3	Math Lab 3	מעבדת מתמטיקה|Math Lab
0243	כרטיסי מדע — 3	Science Cards 3	כרטיסי מדע|Science Cards
0244	אטלס היסטוריה — 3	History Atlas 3	אטלס היסטוריה|History Atlas
0245	בונה מילים — 3	Word Builder 3	בונה מילים|Word Builder
0246	מאמן זיכרון — 3	Memory Trainer 3	מאמן זיכרון|Memory Trainer
0247	קורא כרטיסים — 3	Flash Reader 3	קורא כרטיסים|Flash Reader
0248	שולחן PDF — 3	PDF Desk 3	שולחן PDF|PDF Desk
0249	מדף מסמכים — 3	Document Shelf 3	מדף מסמכים|Document Shelf
0250	ערכת QR — 3	QR Toolkit 3	ערכת QR|QR Toolkit
0251	מרכז סריקה — 3	Scanner Hub 3	מרכז סריקה|Scanner Hub
0252	קופסת ברקודים — 3	Barcode Box 3	קופסת ברקודים|Barcode Box
0253	לוח העתקה — 3	Clipboard Pro 3	לוח העתקה|Clipboard Pro
0254	חפיסת שלט — 3	Remote Deck 3	חפיסת שלט|Remote Deck
0255	שולחן מדפסות — 3	Printer Desk 3	שולחן מדפסות|Printer Desk
0256	תאורת בית — 3	Home Lights 3	תאורת בית|Home Lights
0257	אקלים חדר — 3	Room Climate 3	אקלים חדר|Room Climate
0258	רשימת דלתות — 3	Door List 3	רשימת דלתות|Door List
0259	לוח אזעקות — 3	Alarm Board 3	לוח אזעקות|Alarm Board
0260	קופסת טיימרים — 3	Timer Box 3	קופסת טיימרים|Timer Box
0261	פנקס לוח שנה — 3	Calendar Pad 3	פנקס לוח שנה|Calendar Pad
0262	ספר אנשי קשר — 3	Contact Book 3	ספר אנשי קשר|Contact Book
0263	רשימות שיחה — 3	Call Notes 3	רשימות שיחה|Call Notes
0264	שולחן הודעות — 3	Message Desk 3	שולחן הודעות|Message Desk
0265	כיס דואר — 3	Mail Pocket 3	כיס דואר|Mail Pocket
0266	מדף דפדפן — 3	Browser Shelf 3	מדף דפדפן|Browser Shelf
0267	שומר קישורים — 3	Link Keeper 3	שומר קישורים|Link Keeper
0268	קופסת סימניות — 3	Bookmark Box 3	קופסת סימניות|Bookmark Box
0269	שולחן הורדות — 3	Download Desk 3	שולחן הורדות|Download Desk
0270	קופסת העלאות — 3	Upload Box 3	קופסת העלאות|Upload Box
0271	עדשת אחסון — 3	Storage Lens 3	עדשת אחסון|Storage Lens
0272	מעקב סוללה — 3	Battery Watch 3	מעקב סוללה|Battery Watch
0273	מד עוצמת אות — 3	Signal Meter 3	מד עוצמת אות|Signal Meter
0274	שולחן רשת — 3	Network Desk 3	שולחן רשת|Network Desk
0275	מרכז Bluetooth — 3	Bluetooth Hub 3	מרכז Bluetooth|Bluetooth Hub
0276	מדריך WiFi — 3	WiFi Guide 3	מדריך WiFi|WiFi Guide
0277	לוח נקודה חמה — 3	Hotspot Panel 3	לוח נקודה חמה|Hotspot Panel
0278	שידור מסך — 3	Screen Cast 3	שידור מסך|Screen Cast
0279	שלט מדיה — 3	Media Remote 3	שלט מדיה|Media Remote
0280	חפיסת שמע — 3	Audio Deck 3	חפיסת שמע|Audio Deck
0281	מדף וידאו — 3	Video Shelf 3	מדף וידאו|Video Shelf
0282	כיס רדיו — 3	Radio Pocket 3	כיס רדיו|Radio Pocket
0283	שולחן פודקאסט — 3	Podcast Desk 3	שולחן פודקאסט|Podcast Desk
0284	הערות מצלמה — 3	Camera Notes 3	הערות מצלמה|Camera Notes
0285	ממיין גלריה — 3	Gallery Sorter 3	ממיין גלריה|Gallery Sorter
0286	קופסת צילומי מסך — 3	Screenshot Box 3	קופסת צילומי מסך|Screenshot Box
0287	חדר הקלטות — 3	Recorder Room 3	חדר הקלטות|Recorder Room
0288	מקליט פגישות — 3	Meeting Recorder 3	מקליט פגישות|Meeting Recorder
0289	פנקס תמלול — 3	Transcript Pad 3	פנקס תמלול|Transcript Pad
0290	כיס תרגום — 3	Translate Pocket 3	כיס תרגום|Translate Pocket
0291	שולחן מילון — 3	Dictionary Desk 3	שולחן מילון|Dictionary Desk
0292	מעבדת דקדוק — 3	Grammar Lab 3	מעבדת דקדוק|Grammar Lab
0293	חדר כתיבה — 3	Writing Room 3	חדר כתיבה|Writing Room
0294	חדר קריאה — 3	Reading Room 3	חדר קריאה|Reading Room
0295	שולחן ציטוטים — 3	Citation Desk 3	שולחן ציטוטים|Citation Desk
0296	פנקס מחקר — 3	Research Pad 3	פנקס מחקר|Research Pad
0297	לוח פרויקט — 3	Project Board 3	לוח פרויקט|Project Board
0298	ערימת רעיונות — 3	Idea Stack 3	ערימת רעיונות|Idea Stack
0299	מפת חשיבה — 3	Mind Map 3	מפת חשיבה|Mind Map
0300	מרכז רשימות — 3	Checklist Hub 3	מרכז רשימות|Checklist Hub
0301	גינת הרגלים — 3	Habit Garden 3	גינת הרגלים|Habit Garden
0302	יומן מצב רוח — 3	Mood Journal 3	יומן מצב רוח|Mood Journal
0303	מעקב מים — 3	Water Tracker 3	מעקב מים|Water Tracker
0304	תזכורת תרופות — 3	Medicine Reminder 3	תזכורת תרופות|Medicine Reminder
0305	קופסת בטיחות — 3	Safety Box 3	קופסת בטיחות|Safety Box
0306	שולחן פרטיות — 3	Privacy Desk 3	שולחן פרטיות|Privacy Desk
0307	מדריך גישה — 3	Access Guide 3	מדריך גישה|Access Guide
0308	מפת הרשאות — 3	Permission Map 3	מפת הרשאות|Permission Map
0309	מדף אפליקציות — 3	App Shelf 3	מדף אפליקציות|App Shelf
0310	מחברת תקציב — 4	Pocket Ledger 4	מחברת תקציב|Pocket Ledger
0311	מצפן מסלולים — 4	Trail Compass 4	מצפן מסלולים|Trail Compass
0312	שולחן לימוד — 4	Study Desk 4	שולחן לימוד|Study Desk
0313	מזווה הבית — 4	Home Pantry 4	מזווה הבית|Home Pantry
0314	כספת צילום — 4	Photo Vault 4	כספת צילום|Photo Vault
0315	יומן קולי — 4	Voice Journal 4	יומן קולי|Voice Journal
0316	טייס תקציב — 4	Budget Pilot 4	טייס תקציב|Budget Pilot
0317	טיימר שינה — 4	Sleep Timer 4	טיימר שינה|Sleep Timer
0318	שומר צמחים — 4	Plant Keeper 4	שומר צמחים|Plant Keeper
0319	מדף מתכונים — 4	Recipe Shelf 4	מדף מתכונים|Recipe Shelf
0320	מחברת טיולים — 4	Travel Notebook 4	מחברת טיולים|Travel Notebook
0321	יומן אימונים — 4	Workout Log 4	יומן אימונים|Workout Log
0322	כיס קוד — 4	Code Pocket 4	כיס קוד|Code Pocket
0323	מדף ספרים — 4	Book Shelf 4	מדף ספרים|Book Shelf
0324	תור מוזיקה — 4	Music Queue 4	תור מוזיקה|Music Queue
0325	מעקב מזג אוויר — 4	Weather Watch 4	מעקב מזג אוויר|Weather Watch
0326	לוח המשפחה — 4	Family Board 4	לוח המשפחה|Family Board
0327	גינת משימות — 4	Task Garden 4	גינת משימות|Task Garden
0328	ארון קבצים — 4	File Cabinet 4	ארון קבצים|File Cabinet
0329	ניטור מכשיר — 4	Device Monitor 4	ניטור מכשיר|Device Monitor
0330	פנקס פגישות — 4	Meeting Pad 4	פנקס פגישות|Meeting Pad
0331	שולחן חשבוניות — 4	Invoice Desk 4	שולחן חשבוניות|Invoice Desk
0332	כרטיסי שפה — 4	Language Cards 4	כרטיסי שפה|Language Cards
0333	סטודיו סקיצה — 4	Sketch Studio 4	סטודיו סקיצה|Sketch Studio
0334	חדר מיקוד — 4	Focus Room 4	חדר מיקוד|Focus Room
0335	מתכנן יומי — 4	Daily Planner 4	מתכנן יומי|Daily Planner
0336	מפת כיס — 4	Map Pocket 4	מפת כיס|Map Pocket
0337	תקציר חדשות — 4	News Digest 4	תקציר חדשות|News Digest
0338	לוקר סיסמאות — 4	Password Locker 4	לוקר סיסמאות|Password Locker
0339	פתקי ענן — 4	Cloud Notes 4	פתקי ענן|Cloud Notes
0340	ספר הוצאות — 4	Expense Book 4	ספר הוצאות|Expense Book
0341	מתכנן ארוחות — 4	Meal Planner 4	מתכנן ארוחות|Meal Planner
0342	יומן רכב — 4	Car Log 4	יומן רכב|Car Log
0343	מדריך גינה — 4	Garden Guide 4	מדריך גינה|Garden Guide
0344	יומן חיית מחמד — 4	Pet Journal 4	יומן חיית מחמד|Pet Journal
0345	מעבדת מתמטיקה — 4	Math Lab 4	מעבדת מתמטיקה|Math Lab
0346	כרטיסי מדע — 4	Science Cards 4	כרטיסי מדע|Science Cards
0347	אטלס היסטוריה — 4	History Atlas 4	אטלס היסטוריה|History Atlas
0348	בונה מילים — 4	Word Builder 4	בונה מילים|Word Builder
0349	מאמן זיכרון — 4	Memory Trainer 4	מאמן זיכרון|Memory Trainer
0350	קורא כרטיסים — 4	Flash Reader 4	קורא כרטיסים|Flash Reader
0351	שולחן PDF — 4	PDF Desk 4	שולחן PDF|PDF Desk
0352	מדף מסמכים — 4	Document Shelf 4	מדף מסמכים|Document Shelf
0353	ערכת QR — 4	QR Toolkit 4	ערכת QR|QR Toolkit
0354	מרכז סריקה — 4	Scanner Hub 4	מרכז סריקה|Scanner Hub
0355	קופסת ברקודים — 4	Barcode Box 4	קופסת ברקודים|Barcode Box
0356	לוח העתקה — 4	Clipboard Pro 4	לוח העתקה|Clipboard Pro
0357	חפיסת שלט — 4	Remote Deck 4	חפיסת שלט|Remote Deck
0358	שולחן מדפסות — 4	Printer Desk 4	שולחן מדפסות|Printer Desk
0359	תאורת בית — 4	Home Lights 4	תאורת בית|Home Lights
0360	אקלים חדר — 4	Room Climate 4	אקלים חדר|Room Climate
0361	רשימת דלתות — 4	Door List 4	רשימת דלתות|Door List
0362	לוח אזעקות — 4	Alarm Board 4	לוח אזעקות|Alarm Board
0363	קופסת טיימרים — 4	Timer Box 4	קופסת טיימרים|Timer Box
0364	פנקס לוח שנה — 4	Calendar Pad 4	פנקס לוח שנה|Calendar Pad
0365	ספר אנשי קשר — 4	Contact Book 4	ספר אנשי קשר|Contact Book
0366	רשימות שיחה — 4	Call Notes 4	רשימות שיחה|Call Notes
0367	שולחן הודעות — 4	Message Desk 4	שולחן הודעות|Message Desk
0368	כיס דואר — 4	Mail Pocket 4	כיס דואר|Mail Pocket
0369	מדף דפדפן — 4	Browser Shelf 4	מדף דפדפן|Browser Shelf
0370	שומר קישורים — 4	Link Keeper 4	שומר קישורים|Link Keeper
0371	קופסת סימניות — 4	Bookmark Box 4	קופסת סימניות|Bookmark Box
0372	שולחן הורדות — 4	Download Desk 4	שולחן הורדות|Download Desk
0373	קופסת העלאות — 4	Upload Box 4	קופסת העלאות|Upload Box
0374	עדשת אחסון — 4	Storage Lens 4	עדשת אחסון|Storage Lens
0375	מעקב סוללה — 4	Battery Watch 4	מעקב סוללה|Battery Watch
0376	מד עוצמת אות — 4	Signal Meter 4	מד עוצמת אות|Signal Meter
0377	שולחן רשת — 4	Network Desk 4	שולחן רשת|Network Desk
0378	מרכז Bluetooth — 4	Bluetooth Hub 4	מרכז Bluetooth|Bluetooth Hub
0379	מדריך WiFi — 4	WiFi Guide 4	מדריך WiFi|WiFi Guide
0380	לוח נקודה חמה — 4	Hotspot Panel 4	לוח נקודה חמה|Hotspot Panel
0381	שידור מסך — 4	Screen Cast 4	שידור מסך|Screen Cast
0382	שלט מדיה — 4	Media Remote 4	שלט מדיה|Media Remote
0383	חפיסת שמע — 4	Audio Deck 4	חפיסת שמע|Audio Deck
0384	מדף וידאו — 4	Video Shelf 4	מדף וידאו|Video Shelf
0385	כיס רדיו — 4	Radio Pocket 4	כיס רדיו|Radio Pocket
0386	שולחן פודקאסט — 4	Podcast Desk 4	שולחן פודקאסט|Podcast Desk
0387	הערות מצלמה — 4	Camera Notes 4	הערות מצלמה|Camera Notes
0388	ממיין גלריה — 4	Gallery Sorter 4	ממיין גלריה|Gallery Sorter
0389	קופסת צילומי מסך — 4	Screenshot Box 4	קופסת צילומי מסך|Screenshot Box
0390	חדר הקלטות — 4	Recorder Room 4	חדר הקלטות|Recorder Room
0391	מקליט פגישות — 4	Meeting Recorder 4	מקליט פגישות|Meeting Recorder
0392	פנקס תמלול — 4	Transcript Pad 4	פנקס תמלול|Transcript Pad
0393	כיס תרגום — 4	Translate Pocket 4	כיס תרגום|Translate Pocket
0394	שולחן מילון — 4	Dictionary Desk 4	שולחן מילון|Dictionary Desk
0395	מעבדת דקדוק — 4	Grammar Lab 4	מעבדת דקדוק|Grammar Lab
0396	חדר כתיבה — 4	Writing Room 4	חדר כתיבה|Writing Room
0397	חדר קריאה — 4	Reading Room 4	חדר קריאה|Reading Room
0398	שולחן ציטוטים — 4	Citation Desk 4	שולחן ציטוטים|Citation Desk
0399	פנקס מחקר — 4	Research Pad 4	פנקס מחקר|Research Pad
0400	לוח פרויקט — 4	Project Board 4	לוח פרויקט|Project Board
0401	ערימת רעיונות — 4	Idea Stack 4	ערימת רעיונות|Idea Stack
0402	מפת חשיבה — 4	Mind Map 4	מפת חשיבה|Mind Map
0403	מרכז רשימות — 4	Checklist Hub 4	מרכז רשימות|Checklist Hub
0404	גינת הרגלים — 4	Habit Garden 4	גינת הרגלים|Habit Garden
0405	יומן מצב רוח — 4	Mood Journal 4	יומן מצב רוח|Mood Journal
0406	מעקב מים — 4	Water Tracker 4	מעקב מים|Water Tracker
0407	תזכורת תרופות — 4	Medicine Reminder 4	תזכורת תרופות|Medicine Reminder
0408	קופסת בטיחות — 4	Safety Box 4	קופסת בטיחות|Safety Box
0409	שולחן פרטיות — 4	Privacy Desk 4	שולחן פרטיות|Privacy Desk
0410	מדריך גישה — 4	Access Guide 4	מדריך גישה|Access Guide
0411	מפת הרשאות — 4	Permission Map 4	מפת הרשאות|Permission Map
0412	מדף אפליקציות — 4	App Shelf 4	מדף אפליקציות|App Shelf
0413	מחברת תקציב — 5	Pocket Ledger 5	מחברת תקציב|Pocket Ledger
0414	מצפן מסלולים — 5	Trail Compass 5	מצפן מסלולים|Trail Compass
0415	שולחן לימוד — 5	Study Desk 5	שולחן לימוד|Study Desk
0416	מזווה הבית — 5	Home Pantry 5	מזווה הבית|Home Pantry
0417	כספת צילום — 5	Photo Vault 5	כספת צילום|Photo Vault
0418	יומן קולי — 5	Voice Journal 5	יומן קולי|Voice Journal
0419	טייס תקציב — 5	Budget Pilot 5	טייס תקציב|Budget Pilot
0420	טיימר שינה — 5	Sleep Timer 5	טיימר שינה|Sleep Timer
0421	שומר צמחים — 5	Plant Keeper 5	שומר צמחים|Plant Keeper
0422	מדף מתכונים — 5	Recipe Shelf 5	מדף מתכונים|Recipe Shelf
0423	מחברת טיולים — 5	Travel Notebook 5	מחברת טיולים|Travel Notebook
0424	יומן אימונים — 5	Workout Log 5	יומן אימונים|Workout Log
0425	כיס קוד — 5	Code Pocket 5	כיס קוד|Code Pocket
0426	מדף ספרים — 5	Book Shelf 5	מדף ספרים|Book Shelf
0427	תור מוזיקה — 5	Music Queue 5	תור מוזיקה|Music Queue
0428	מעקב מזג אוויר — 5	Weather Watch 5	מעקב מזג אוויר|Weather Watch
0429	לוח המשפחה — 5	Family Board 5	לוח המשפחה|Family Board
0430	גינת משימות — 5	Task Garden 5	גינת משימות|Task Garden
0431	ארון קבצים — 5	File Cabinet 5	ארון קבצים|File Cabinet
0432	ניטור מכשיר — 5	Device Monitor 5	ניטור מכשיר|Device Monitor
0433	פנקס פגישות — 5	Meeting Pad 5	פנקס פגישות|Meeting Pad
0434	שולחן חשבוניות — 5	Invoice Desk 5	שולחן חשבוניות|Invoice Desk
0435	כרטיסי שפה — 5	Language Cards 5	כרטיסי שפה|Language Cards
0436	סטודיו סקיצה — 5	Sketch Studio 5	סטודיו סקיצה|Sketch Studio
0437	חדר מיקוד — 5	Focus Room 5	חדר מיקוד|Focus Room
0438	מתכנן יומי — 5	Daily Planner 5	מתכנן יומי|Daily Planner
0439	מפת כיס — 5	Map Pocket 5	מפת כיס|Map Pocket
0440	תקציר חדשות — 5	News Digest 5	תקציר חדשות|News Digest
0441	לוקר סיסמאות — 5	Password Locker 5	לוקר סיסמאות|Password Locker
0442	פתקי ענן — 5	Cloud Notes 5	פתקי ענן|Cloud Notes
0443	ספר הוצאות — 5	Expense Book 5	ספר הוצאות|Expense Book
0444	מתכנן ארוחות — 5	Meal Planner 5	מתכנן ארוחות|Meal Planner
0445	יומן רכב — 5	Car Log 5	יומן רכב|Car Log
0446	מדריך גינה — 5	Garden Guide 5	מדריך גינה|Garden Guide
0447	יומן חיית מחמד — 5	Pet Journal 5	יומן חיית מחמד|Pet Journal
0448	מעבדת מתמטיקה — 5	Math Lab 5	מעבדת מתמטיקה|Math Lab
0449	כרטיסי מדע — 5	Science Cards 5	כרטיסי מדע|Science Cards
0450	אטלס היסטוריה — 5	History Atlas 5	אטלס היסטוריה|History Atlas
0451	בונה מילים — 5	Word Builder 5	בונה מילים|Word Builder
0452	מאמן זיכרון — 5	Memory Trainer 5	מאמן זיכרון|Memory Trainer
0453	קורא כרטיסים — 5	Flash Reader 5	קורא כרטיסים|Flash Reader
0454	שולחן PDF — 5	PDF Desk 5	שולחן PDF|PDF Desk
0455	מדף מסמכים — 5	Document Shelf 5	מדף מסמכים|Document Shelf
0456	ערכת QR — 5	QR Toolkit 5	ערכת QR|QR Toolkit
0457	מרכז סריקה — 5	Scanner Hub 5	מרכז סריקה|Scanner Hub
0458	קופסת ברקודים — 5	Barcode Box 5	קופסת ברקודים|Barcode Box
0459	לוח העתקה — 5	Clipboard Pro 5	לוח העתקה|Clipboard Pro
0460	חפיסת שלט — 5	Remote Deck 5	חפיסת שלט|Remote Deck
0461	שולחן מדפסות — 5	Printer Desk 5	שולחן מדפסות|Printer Desk
0462	תאורת בית — 5	Home Lights 5	תאורת בית|Home Lights
0463	אקלים חדר — 5	Room Climate 5	אקלים חדר|Room Climate
0464	רשימת דלתות — 5	Door List 5	רשימת דלתות|Door List
0465	לוח אזעקות — 5	Alarm Board 5	לוח אזעקות|Alarm Board
0466	קופסת טיימרים — 5	Timer Box 5	קופסת טיימרים|Timer Box
0467	פנקס לוח שנה — 5	Calendar Pad 5	פנקס לוח שנה|Calendar Pad
0468	ספר אנשי קשר — 5	Contact Book 5	ספר אנשי קשר|Contact Book
0469	רשימות שיחה — 5	Call Notes 5	רשימות שיחה|Call Notes
0470	שולחן הודעות — 5	Message Desk 5	שולחן הודעות|Message Desk
0471	כיס דואר — 5	Mail Pocket 5	כיס דואר|Mail Pocket
0472	מדף דפדפן — 5	Browser Shelf 5	מדף דפדפן|Browser Shelf
0473	שומר קישורים — 5	Link Keeper 5	שומר קישורים|Link Keeper
0474	קופסת סימניות — 5	Bookmark Box 5	קופסת סימניות|Bookmark Box
0475	שולחן הורדות — 5	Download Desk 5	שולחן הורדות|Download Desk
0476	קופסת העלאות — 5	Upload Box 5	קופסת העלאות|Upload Box
0477	עדשת אחסון — 5	Storage Lens 5	עדשת אחסון|Storage Lens
0478	מעקב סוללה — 5	Battery Watch 5	מעקב סוללה|Battery Watch
0479	מד עוצמת אות — 5	Signal Meter 5	מד עוצמת אות|Signal Meter
0480	שולחן רשת — 5	Network Desk 5	שולחן רשת|Network Desk
0481	מרכז Bluetooth — 5	Bluetooth Hub 5	מרכז Bluetooth|Bluetooth Hub
0482	מדריך WiFi — 5	WiFi Guide 5	מדריך WiFi|WiFi Guide
0483	לוח נקודה חמה — 5	Hotspot Panel 5	לוח נקודה חמה|Hotspot Panel
0484	שידור מסך — 5	Screen Cast 5	שידור מסך|Screen Cast
0485	שלט מדיה — 5	Media Remote 5	שלט מדיה|Media Remote
0486	חפיסת שמע — 5	Audio Deck 5	חפיסת שמע|Audio Deck
0487	מדף וידאו — 5	Video Shelf 5	מדף וידאו|Video Shelf
0488	כיס רדיו — 5	Radio Pocket 5	כיס רדיו|Radio Pocket
0489	שולחן פודקאסט — 5	Podcast Desk 5	שולחן פודקאסט|Podcast Desk
0490	הערות מצלמה — 5	Camera Notes 5	הערות מצלמה|Camera Notes
0491	ממיין גלריה — 5	Gallery Sorter 5	ממיין גלריה|Gallery Sorter
0492	קופסת צילומי מסך — 5	Screenshot Box 5	קופסת צילומי מסך|Screenshot Box
0493	חדר הקלטות — 5	Recorder Room 5	חדר הקלטות|Recorder Room
0494	מקליט פגישות — 5	Meeting Recorder 5	מקליט פגישות|Meeting Recorder
0495	פנקס תמלול — 5	Transcript Pad 5	פנקס תמלול|Transcript Pad
0496	כיס תרגום — 5	Translate Pocket 5	כיס תרגום|Translate Pocket
0497	שולחן מילון — 5	Dictionary Desk 5	שולחן מילון|Dictionary Desk
0498	מעבדת דקדוק — 5	Grammar Lab 5	מעבדת דקדוק|Grammar Lab
0499	חדר כתיבה — 5	Writing Room 5	חדר כתיבה|Writing Room
0500	חדר קריאה — 5	Reading Room 5	חדר קריאה|Reading Room
0501	שולחן ציטוטים — 5	Citation Desk 5	שולחן ציטוטים|Citation Desk
0502	פנקס מחקר — 5	Research Pad 5	פנקס מחקר|Research Pad
0503	לוח פרויקט — 5	Project Board 5	לוח פרויקט|Project Board
0504	ערימת רעיונות — 5	Idea Stack 5	ערימת רעיונות|Idea Stack
0505	מפת חשיבה — 5	Mind Map 5	מפת חשיבה|Mind Map
0506	מרכז רשימות — 5	Checklist Hub 5	מרכז רשימות|Checklist Hub
0507	גינת הרגלים — 5	Habit Garden 5	גינת הרגלים|Habit Garden
0508	יומן מצב רוח — 5	Mood Journal 5	יומן מצב רוח|Mood Journal
0509	מעקב מים — 5	Water Tracker 5	מעקב מים|Water Tracker
0510	תזכורת תרופות — 5	Medicine Reminder 5	תזכורת תרופות|Medicine Reminder
0511	קופסת בטיחות — 5	Safety Box 5	קופסת בטיחות|Safety Box
0512	שולחן פרטיות — 5	Privacy Desk 5	שולחן פרטיות|Privacy Desk
0513	מדריך גישה — 5	Access Guide 5	מדריך גישה|Access Guide
0514	מפת הרשאות — 5	Permission Map 5	מפת הרשאות|Permission Map
0515	מדף אפליקציות — 5	App Shelf 5	מדף אפליקציות|App Shelf
0516	מחברת תקציב — 6	Pocket Ledger 6	מחברת תקציב|Pocket Ledger
0517	מצפן מסלולים — 6	Trail Compass 6	מצפן מסלולים|Trail Compass
0518	שולחן לימוד — 6	Study Desk 6	שולחן לימוד|Study Desk
0519	מזווה הבית — 6	Home Pantry 6	מזווה הבית|Home Pantry
0520	כספת צילום — 6	Photo Vault 6	כספת צילום|Photo Vault
0521	יומן קולי — 6	Voice Journal 6	יומן קולי|Voice Journal
0522	טייס תקציב — 6	Budget Pilot 6	טייס תקציב|Budget Pilot
0523	טיימר שינה — 6	Sleep Timer 6	טיימר שינה|Sleep Timer
0524	שומר צמחים — 6	Plant Keeper 6	שומר צמחים|Plant Keeper
0525	מדף מתכונים — 6	Recipe Shelf 6	מדף מתכונים|Recipe Shelf
0526	מחברת טיולים — 6	Travel Notebook 6	מחברת טיולים|Travel Notebook
0527	יומן אימונים — 6	Workout Log 6	יומן אימונים|Workout Log
0528	כיס קוד — 6	Code Pocket 6	כיס קוד|Code Pocket
0529	מדף ספרים — 6	Book Shelf 6	מדף ספרים|Book Shelf
0530	תור מוזיקה — 6	Music Queue 6	תור מוזיקה|Music Queue
0531	מעקב מזג אוויר — 6	Weather Watch 6	מעקב מזג אוויר|Weather Watch
0532	לוח המשפחה — 6	Family Board 6	לוח המשפחה|Family Board
0533	גינת משימות — 6	Task Garden 6	גינת משימות|Task Garden
0534	ארון קבצים — 6	File Cabinet 6	ארון קבצים|File Cabinet
0535	ניטור מכשיר — 6	Device Monitor 6	ניטור מכשיר|Device Monitor
0536	פנקס פגישות — 6	Meeting Pad 6	פנקס פגישות|Meeting Pad
0537	שולחן חשבוניות — 6	Invoice Desk 6	שולחן חשבוניות|Invoice Desk
0538	כרטיסי שפה — 6	Language Cards 6	כרטיסי שפה|Language Cards
0539	סטודיו סקיצה — 6	Sketch Studio 6	סטודיו סקיצה|Sketch Studio
0540	חדר מיקוד — 6	Focus Room 6	חדר מיקוד|Focus Room
0541	מתכנן יומי — 6	Daily Planner 6	מתכנן יומי|Daily Planner
0542	מפת כיס — 6	Map Pocket 6	מפת כיס|Map Pocket
0543	תקציר חדשות — 6	News Digest 6	תקציר חדשות|News Digest
0544	לוקר סיסמאות — 6	Password Locker 6	לוקר סיסמאות|Password Locker
0545	פתקי ענן — 6	Cloud Notes 6	פתקי ענן|Cloud Notes
0546	ספר הוצאות — 6	Expense Book 6	ספר הוצאות|Expense Book
0547	מתכנן ארוחות — 6	Meal Planner 6	מתכנן ארוחות|Meal Planner
0548	יומן רכב — 6	Car Log 6	יומן רכב|Car Log
0549	מדריך גינה — 6	Garden Guide 6	מדריך גינה|Garden Guide
0550	יומן חיית מחמד — 6	Pet Journal 6	יומן חיית מחמד|Pet Journal
0551	מעבדת מתמטיקה — 6	Math Lab 6	מעבדת מתמטיקה|Math Lab
0552	כרטיסי מדע — 6	Science Cards 6	כרטיסי מדע|Science Cards
0553	אטלס היסטוריה — 6	History Atlas 6	אטלס היסטוריה|History Atlas
0554	בונה מילים — 6	Word Builder 6	בונה מילים|Word Builder
0555	מאמן זיכרון — 6	Memory Trainer 6	מאמן זיכרון|Memory Trainer
0556	קורא כרטיסים — 6	Flash Reader 6	קורא כרטיסים|Flash Reader
0557	שולחן PDF — 6	PDF Desk 6	שולחן PDF|PDF Desk
0558	מדף מסמכים — 6	Document Shelf 6	מדף מסמכים|Document Shelf
0559	ערכת QR — 6	QR Toolkit 6	ערכת QR|QR Toolkit
0560	מרכז סריקה — 6	Scanner Hub 6	מרכז סריקה|Scanner Hub
0561	קופסת ברקודים — 6	Barcode Box 6	קופסת ברקודים|Barcode Box
0562	לוח העתקה — 6	Clipboard Pro 6	לוח העתקה|Clipboard Pro
0563	חפיסת שלט — 6	Remote Deck 6	חפיסת שלט|Remote Deck
0564	שולחן מדפסות — 6	Printer Desk 6	שולחן מדפסות|Printer Desk
0565	תאורת בית — 6	Home Lights 6	תאורת בית|Home Lights
0566	אקלים חדר — 6	Room Climate 6	אקלים חדר|Room Climate
0567	רשימת דלתות — 6	Door List 6	רשימת דלתות|Door List
0568	לוח אזעקות — 6	Alarm Board 6	לוח אזעקות|Alarm Board
0569	קופסת טיימרים — 6	Timer Box 6	קופסת טיימרים|Timer Box
0570	פנקס לוח שנה — 6	Calendar Pad 6	פנקס לוח שנה|Calendar Pad
0571	ספר אנשי קשר — 6	Contact Book 6	ספר אנשי קשר|Contact Book
0572	רשימות שיחה — 6	Call Notes 6	רשימות שיחה|Call Notes
0573	שולחן הודעות — 6	Message Desk 6	שולחן הודעות|Message Desk
0574	כיס דואר — 6	Mail Pocket 6	כיס דואר|Mail Pocket
0575	מדף דפדפן — 6	Browser Shelf 6	מדף דפדפן|Browser Shelf
0576	שומר קישורים — 6	Link Keeper 6	שומר קישורים|Link Keeper
0577	קופסת סימניות — 6	Bookmark Box 6	קופסת סימניות|Bookmark Box
0578	שולחן הורדות — 6	Download Desk 6	שולחן הורדות|Download Desk
0579	קופסת העלאות — 6	Upload Box 6	קופסת העלאות|Upload Box
0580	עדשת אחסון — 6	Storage Lens 6	עדשת אחסון|Storage Lens
0581	מעקב סוללה — 6	Battery Watch 6	מעקב סוללה|Battery Watch
0582	מד עוצמת אות — 6	Signal Meter 6	מד עוצמת אות|Signal Meter
0583	שולחן רשת — 6	Network Desk 6	שולחן רשת|Network Desk
0584	מרכז Bluetooth — 6	Bluetooth Hub 6	מרכז Bluetooth|Bluetooth Hub
0585	מדריך WiFi — 6	WiFi Guide 6	מדריך WiFi|WiFi Guide
0586	לוח נקודה חמה — 6	Hotspot Panel 6	לוח נקודה חמה|Hotspot Panel
0587	שידור מסך — 6	Screen Cast 6	שידור מסך|Screen Cast
0588	שלט מדיה — 6	Media Remote 6	שלט מדיה|Media Remote
0589	חפיסת שמע — 6	Audio Deck 6	חפיסת שמע|Audio Deck
0590	מדף וידאו — 6	Video Shelf 6	מדף וידאו|Video Shelf
0591	כיס רדיו — 6	Radio Pocket 6	כיס רדיו|Radio Pocket
0592	שולחן פודקאסט — 6	Podcast Desk 6	שולחן פודקאסט|Podcast Desk
0593	הערות מצלמה — 6	Camera Notes 6	הערות מצלמה|Camera Notes
0594	ממיין גלריה — 6	Gallery Sorter 6	ממיין גלריה|Gallery Sorter
0595	קופסת צילומי מסך — 6	Screenshot Box 6	קופסת צילומי מסך|Screenshot Box
0596	חדר הקלטות — 6	Recorder Room 6	חדר הקלטות|Recorder Room
0597	מקליט פגישות — 6	Meeting Recorder 6	מקליט פגישות|Meeting Recorder
0598	פנקס תמלול — 6	Transcript Pad 6	פנקס תמלול|Transcript Pad
0599	כיס תרגום — 6	Translate Pocket 6	כיס תרגום|Translate Pocket
0600	שולחן מילון — 6	Dictionary Desk 6	שולחן מילון|Dictionary Desk
0601	מעבדת דקדוק — 6	Grammar Lab 6	מעבדת דקדוק|Grammar Lab
0602	חדר כתיבה — 6	Writing Room 6	חדר כתיבה|Writing Room
0603	חדר קריאה — 6	Reading Room 6	חדר קריאה|Reading Room
0604	שולחן ציטוטים — 6	Citation Desk 6	שולחן ציטוטים|Citation Desk
0605	פנקס מחקר — 6	Research Pad 6	פנקס מחקר|Research Pad
0606	לוח פרויקט — 6	Project Board 6	לוח פרויקט|Project Board
0607	ערימת רעיונות — 6	Idea Stack 6	ערימת רעיונות|Idea Stack
0608	מפת חשיבה — 6	Mind Map 6	מפת חשיבה|Mind Map
0609	מרכז רשימות — 6	Checklist Hub 6	מרכז רשימות|Checklist Hub
0610	גינת הרגלים — 6	Habit Garden 6	גינת הרגלים|Habit Garden
0611	יומן מצב רוח — 6	Mood Journal 6	יומן מצב רוח|Mood Journal
0612	מעקב מים — 6	Water Tracker 6	מעקב מים|Water Tracker
0613	תזכורת תרופות — 6	Medicine Reminder 6	תזכורת תרופות|Medicine Reminder
0614	קופסת בטיחות — 6	Safety Box 6	קופסת בטיחות|Safety Box
0615	שולחן פרטיות — 6	Privacy Desk 6	שולחן פרטיות|Privacy Desk
0616	מדריך גישה — 6	Access Guide 6	מדריך גישה|Access Guide
0617	מפת הרשאות — 6	Permission Map 6	מפת הרשאות|Permission Map
0618	מדף אפליקציות — 6	App Shelf 6	מדף אפליקציות|App Shelf
0619	מחברת תקציב — 7	Pocket Ledger 7	מחברת תקציב|Pocket Ledger
0620	מצפן מסלולים — 7	Trail Compass 7	מצפן מסלולים|Trail Compass
0621	שולחן לימוד — 7	Study Desk 7	שולחן לימוד|Study Desk
0622	מזווה הבית — 7	Home Pantry 7	מזווה הבית|Home Pantry
0623	כספת צילום — 7	Photo Vault 7	כספת צילום|Photo Vault
0624	יומן קולי — 7	Voice Journal 7	יומן קולי|Voice Journal
0625	טייס תקציב — 7	Budget Pilot 7	טייס תקציב|Budget Pilot
0626	טיימר שינה — 7	Sleep Timer 7	טיימר שינה|Sleep Timer
0627	שומר צמחים — 7	Plant Keeper 7	שומר צמחים|Plant Keeper
0628	מדף מתכונים — 7	Recipe Shelf 7	מדף מתכונים|Recipe Shelf
0629	מחברת טיולים — 7	Travel Notebook 7	מחברת טיולים|Travel Notebook
0630	יומן אימונים — 7	Workout Log 7	יומן אימונים|Workout Log
0631	כיס קוד — 7	Code Pocket 7	כיס קוד|Code Pocket
0632	מדף ספרים — 7	Book Shelf 7	מדף ספרים|Book Shelf
0633	תור מוזיקה — 7	Music Queue 7	תור מוזיקה|Music Queue
0634	מעקב מזג אוויר — 7	Weather Watch 7	מעקב מזג אוויר|Weather Watch
0635	לוח המשפחה — 7	Family Board 7	לוח המשפחה|Family Board
0636	גינת משימות — 7	Task Garden 7	גינת משימות|Task Garden
0637	ארון קבצים — 7	File Cabinet 7	ארון קבצים|File Cabinet
0638	ניטור מכשיר — 7	Device Monitor 7	ניטור מכשיר|Device Monitor
0639	פנקס פגישות — 7	Meeting Pad 7	פנקס פגישות|Meeting Pad
0640	שולחן חשבוניות — 7	Invoice Desk 7	שולחן חשבוניות|Invoice Desk
0641	כרטיסי שפה — 7	Language Cards 7	כרטיסי שפה|Language Cards
0642	סטודיו סקיצה — 7	Sketch Studio 7	סטודיו סקיצה|Sketch Studio
0643	חדר מיקוד — 7	Focus Room 7	חדר מיקוד|Focus Room
0644	מתכנן יומי — 7	Daily Planner 7	מתכנן יומי|Daily Planner
0645	מפת כיס — 7	Map Pocket 7	מפת כיס|Map Pocket
0646	תקציר חדשות — 7	News Digest 7	תקציר חדשות|News Digest
0647	לוקר סיסמאות — 7	Password Locker 7	לוקר סיסמאות|Password Locker
0648	פתקי ענן — 7	Cloud Notes 7	פתקי ענן|Cloud Notes
0649	ספר הוצאות — 7	Expense Book 7	ספר הוצאות|Expense Book
0650	מתכנן ארוחות — 7	Meal Planner 7	מתכנן ארוחות|Meal Planner
0651	יומן רכב — 7	Car Log 7	יומן רכב|Car Log
0652	מדריך גינה — 7	Garden Guide 7	מדריך גינה|Garden Guide
0653	יומן חיית מחמד — 7	Pet Journal 7	יומן חיית מחמד|Pet Journal
0654	מעבדת מתמטיקה — 7	Math Lab 7	מעבדת מתמטיקה|Math Lab
0655	כרטיסי מדע — 7	Science Cards 7	כרטיסי מדע|Science Cards
0656	אטלס היסטוריה — 7	History Atlas 7	אטלס היסטוריה|History Atlas
0657	בונה מילים — 7	Word Builder 7	בונה מילים|Word Builder
0658	מאמן זיכרון — 7	Memory Trainer 7	מאמן זיכרון|Memory Trainer
0659	קורא כרטיסים — 7	Flash Reader 7	קורא כרטיסים|Flash Reader
0660	שולחן PDF — 7	PDF Desk 7	שולחן PDF|PDF Desk
0661	מדף מסמכים — 7	Document Shelf 7	מדף מסמכים|Document Shelf
0662	ערכת QR — 7	QR Toolkit 7	ערכת QR|QR Toolkit
0663	מרכז סריקה — 7	Scanner Hub 7	מרכז סריקה|Scanner Hub
0664	קופסת ברקודים — 7	Barcode Box 7	קופסת ברקודים|Barcode Box
0665	לוח העתקה — 7	Clipboard Pro 7	לוח העתקה|Clipboard Pro
0666	חפיסת שלט — 7	Remote Deck 7	חפיסת שלט|Remote Deck
0667	שולחן מדפסות — 7	Printer Desk 7	שולחן מדפסות|Printer Desk
0668	תאורת בית — 7	Home Lights 7	תאורת בית|Home Lights
0669	אקלים חדר — 7	Room Climate 7	אקלים חדר|Room Climate
0670	רשימת דלתות — 7	Door List 7	רשימת דלתות|Door List
0671	לוח אזעקות — 7	Alarm Board 7	לוח אזעקות|Alarm Board
0672	קופסת טיימרים — 7	Timer Box 7	קופסת טיימרים|Timer Box
0673	פנקס לוח שנה — 7	Calendar Pad 7	פנקס לוח שנה|Calendar Pad
0674	ספר אנשי קשר — 7	Contact Book 7	ספר אנשי קשר|Contact Book
0675	רשימות שיחה — 7	Call Notes 7	רשימות שיחה|Call Notes
0676	שולחן הודעות — 7	Message Desk 7	שולחן הודעות|Message Desk
0677	כיס דואר — 7	Mail Pocket 7	כיס דואר|Mail Pocket
0678	מדף דפדפן — 7	Browser Shelf 7	מדף דפדפן|Browser Shelf
0679	שומר קישורים — 7	Link Keeper 7	שומר קישורים|Link Keeper
0680	קופסת סימניות — 7	Bookmark Box 7	קופסת סימניות|Bookmark Box
0681	שולחן הורדות — 7	Download Desk 7	שולחן הורדות|Download Desk
0682	קופסת העלאות — 7	Upload Box 7	קופסת העלאות|Upload Box
0683	עדשת אחסון — 7	Storage Lens 7	עדשת אחסון|Storage Lens
0684	מעקב סוללה — 7	Battery Watch 7	מעקב סוללה|Battery Watch
0685	מד עוצמת אות — 7	Signal Meter 7	מד עוצמת אות|Signal Meter
0686	שולחן רשת — 7	Network Desk 7	שולחן רשת|Network Desk
0687	מרכז Bluetooth — 7	Bluetooth Hub 7	מרכז Bluetooth|Bluetooth Hub
0688	מדריך WiFi — 7	WiFi Guide 7	מדריך WiFi|WiFi Guide
0689	לוח נקודה חמה — 7	Hotspot Panel 7	לוח נקודה חמה|Hotspot Panel
0690	שידור מסך — 7	Screen Cast 7	שידור מסך|Screen Cast
0691	שלט מדיה — 7	Media Remote 7	שלט מדיה|Media Remote
0692	חפיסת שמע — 7	Audio Deck 7	חפיסת שמע|Audio Deck
0693	מדף וידאו — 7	Video Shelf 7	מדף וידאו|Video Shelf
0694	כיס רדיו — 7	Radio Pocket 7	כיס רדיו|Radio Pocket
0695	שולחן פודקאסט — 7	Podcast Desk 7	שולחן פודקאסט|Podcast Desk
0696	הערות מצלמה — 7	Camera Notes 7	הערות מצלמה|Camera Notes
0697	ממיין גלריה — 7	Gallery Sorter 7	ממיין גלריה|Gallery Sorter
0698	קופסת צילומי מסך — 7	Screenshot Box 7	קופסת צילומי מסך|Screenshot Box
0699	חדר הקלטות — 7	Recorder Room 7	חדר הקלטות|Recorder Room
0700	מקליט פגישות — 7	Meeting Recorder 7	מקליט פגישות|Meeting Recorder
0701	פנקס תמלול — 7	Transcript Pad 7	פנקס תמלול|Transcript Pad
0702	כיס תרגום — 7	Translate Pocket 7	כיס תרגום|Translate Pocket
0703	שולחן מילון — 7	Dictionary Desk 7	שולחן מילון|Dictionary Desk
0704	מעבדת דקדוק — 7	Grammar Lab 7	מעבדת דקדוק|Grammar Lab
0705	חדר כתיבה — 7	Writing Room 7	חדר כתיבה|Writing Room
0706	חדר קריאה — 7	Reading Room 7	חדר קריאה|Reading Room
0707	שולחן ציטוטים — 7	Citation Desk 7	שולחן ציטוטים|Citation Desk
0708	פנקס מחקר — 7	Research Pad 7	פנקס מחקר|Research Pad
0709	לוח פרויקט — 7	Project Board 7	לוח פרויקט|Project Board
0710	ערימת רעיונות — 7	Idea Stack 7	ערימת רעיונות|Idea Stack
0711	מפת חשיבה — 7	Mind Map 7	מפת חשיבה|Mind Map
0712	מרכז רשימות — 7	Checklist Hub 7	מרכז רשימות|Checklist Hub
0713	גינת הרגלים — 7	Habit Garden 7	גינת הרגלים|Habit Garden
0714	יומן מצב רוח — 7	Mood Journal 7	יומן מצב רוח|Mood Journal
0715	מעקב מים — 7	Water Tracker 7	מעקב מים|Water Tracker
0716	תזכורת תרופות — 7	Medicine Reminder 7	תזכורת תרופות|Medicine Reminder
0717	קופסת בטיחות — 7	Safety Box 7	קופסת בטיחות|Safety Box
0718	שולחן פרטיות — 7	Privacy Desk 7	שולחן פרטיות|Privacy Desk
0719	מדריך גישה — 7	Access Guide 7	מדריך גישה|Access Guide
0720	מפת הרשאות — 7	Permission Map 7	מפת הרשאות|Permission Map
0721	מדף אפליקציות — 7	App Shelf 7	מדף אפליקציות|App Shelf
0722	מחברת תקציב — 8	Pocket Ledger 8	מחברת תקציב|Pocket Ledger
0723	מצפן מסלולים — 8	Trail Compass 8	מצפן מסלולים|Trail Compass
0724	שולחן לימוד — 8	Study Desk 8	שולחן לימוד|Study Desk
0725	מזווה הבית — 8	Home Pantry 8	מזווה הבית|Home Pantry
0726	כספת צילום — 8	Photo Vault 8	כספת צילום|Photo Vault
0727	יומן קולי — 8	Voice Journal 8	יומן קולי|Voice Journal
0728	טייס תקציב — 8	Budget Pilot 8	טייס תקציב|Budget Pilot
0729	טיימר שינה — 8	Sleep Timer 8	טיימר שינה|Sleep Timer
0730	שומר צמחים — 8	Plant Keeper 8	שומר צמחים|Plant Keeper
0731	מדף מתכונים — 8	Recipe Shelf 8	מדף מתכונים|Recipe Shelf
0732	מחברת טיולים — 8	Travel Notebook 8	מחברת טיולים|Travel Notebook
0733	יומן אימונים — 8	Workout Log 8	יומן אימונים|Workout Log
0734	כיס קוד — 8	Code Pocket 8	כיס קוד|Code Pocket
0735	מדף ספרים — 8	Book Shelf 8	מדף ספרים|Book Shelf
0736	תור מוזיקה — 8	Music Queue 8	תור מוזיקה|Music Queue
0737	מעקב מזג אוויר — 8	Weather Watch 8	מעקב מזג אוויר|Weather Watch
0738	לוח המשפחה — 8	Family Board 8	לוח המשפחה|Family Board
0739	גינת משימות — 8	Task Garden 8	גינת משימות|Task Garden
0740	ארון קבצים — 8	File Cabinet 8	ארון קבצים|File Cabinet
0741	ניטור מכשיר — 8	Device Monitor 8	ניטור מכשיר|Device Monitor
0742	פנקס פגישות — 8	Meeting Pad 8	פנקס פגישות|Meeting Pad
0743	שולחן חשבוניות — 8	Invoice Desk 8	שולחן חשבוניות|Invoice Desk
0744	כרטיסי שפה — 8	Language Cards 8	כרטיסי שפה|Language Cards
0745	סטודיו סקיצה — 8	Sketch Studio 8	סטודיו סקיצה|Sketch Studio
0746	חדר מיקוד — 8	Focus Room 8	חדר מיקוד|Focus Room
0747	מתכנן יומי — 8	Daily Planner 8	מתכנן יומי|Daily Planner
0748	מפת כיס — 8	Map Pocket 8	מפת כיס|Map Pocket
0749	תקציר חדשות — 8	News Digest 8	תקציר חדשות|News Digest
0750	לוקר סיסמאות — 8	Password Locker 8	לוקר סיסמאות|Password Locker
0751	פתקי ענן — 8	Cloud Notes 8	פתקי ענן|Cloud Notes
0752	ספר הוצאות — 8	Expense Book 8	ספר הוצאות|Expense Book
0753	מתכנן ארוחות — 8	Meal Planner 8	מתכנן ארוחות|Meal Planner
0754	יומן רכב — 8	Car Log 8	יומן רכב|Car Log
0755	מדריך גינה — 8	Garden Guide 8	מדריך גינה|Garden Guide
0756	יומן חיית מחמד — 8	Pet Journal 8	יומן חיית מחמד|Pet Journal
0757	מעבדת מתמטיקה — 8	Math Lab 8	מעבדת מתמטיקה|Math Lab
0758	כרטיסי מדע — 8	Science Cards 8	כרטיסי מדע|Science Cards
0759	אטלס היסטוריה — 8	History Atlas 8	אטלס היסטוריה|History Atlas
0760	בונה מילים — 8	Word Builder 8	בונה מילים|Word Builder
0761	מאמן זיכרון — 8	Memory Trainer 8	מאמן זיכרון|Memory Trainer
0762	קורא כרטיסים — 8	Flash Reader 8	קורא כרטיסים|Flash Reader
0763	שולחן PDF — 8	PDF Desk 8	שולחן PDF|PDF Desk
0764	מדף מסמכים — 8	Document Shelf 8	מדף מסמכים|Document Shelf
0765	ערכת QR — 8	QR Toolkit 8	ערכת QR|QR Toolkit
0766	מרכז סריקה — 8	Scanner Hub 8	מרכז סריקה|Scanner Hub
0767	קופסת ברקודים — 8	Barcode Box 8	קופסת ברקודים|Barcode Box
0768	לוח העתקה — 8	Clipboard Pro 8	לוח העתקה|Clipboard Pro
0769	חפיסת שלט — 8	Remote Deck 8	חפיסת שלט|Remote Deck
0770	שולחן מדפסות — 8	Printer Desk 8	שולחן מדפסות|Printer Desk
0771	תאורת בית — 8	Home Lights 8	תאורת בית|Home Lights
0772	אקלים חדר — 8	Room Climate 8	אקלים חדר|Room Climate
0773	רשימת דלתות — 8	Door List 8	רשימת דלתות|Door List
0774	לוח אזעקות — 8	Alarm Board 8	לוח אזעקות|Alarm Board
0775	קופסת טיימרים — 8	Timer Box 8	קופסת טיימרים|Timer Box
0776	פנקס לוח שנה — 8	Calendar Pad 8	פנקס לוח שנה|Calendar Pad
0777	ספר אנשי קשר — 8	Contact Book 8	ספר אנשי קשר|Contact Book
0778	רשימות שיחה — 8	Call Notes 8	רשימות שיחה|Call Notes
0779	שולחן הודעות — 8	Message Desk 8	שולחן הודעות|Message Desk
0780	כיס דואר — 8	Mail Pocket 8	כיס דואר|Mail Pocket
0781	מדף דפדפן — 8	Browser Shelf 8	מדף דפדפן|Browser Shelf
0782	שומר קישורים — 8	Link Keeper 8	שומר קישורים|Link Keeper
0783	קופסת סימניות — 8	Bookmark Box 8	קופסת סימניות|Bookmark Box
0784	שולחן הורדות — 8	Download Desk 8	שולחן הורדות|Download Desk
0785	קופסת העלאות — 8	Upload Box 8	קופסת העלאות|Upload Box
0786	עדשת אחסון — 8	Storage Lens 8	עדשת אחסון|Storage Lens
0787	מעקב סוללה — 8	Battery Watch 8	מעקב סוללה|Battery Watch
0788	מד עוצמת אות — 8	Signal Meter 8	מד עוצמת אות|Signal Meter
0789	שולחן רשת — 8	Network Desk 8	שולחן רשת|Network Desk
0790	מרכז Bluetooth — 8	Bluetooth Hub 8	מרכז Bluetooth|Bluetooth Hub
0791	מדריך WiFi — 8	WiFi Guide 8	מדריך WiFi|WiFi Guide
0792	לוח נקודה חמה — 8	Hotspot Panel 8	לוח נקודה חמה|Hotspot Panel
0793	שידור מסך — 8	Screen Cast 8	שידור מסך|Screen Cast
0794	שלט מדיה — 8	Media Remote 8	שלט מדיה|Media Remote
0795	חפיסת שמע — 8	Audio Deck 8	חפיסת שמע|Audio Deck
0796	מדף וידאו — 8	Video Shelf 8	מדף וידאו|Video Shelf
0797	כיס רדיו — 8	Radio Pocket 8	כיס רדיו|Radio Pocket
0798	שולחן פודקאסט — 8	Podcast Desk 8	שולחן פודקאסט|Podcast Desk
0799	הערות מצלמה — 8	Camera Notes 8	הערות מצלמה|Camera Notes
0800	ממיין גלריה — 8	Gallery Sorter 8	ממיין גלריה|Gallery Sorter
0801	קופסת צילומי מסך — 8	Screenshot Box 8	קופסת צילומי מסך|Screenshot Box
0802	חדר הקלטות — 8	Recorder Room 8	חדר הקלטות|Recorder Room
0803	מקליט פגישות — 8	Meeting Recorder 8	מקליט פגישות|Meeting Recorder
0804	פנקס תמלול — 8	Transcript Pad 8	פנקס תמלול|Transcript Pad
0805	כיס תרגום — 8	Translate Pocket 8	כיס תרגום|Translate Pocket
0806	שולחן מילון — 8	Dictionary Desk 8	שולחן מילון|Dictionary Desk
0807	מעבדת דקדוק — 8	Grammar Lab 8	מעבדת דקדוק|Grammar Lab
0808	חדר כתיבה — 8	Writing Room 8	חדר כתיבה|Writing Room
0809	חדר קריאה — 8	Reading Room 8	חדר קריאה|Reading Room
0810	שולחן ציטוטים — 8	Citation Desk 8	שולחן ציטוטים|Citation Desk
0811	פנקס מחקר — 8	Research Pad 8	פנקס מחקר|Research Pad
0812	לוח פרויקט — 8	Project Board 8	לוח פרויקט|Project Board
0813	ערימת רעיונות — 8	Idea Stack 8	ערימת רעיונות|Idea Stack
0814	מפת חשיבה — 8	Mind Map 8	מפת חשיבה|Mind Map
0815	מרכז רשימות — 8	Checklist Hub 8	מרכז רשימות|Checklist Hub
0816	גינת הרגלים — 8	Habit Garden 8	גינת הרגלים|Habit Garden
0817	יומן מצב רוח — 8	Mood Journal 8	יומן מצב רוח|Mood Journal
0818	מעקב מים — 8	Water Tracker 8	מעקב מים|Water Tracker
0819	תזכורת תרופות — 8	Medicine Reminder 8	תזכורת תרופות|Medicine Reminder
0820	קופסת בטיחות — 8	Safety Box 8	קופסת בטיחות|Safety Box
0821	שולחן פרטיות — 8	Privacy Desk 8	שולחן פרטיות|Privacy Desk
0822	מדריך גישה — 8	Access Guide 8	מדריך גישה|Access Guide
0823	מפת הרשאות — 8	Permission Map 8	מפת הרשאות|Permission Map
0824	מדף אפליקציות — 8	App Shelf 8	מדף אפליקציות|App Shelf
0825	מחברת תקציב — 9	Pocket Ledger 9	מחברת תקציב|Pocket Ledger
0826	מצפן מסלולים — 9	Trail Compass 9	מצפן מסלולים|Trail Compass
0827	שולחן לימוד — 9	Study Desk 9	שולחן לימוד|Study Desk
0828	מזווה הבית — 9	Home Pantry 9	מזווה הבית|Home Pantry
0829	כספת צילום — 9	Photo Vault 9	כספת צילום|Photo Vault
0830	יומן קולי — 9	Voice Journal 9	יומן קולי|Voice Journal
0831	טייס תקציב — 9	Budget Pilot 9	טייס תקציב|Budget Pilot
0832	טיימר שינה — 9	Sleep Timer 9	טיימר שינה|Sleep Timer
0833	שומר צמחים — 9	Plant Keeper 9	שומר צמחים|Plant Keeper
0834	מדף מתכונים — 9	Recipe Shelf 9	מדף מתכונים|Recipe Shelf
0835	מחברת טיולים — 9	Travel Notebook 9	מחברת טיולים|Travel Notebook
0836	יומן אימונים — 9	Workout Log 9	יומן אימונים|Workout Log
0837	כיס קוד — 9	Code Pocket 9	כיס קוד|Code Pocket
0838	מדף ספרים — 9	Book Shelf 9	מדף ספרים|Book Shelf
0839	תור מוזיקה — 9	Music Queue 9	תור מוזיקה|Music Queue
0840	מעקב מזג אוויר — 9	Weather Watch 9	מעקב מזג אוויר|Weather Watch
0841	לוח המשפחה — 9	Family Board 9	לוח המשפחה|Family Board
0842	גינת משימות — 9	Task Garden 9	גינת משימות|Task Garden
0843	ארון קבצים — 9	File Cabinet 9	ארון קבצים|File Cabinet
0844	ניטור מכשיר — 9	Device Monitor 9	ניטור מכשיר|Device Monitor
0845	פנקס פגישות — 9	Meeting Pad 9	פנקס פגישות|Meeting Pad
0846	שולחן חשבוניות — 9	Invoice Desk 9	שולחן חשבוניות|Invoice Desk
0847	כרטיסי שפה — 9	Language Cards 9	כרטיסי שפה|Language Cards
0848	סטודיו סקיצה — 9	Sketch Studio 9	סטודיו סקיצה|Sketch Studio
0849	חדר מיקוד — 9	Focus Room 9	חדר מיקוד|Focus Room
0850	מתכנן יומי — 9	Daily Planner 9	מתכנן יומי|Daily Planner
0851	מפת כיס — 9	Map Pocket 9	מפת כיס|Map Pocket
0852	תקציר חדשות — 9	News Digest 9	תקציר חדשות|News Digest
0853	לוקר סיסמאות — 9	Password Locker 9	לוקר סיסמאות|Password Locker
0854	פתקי ענן — 9	Cloud Notes 9	פתקי ענן|Cloud Notes
0855	ספר הוצאות — 9	Expense Book 9	ספר הוצאות|Expense Book
0856	מתכנן ארוחות — 9	Meal Planner 9	מתכנן ארוחות|Meal Planner
0857	יומן רכב — 9	Car Log 9	יומן רכב|Car Log
0858	מדריך גינה — 9	Garden Guide 9	מדריך גינה|Garden Guide
0859	יומן חיית מחמד — 9	Pet Journal 9	יומן חיית מחמד|Pet Journal
0860	מעבדת מתמטיקה — 9	Math Lab 9	מעבדת מתמטיקה|Math Lab
0861	כרטיסי מדע — 9	Science Cards 9	כרטיסי מדע|Science Cards
0862	אטלס היסטוריה — 9	History Atlas 9	אטלס היסטוריה|History Atlas
0863	בונה מילים — 9	Word Builder 9	בונה מילים|Word Builder
0864	מאמן זיכרון — 9	Memory Trainer 9	מאמן זיכרון|Memory Trainer
0865	קורא כרטיסים — 9	Flash Reader 9	קורא כרטיסים|Flash Reader
0866	שולחן PDF — 9	PDF Desk 9	שולחן PDF|PDF Desk
0867	מדף מסמכים — 9	Document Shelf 9	מדף מסמכים|Document Shelf
0868	ערכת QR — 9	QR Toolkit 9	ערכת QR|QR Toolkit
0869	מרכז סריקה — 9	Scanner Hub 9	מרכז סריקה|Scanner Hub
0870	קופסת ברקודים — 9	Barcode Box 9	קופסת ברקודים|Barcode Box
0871	לוח העתקה — 9	Clipboard Pro 9	לוח העתקה|Clipboard Pro
0872	חפיסת שלט — 9	Remote Deck 9	חפיסת שלט|Remote Deck
0873	שולחן מדפסות — 9	Printer Desk 9	שולחן מדפסות|Printer Desk
0874	תאורת בית — 9	Home Lights 9	תאורת בית|Home Lights
0875	אקלים חדר — 9	Room Climate 9	אקלים חדר|Room Climate
0876	רשימת דלתות — 9	Door List 9	רשימת דלתות|Door List
0877	לוח אזעקות — 9	Alarm Board 9	לוח אזעקות|Alarm Board
0878	קופסת טיימרים — 9	Timer Box 9	קופסת טיימרים|Timer Box
0879	פנקס לוח שנה — 9	Calendar Pad 9	פנקס לוח שנה|Calendar Pad
0880	ספר אנשי קשר — 9	Contact Book 9	ספר אנשי קשר|Contact Book
0881	רשימות שיחה — 9	Call Notes 9	רשימות שיחה|Call Notes
0882	שולחן הודעות — 9	Message Desk 9	שולחן הודעות|Message Desk
0883	כיס דואר — 9	Mail Pocket 9	כיס דואר|Mail Pocket
0884	מדף דפדפן — 9	Browser Shelf 9	מדף דפדפן|Browser Shelf
0885	שומר קישורים — 9	Link Keeper 9	שומר קישורים|Link Keeper
0886	קופסת סימניות — 9	Bookmark Box 9	קופסת סימניות|Bookmark Box
0887	שולחן הורדות — 9	Download Desk 9	שולחן הורדות|Download Desk
0888	קופסת העלאות — 9	Upload Box 9	קופסת העלאות|Upload Box
0889	עדשת אחסון — 9	Storage Lens 9	עדשת אחסון|Storage Lens
0890	מעקב סוללה — 9	Battery Watch 9	מעקב סוללה|Battery Watch
0891	מד עוצמת אות — 9	Signal Meter 9	מד עוצמת אות|Signal Meter
0892	שולחן רשת — 9	Network Desk 9	שולחן רשת|Network Desk
0893	מרכז Bluetooth — 9	Bluetooth Hub 9	מרכז Bluetooth|Bluetooth Hub
0894	מדריך WiFi — 9	WiFi Guide 9	מדריך WiFi|WiFi Guide
0895	לוח נקודה חמה — 9	Hotspot Panel 9	לוח נקודה חמה|Hotspot Panel
0896	שידור מסך — 9	Screen Cast 9	שידור מסך|Screen Cast
0897	שלט מדיה — 9	Media Remote 9	שלט מדיה|Media Remote
0898	חפיסת שמע — 9	Audio Deck 9	חפיסת שמע|Audio Deck
0899	מדף וידאו — 9	Video Shelf 9	מדף וידאו|Video Shelf
0900	כיס רדיו — 9	Radio Pocket 9	כיס רדיו|Radio Pocket
0901	שולחן פודקאסט — 9	Podcast Desk 9	שולחן פודקאסט|Podcast Desk
0902	הערות מצלמה — 9	Camera Notes 9	הערות מצלמה|Camera Notes
0903	ממיין גלריה — 9	Gallery Sorter 9	ממיין גלריה|Gallery Sorter
0904	קופסת צילומי מסך — 9	Screenshot Box 9	קופסת צילומי מסך|Screenshot Box
0905	חדר הקלטות — 9	Recorder Room 9	חדר הקלטות|Recorder Room
0906	מקליט פגישות — 9	Meeting Recorder 9	מקליט פגישות|Meeting Recorder
0907	פנקס תמלול — 9	Transcript Pad 9	פנקס תמלול|Transcript Pad
0908	כיס תרגום — 9	Translate Pocket 9	כיס תרגום|Translate Pocket
0909	שולחן מילון — 9	Dictionary Desk 9	שולחן מילון|Dictionary Desk
0910	מעבדת דקדוק — 9	Grammar Lab 9	מעבדת דקדוק|Grammar Lab
0911	חדר כתיבה — 9	Writing Room 9	חדר כתיבה|Writing Room
0912	חדר קריאה — 9	Reading Room 9	חדר קריאה|Reading Room
0913	שולחן ציטוטים — 9	Citation Desk 9	שולחן ציטוטים|Citation Desk
0914	פנקס מחקר — 9	Research Pad 9	פנקס מחקר|Research Pad
0915	לוח פרויקט — 9	Project Board 9	לוח פרויקט|Project Board
0916	ערימת רעיונות — 9	Idea Stack 9	ערימת רעיונות|Idea Stack
0917	מפת חשיבה — 9	Mind Map 9	מפת חשיבה|Mind Map
0918	מרכז רשימות — 9	Checklist Hub 9	מרכז רשימות|Checklist Hub
0919	גינת הרגלים — 9	Habit Garden 9	גינת הרגלים|Habit Garden
0920	יומן מצב רוח — 9	Mood Journal 9	יומן מצב רוח|Mood Journal
0921	מעקב מים — 9	Water Tracker 9	מעקב מים|Water Tracker
0922	תזכורת תרופות — 9	Medicine Reminder 9	תזכורת תרופות|Medicine Reminder
0923	קופסת בטיחות — 9	Safety Box 9	קופסת בטיחות|Safety Box
0924	שולחן פרטיות — 9	Privacy Desk 9	שולחן פרטיות|Privacy Desk
0925	מדריך גישה — 9	Access Guide 9	מדריך גישה|Access Guide
0926	מפת הרשאות — 9	Permission Map 9	מפת הרשאות|Permission Map
0927	מדף אפליקציות — 9	App Shelf 9	מדף אפליקציות|App Shelf
0928	מחברת תקציב — 10	Pocket Ledger 10	מחברת תקציב|Pocket Ledger
0929	מצפן מסלולים — 10	Trail Compass 10	מצפן מסלולים|Trail Compass
0930	שולחן לימוד — 10	Study Desk 10	שולחן לימוד|Study Desk
0931	מזווה הבית — 10	Home Pantry 10	מזווה הבית|Home Pantry
0932	כספת צילום — 10	Photo Vault 10	כספת צילום|Photo Vault
0933	יומן קולי — 10	Voice Journal 10	יומן קולי|Voice Journal
0934	טייס תקציב — 10	Budget Pilot 10	טייס תקציב|Budget Pilot
0935	טיימר שינה — 10	Sleep Timer 10	טיימר שינה|Sleep Timer
0936	שומר צמחים — 10	Plant Keeper 10	שומר צמחים|Plant Keeper
0937	מדף מתכונים — 10	Recipe Shelf 10	מדף מתכונים|Recipe Shelf
0938	מחברת טיולים — 10	Travel Notebook 10	מחברת טיולים|Travel Notebook
0939	יומן אימונים — 10	Workout Log 10	יומן אימונים|Workout Log
0940	כיס קוד — 10	Code Pocket 10	כיס קוד|Code Pocket
0941	מדף ספרים — 10	Book Shelf 10	מדף ספרים|Book Shelf
0942	תור מוזיקה — 10	Music Queue 10	תור מוזיקה|Music Queue
0943	מעקב מזג אוויר — 10	Weather Watch 10	מעקב מזג אוויר|Weather Watch
0944	לוח המשפחה — 10	Family Board 10	לוח המשפחה|Family Board
0945	גינת משימות — 10	Task Garden 10	גינת משימות|Task Garden
0946	ארון קבצים — 10	File Cabinet 10	ארון קבצים|File Cabinet
0947	ניטור מכשיר — 10	Device Monitor 10	ניטור מכשיר|Device Monitor
0948	פנקס פגישות — 10	Meeting Pad 10	פנקס פגישות|Meeting Pad
0949	שולחן חשבוניות — 10	Invoice Desk 10	שולחן חשבוניות|Invoice Desk
0950	כרטיסי שפה — 10	Language Cards 10	כרטיסי שפה|Language Cards
0951	סטודיו סקיצה — 10	Sketch Studio 10	סטודיו סקיצה|Sketch Studio
0952	חדר מיקוד — 10	Focus Room 10	חדר מיקוד|Focus Room
0953	מתכנן יומי — 10	Daily Planner 10	מתכנן יומי|Daily Planner
0954	מפת כיס — 10	Map Pocket 10	מפת כיס|Map Pocket
0955	תקציר חדשות — 10	News Digest 10	תקציר חדשות|News Digest
0956	לוקר סיסמאות — 10	Password Locker 10	לוקר סיסמאות|Password Locker
0957	פתקי ענן — 10	Cloud Notes 10	פתקי ענן|Cloud Notes
0958	ספר הוצאות — 10	Expense Book 10	ספר הוצאות|Expense Book
0959	מתכנן ארוחות — 10	Meal Planner 10	מתכנן ארוחות|Meal Planner
0960	יומן רכב — 10	Car Log 10	יומן רכב|Car Log
0961	מדריך גינה — 10	Garden Guide 10	מדריך גינה|Garden Guide
0962	יומן חיית מחמד — 10	Pet Journal 10	יומן חיית מחמד|Pet Journal
0963	מעבדת מתמטיקה — 10	Math Lab 10	מעבדת מתמטיקה|Math Lab
0964	כרטיסי מדע — 10	Science Cards 10	כרטיסי מדע|Science Cards
0965	אטלס היסטוריה — 10	History Atlas 10	אטלס היסטוריה|History Atlas
0966	בונה מילים — 10	Word Builder 10	בונה מילים|Word Builder
0967	מאמן זיכרון — 10	Memory Trainer 10	מאמן זיכרון|Memory Trainer
0968	קורא כרטיסים — 10	Flash Reader 10	קורא כרטיסים|Flash Reader
0969	שולחן PDF — 10	PDF Desk 10	שולחן PDF|PDF Desk
0970	מדף מסמכים — 10	Document Shelf 10	מדף מסמכים|Document Shelf
0971	ערכת QR — 10	QR Toolkit 10	ערכת QR|QR Toolkit
0972	מרכז סריקה — 10	Scanner Hub 10	מרכז סריקה|Scanner Hub
0973	קופסת ברקודים — 10	Barcode Box 10	קופסת ברקודים|Barcode Box
0974	לוח העתקה — 10	Clipboard Pro 10	לוח העתקה|Clipboard Pro
0975	חפיסת שלט — 10	Remote Deck 10	חפיסת שלט|Remote Deck
0976	שולחן מדפסות — 10	Printer Desk 10	שולחן מדפסות|Printer Desk
0977	תאורת בית — 10	Home Lights 10	תאורת בית|Home Lights
0978	אקלים חדר — 10	Room Climate 10	אקלים חדר|Room Climate
0979	רשימת דלתות — 10	Door List 10	רשימת דלתות|Door List
0980	לוח אזעקות — 10	Alarm Board 10	לוח אזעקות|Alarm Board
0981	קופסת טיימרים — 10	Timer Box 10	קופסת טיימרים|Timer Box
0982	פנקס לוח שנה — 10	Calendar Pad 10	פנקס לוח שנה|Calendar Pad
0983	ספר אנשי קשר — 10	Contact Book 10	ספר אנשי קשר|Contact Book
0984	רשימות שיחה — 10	Call Notes 10	רשימות שיחה|Call Notes
0985	שולחן הודעות — 10	Message Desk 10	שולחן הודעות|Message Desk
0986	כיס דואר — 10	Mail Pocket 10	כיס דואר|Mail Pocket
0987	מדף דפדפן — 10	Browser Shelf 10	מדף דפדפן|Browser Shelf
0988	שומר קישורים — 10	Link Keeper 10	שומר קישורים|Link Keeper
0989	קופסת סימניות — 10	Bookmark Box 10	קופסת סימניות|Bookmark Box
0990	שולחן הורדות — 10	Download Desk 10	שולחן הורדות|Download Desk
0991	קופסת העלאות — 10	Upload Box 10	קופסת העלאות|Upload Box
0992	עדשת אחסון — 10	Storage Lens 10	עדשת אחסון|Storage Lens
0993	מעקב סוללה — 10	Battery Watch 10	מעקב סוללה|Battery Watch
0994	מד עוצמת אות — 10	Signal Meter 10	מד עוצמת אות|Signal Meter
0995	שולחן רשת — 10	Network Desk 10	שולחן רשת|Network Desk
0996	מרכז Bluetooth — 10	Bluetooth Hub 10	מרכז Bluetooth|Bluetooth Hub
0997	מדריך WiFi — 10	WiFi Guide 10	מדריך WiFi|WiFi Guide
0998	לוח נקודה חמה — 10	Hotspot Panel 10	לוח נקודה חמה|Hotspot Panel
0999	שידור מסך — 10	Screen Cast 10	שידור מסך|Screen Cast
1000	שלט מדיה — 10	Media Remote 10	שלט מדיה|Media Remote
1001	חפיסת שמע — 10	Audio Deck 10	חפיסת שמע|Audio Deck
1002	מדף וידאו — 10	Video Shelf 10	מדף וידאו|Video Shelf
1003	כיס רדיו — 10	Radio Pocket 10	כיס רדיו|Radio Pocket
1004	שולחן פודקאסט — 10	Podcast Desk 10	שולחן פודקאסט|Podcast Desk
1005	הערות מצלמה — 10	Camera Notes 10	הערות מצלמה|Camera Notes
1006	ממיין גלריה — 10	Gallery Sorter 10	ממיין גלריה|Gallery Sorter
1007	קופסת צילומי מסך — 10	Screenshot Box 10	קופסת צילומי מסך|Screenshot Box
1008	חדר הקלטות — 10	Recorder Room 10	חדר הקלטות|Recorder Room
1009	מקליט פגישות — 10	Meeting Recorder 10	מקליט פגישות|Meeting Recorder
1010	פנקס תמלול — 10	Transcript Pad 10	פנקס תמלול|Transcript Pad
1011	כיס תרגום — 10	Translate Pocket 10	כיס תרגום|Translate Pocket
1012	שולחן מילון — 10	Dictionary Desk 10	שולחן מילון|Dictionary Desk
1013	מעבדת דקדוק — 10	Grammar Lab 10	מעבדת דקדוק|Grammar Lab
1014	חדר כתיבה — 10	Writing Room 10	חדר כתיבה|Writing Room
1015	חדר קריאה — 10	Reading Room 10	חדר קריאה|Reading Room
1016	שולחן ציטוטים — 10	Citation Desk 10	שולחן ציטוטים|Citation Desk
1017	פנקס מחקר — 10	Research Pad 10	פנקס מחקר|Research Pad
1018	לוח פרויקט — 10	Project Board 10	לוח פרויקט|Project Board
1019	ערימת רעיונות — 10	Idea Stack 10	ערימת רעיונות|Idea Stack
1020	מפת חשיבה — 10	Mind Map 10	מפת חשיבה|Mind Map
1021	מרכז רשימות — 10	Checklist Hub 10	מרכז רשימות|Checklist Hub
1022	גינת הרגלים — 10	Habit Garden 10	גינת הרגלים|Habit Garden
1023	יומן מצב רוח — 10	Mood Journal 10	יומן מצב רוח|Mood Journal
1024	מעקב מים — 10	Water Tracker 10	מעקב מים|Water Tracker
1025	תזכורת תרופות — 10	Medicine Reminder 10	תזכורת תרופות|Medicine Reminder
1026	קופסת בטיחות — 10	Safety Box 10	קופסת בטיחות|Safety Box
1027	שולחן פרטיות — 10	Privacy Desk 10	שולחן פרטיות|Privacy Desk
1028	מדריך גישה — 10	Access Guide 10	מדריך גישה|Access Guide
1029	מפת הרשאות — 10	Permission Map 10	מפת הרשאות|Permission Map
1030	מדף אפליקציות — 10	App Shelf 10	מדף אפליקציות|App Shelf
1031	מחברת תקציב — 11	Pocket Ledger 11	מחברת תקציב|Pocket Ledger
1032	מצפן מסלולים — 11	Trail Compass 11	מצפן מסלולים|Trail Compass
1033	שולחן לימוד — 11	Study Desk 11	שולחן לימוד|Study Desk
1034	מזווה הבית — 11	Home Pantry 11	מזווה הבית|Home Pantry
1035	כספת צילום — 11	Photo Vault 11	כספת צילום|Photo Vault
1036	יומן קולי — 11	Voice Journal 11	יומן קולי|Voice Journal
1037	טייס תקציב — 11	Budget Pilot 11	טייס תקציב|Budget Pilot
1038	טיימר שינה — 11	Sleep Timer 11	טיימר שינה|Sleep Timer
1039	שומר צמחים — 11	Plant Keeper 11	שומר צמחים|Plant Keeper
1040	מדף מתכונים — 11	Recipe Shelf 11	מדף מתכונים|Recipe Shelf
1041	מחברת טיולים — 11	Travel Notebook 11	מחברת טיולים|Travel Notebook
1042	יומן אימונים — 11	Workout Log 11	יומן אימונים|Workout Log
1043	כיס קוד — 11	Code Pocket 11	כיס קוד|Code Pocket
1044	מדף ספרים — 11	Book Shelf 11	מדף ספרים|Book Shelf
1045	תור מוזיקה — 11	Music Queue 11	תור מוזיקה|Music Queue
1046	מעקב מזג אוויר — 11	Weather Watch 11	מעקב מזג אוויר|Weather Watch
1047	לוח המשפחה — 11	Family Board 11	לוח המשפחה|Family Board
1048	גינת משימות — 11	Task Garden 11	גינת משימות|Task Garden
1049	ארון קבצים — 11	File Cabinet 11	ארון קבצים|File Cabinet
1050	ניטור מכשיר — 11	Device Monitor 11	ניטור מכשיר|Device Monitor
1051	פנקס פגישות — 11	Meeting Pad 11	פנקס פגישות|Meeting Pad
1052	שולחן חשבוניות — 11	Invoice Desk 11	שולחן חשבוניות|Invoice Desk
1053	כרטיסי שפה — 11	Language Cards 11	כרטיסי שפה|Language Cards
1054	סטודיו סקיצה — 11	Sketch Studio 11	סטודיו סקיצה|Sketch Studio
1055	חדר מיקוד — 11	Focus Room 11	חדר מיקוד|Focus Room
1056	מתכנן יומי — 11	Daily Planner 11	מתכנן יומי|Daily Planner
1057	מפת כיס — 11	Map Pocket 11	מפת כיס|Map Pocket
1058	תקציר חדשות — 11	News Digest 11	תקציר חדשות|News Digest
1059	לוקר סיסמאות — 11	Password Locker 11	לוקר סיסמאות|Password Locker
1060	פתקי ענן — 11	Cloud Notes 11	פתקי ענן|Cloud Notes
1061	ספר הוצאות — 11	Expense Book 11	ספר הוצאות|Expense Book
1062	מתכנן ארוחות — 11	Meal Planner 11	מתכנן ארוחות|Meal Planner
1063	יומן רכב — 11	Car Log 11	יומן רכב|Car Log
1064	מדריך גינה — 11	Garden Guide 11	מדריך גינה|Garden Guide
1065	יומן חיית מחמד — 11	Pet Journal 11	יומן חיית מחמד|Pet Journal
1066	מעבדת מתמטיקה — 11	Math Lab 11	מעבדת מתמטיקה|Math Lab
1067	כרטיסי מדע — 11	Science Cards 11	כרטיסי מדע|Science Cards
1068	אטלס היסטוריה — 11	History Atlas 11	אטלס היסטוריה|History Atlas
1069	בונה מילים — 11	Word Builder 11	בונה מילים|Word Builder
1070	מאמן זיכרון — 11	Memory Trainer 11	מאמן זיכרון|Memory Trainer
1071	קורא כרטיסים — 11	Flash Reader 11	קורא כרטיסים|Flash Reader
1072	שולחן PDF — 11	PDF Desk 11	שולחן PDF|PDF Desk
1073	מדף מסמכים — 11	Document Shelf 11	מדף מסמכים|Document Shelf
1074	ערכת QR — 11	QR Toolkit 11	ערכת QR|QR Toolkit
1075	מרכז סריקה — 11	Scanner Hub 11	מרכז סריקה|Scanner Hub
1076	קופסת ברקודים — 11	Barcode Box 11	קופסת ברקודים|Barcode Box
1077	לוח העתקה — 11	Clipboard Pro 11	לוח העתקה|Clipboard Pro
1078	חפיסת שלט — 11	Remote Deck 11	חפיסת שלט|Remote Deck
1079	שולחן מדפסות — 11	Printer Desk 11	שולחן מדפסות|Printer Desk
1080	תאורת בית — 11	Home Lights 11	תאורת בית|Home Lights
1081	אקלים חדר — 11	Room Climate 11	אקלים חדר|Room Climate
1082	רשימת דלתות — 11	Door List 11	רשימת דלתות|Door List
1083	לוח אזעקות — 11	Alarm Board 11	לוח אזעקות|Alarm Board
1084	קופסת טיימרים — 11	Timer Box 11	קופסת טיימרים|Timer Box
1085	פנקס לוח שנה — 11	Calendar Pad 11	פנקס לוח שנה|Calendar Pad
1086	ספר אנשי קשר — 11	Contact Book 11	ספר אנשי קשר|Contact Book
1087	רשימות שיחה — 11	Call Notes 11	רשימות שיחה|Call Notes
1088	שולחן הודעות — 11	Message Desk 11	שולחן הודעות|Message Desk
1089	כיס דואר — 11	Mail Pocket 11	כיס דואר|Mail Pocket
1090	מדף דפדפן — 11	Browser Shelf 11	מדף דפדפן|Browser Shelf
1091	שומר קישורים — 11	Link Keeper 11	שומר קישורים|Link Keeper
1092	קופסת סימניות — 11	Bookmark Box 11	קופסת סימניות|Bookmark Box
1093	שולחן הורדות — 11	Download Desk 11	שולחן הורדות|Download Desk
1094	קופסת העלאות — 11	Upload Box 11	קופסת העלאות|Upload Box
1095	עדשת אחסון — 11	Storage Lens 11	עדשת אחסון|Storage Lens
1096	מעקב סוללה — 11	Battery Watch 11	מעקב סוללה|Battery Watch
1097	מד עוצמת אות — 11	Signal Meter 11	מד עוצמת אות|Signal Meter
1098	שולחן רשת — 11	Network Desk 11	שולחן רשת|Network Desk
1099	מרכז Bluetooth — 11	Bluetooth Hub 11	מרכז Bluetooth|Bluetooth Hub
1100	מדריך WiFi — 11	WiFi Guide 11	מדריך WiFi|WiFi Guide
1101	לוח נקודה חמה — 11	Hotspot Panel 11	לוח נקודה חמה|Hotspot Panel
1102	שידור מסך — 11	Screen Cast 11	שידור מסך|Screen Cast
1103	שלט מדיה — 11	Media Remote 11	שלט מדיה|Media Remote
1104	חפיסת שמע — 11	Audio Deck 11	חפיסת שמע|Audio Deck
1105	מדף וידאו — 11	Video Shelf 11	מדף וידאו|Video Shelf
1106	כיס רדיו — 11	Radio Pocket 11	כיס רדיו|Radio Pocket
1107	שולחן פודקאסט — 11	Podcast Desk 11	שולחן פודקאסט|Podcast Desk
1108	הערות מצלמה — 11	Camera Notes 11	הערות מצלמה|Camera Notes
1109	ממיין גלריה — 11	Gallery Sorter 11	ממיין גלריה|Gallery Sorter
1110	קופסת צילומי מסך — 11	Screenshot Box 11	קופסת צילומי מסך|Screenshot Box
1111	חדר הקלטות — 11	Recorder Room 11	חדר הקלטות|Recorder Room
1112	מקליט פגישות — 11	Meeting Recorder 11	מקליט פגישות|Meeting Recorder
1113	פנקס תמלול — 11	Transcript Pad 11	פנקס תמלול|Transcript Pad
1114	כיס תרגום — 11	Translate Pocket 11	כיס תרגום|Translate Pocket
1115	שולחן מילון — 11	Dictionary Desk 11	שולחן מילון|Dictionary Desk
1116	מעבדת דקדוק — 11	Grammar Lab 11	מעבדת דקדוק|Grammar Lab
1117	חדר כתיבה — 11	Writing Room 11	חדר כתיבה|Writing Room
1118	חדר קריאה — 11	Reading Room 11	חדר קריאה|Reading Room
1119	שולחן ציטוטים — 11	Citation Desk 11	שולחן ציטוטים|Citation Desk
1120	פנקס מחקר — 11	Research Pad 11	פנקס מחקר|Research Pad
1121	לוח פרויקט — 11	Project Board 11	לוח פרויקט|Project Board
1122	ערימת רעיונות — 11	Idea Stack 11	ערימת רעיונות|Idea Stack
1123	מפת חשיבה — 11	Mind Map 11	מפת חשיבה|Mind Map
1124	מרכז רשימות — 11	Checklist Hub 11	מרכז רשימות|Checklist Hub
1125	גינת הרגלים — 11	Habit Garden 11	גינת הרגלים|Habit Garden
1126	יומן מצב רוח — 11	Mood Journal 11	יומן מצב רוח|Mood Journal
1127	מעקב מים — 11	Water Tracker 11	מעקב מים|Water Tracker
1128	תזכורת תרופות — 11	Medicine Reminder 11	תזכורת תרופות|Medicine Reminder
1129	קופסת בטיחות — 11	Safety Box 11	קופסת בטיחות|Safety Box
1130	שולחן פרטיות — 11	Privacy Desk 11	שולחן פרטיות|Privacy Desk
1131	מדריך גישה — 11	Access Guide 11	מדריך גישה|Access Guide
1132	מפת הרשאות — 11	Permission Map 11	מפת הרשאות|Permission Map
1133	מדף אפליקציות — 11	App Shelf 11	מדף אפליקציות|App Shelf
1134	מחברת תקציב — 12	Pocket Ledger 12	מחברת תקציב|Pocket Ledger
1135	מצפן מסלולים — 12	Trail Compass 12	מצפן מסלולים|Trail Compass
1136	שולחן לימוד — 12	Study Desk 12	שולחן לימוד|Study Desk
1137	מזווה הבית — 12	Home Pantry 12	מזווה הבית|Home Pantry
1138	כספת צילום — 12	Photo Vault 12	כספת צילום|Photo Vault
1139	יומן קולי — 12	Voice Journal 12	יומן קולי|Voice Journal
1140	טייס תקציב — 12	Budget Pilot 12	טייס תקציב|Budget Pilot
1141	טיימר שינה — 12	Sleep Timer 12	טיימר שינה|Sleep Timer
1142	שומר צמחים — 12	Plant Keeper 12	שומר צמחים|Plant Keeper
1143	מדף מתכונים — 12	Recipe Shelf 12	מדף מתכונים|Recipe Shelf
1144	מחברת טיולים — 12	Travel Notebook 12	מחברת טיולים|Travel Notebook
1145	יומן אימונים — 12	Workout Log 12	יומן אימונים|Workout Log
1146	כיס קוד — 12	Code Pocket 12	כיס קוד|Code Pocket
1147	מדף ספרים — 12	Book Shelf 12	מדף ספרים|Book Shelf
1148	תור מוזיקה — 12	Music Queue 12	תור מוזיקה|Music Queue
1149	מעקב מזג אוויר — 12	Weather Watch 12	מעקב מזג אוויר|Weather Watch
1150	לוח המשפחה — 12	Family Board 12	לוח המשפחה|Family Board
1151	גינת משימות — 12	Task Garden 12	גינת משימות|Task Garden
1152	ארון קבצים — 12	File Cabinet 12	ארון קבצים|File Cabinet
1153	ניטור מכשיר — 12	Device Monitor 12	ניטור מכשיר|Device Monitor
1154	פנקס פגישות — 12	Meeting Pad 12	פנקס פגישות|Meeting Pad
1155	שולחן חשבוניות — 12	Invoice Desk 12	שולחן חשבוניות|Invoice Desk
1156	כרטיסי שפה — 12	Language Cards 12	כרטיסי שפה|Language Cards
1157	סטודיו סקיצה — 12	Sketch Studio 12	סטודיו סקיצה|Sketch Studio
1158	חדר מיקוד — 12	Focus Room 12	חדר מיקוד|Focus Room
1159	מתכנן יומי — 12	Daily Planner 12	מתכנן יומי|Daily Planner
1160	מפת כיס — 12	Map Pocket 12	מפת כיס|Map Pocket
1161	תקציר חדשות — 12	News Digest 12	תקציר חדשות|News Digest
1162	לוקר סיסמאות — 12	Password Locker 12	לוקר סיסמאות|Password Locker
1163	פתקי ענן — 12	Cloud Notes 12	פתקי ענן|Cloud Notes
1164	ספר הוצאות — 12	Expense Book 12	ספר הוצאות|Expense Book
1165	מתכנן ארוחות — 12	Meal Planner 12	מתכנן ארוחות|Meal Planner
1166	יומן רכב — 12	Car Log 12	יומן רכב|Car Log
1167	מדריך גינה — 12	Garden Guide 12	מדריך גינה|Garden Guide
1168	יומן חיית מחמד — 12	Pet Journal 12	יומן חיית מחמד|Pet Journal
1169	מעבדת מתמטיקה — 12	Math Lab 12	מעבדת מתמטיקה|Math Lab
1170	כרטיסי מדע — 12	Science Cards 12	כרטיסי מדע|Science Cards
1171	אטלס היסטוריה — 12	History Atlas 12	אטלס היסטוריה|History Atlas
1172	בונה מילים — 12	Word Builder 12	בונה מילים|Word Builder
1173	מאמן זיכרון — 12	Memory Trainer 12	מאמן זיכרון|Memory Trainer
1174	קורא כרטיסים — 12	Flash Reader 12	קורא כרטיסים|Flash Reader
1175	שולחן PDF — 12	PDF Desk 12	שולחן PDF|PDF Desk
1176	מדף מסמכים — 12	Document Shelf 12	מדף מסמכים|Document Shelf
1177	ערכת QR — 12	QR Toolkit 12	ערכת QR|QR Toolkit
1178	מרכז סריקה — 12	Scanner Hub 12	מרכז סריקה|Scanner Hub
1179	קופסת ברקודים — 12	Barcode Box 12	קופסת ברקודים|Barcode Box
1180	לוח העתקה — 12	Clipboard Pro 12	לוח העתקה|Clipboard Pro
1181	חפיסת שלט — 12	Remote Deck 12	חפיסת שלט|Remote Deck
1182	שולחן מדפסות — 12	Printer Desk 12	שולחן מדפסות|Printer Desk
1183	תאורת בית — 12	Home Lights 12	תאורת בית|Home Lights
1184	אקלים חדר — 12	Room Climate 12	אקלים חדר|Room Climate
1185	רשימת דלתות — 12	Door List 12	רשימת דלתות|Door List
1186	לוח אזעקות — 12	Alarm Board 12	לוח אזעקות|Alarm Board
1187	קופסת טיימרים — 12	Timer Box 12	קופסת טיימרים|Timer Box
1188	פנקס לוח שנה — 12	Calendar Pad 12	פנקס לוח שנה|Calendar Pad
1189	ספר אנשי קשר — 12	Contact Book 12	ספר אנשי קשר|Contact Book
1190	רשימות שיחה — 12	Call Notes 12	רשימות שיחה|Call Notes
1191	שולחן הודעות — 12	Message Desk 12	שולחן הודעות|Message Desk
1192	כיס דואר — 12	Mail Pocket 12	כיס דואר|Mail Pocket
1193	מדף דפדפן — 12	Browser Shelf 12	מדף דפדפן|Browser Shelf
1194	שומר קישורים — 12	Link Keeper 12	שומר קישורים|Link Keeper
1195	קופסת סימניות — 12	Bookmark Box 12	קופסת סימניות|Bookmark Box
1196	שולחן הורדות — 12	Download Desk 12	שולחן הורדות|Download Desk
1197	קופסת העלאות — 12	Upload Box 12	קופסת העלאות|Upload Box
1198	עדשת אחסון — 12	Storage Lens 12	עדשת אחסון|Storage Lens
1199	מעקב סוללה — 12	Battery Watch 12	מעקב סוללה|Battery Watch
1200	מד עוצמת אות — 12	Signal Meter 12	מד עוצמת אות|Signal Meter
1201	שולחן רשת — 12	Network Desk 12	שולחן רשת|Network Desk
1202	מרכז Bluetooth — 12	Bluetooth Hub 12	מרכז Bluetooth|Bluetooth Hub
1203	מדריך WiFi — 12	WiFi Guide 12	מדריך WiFi|WiFi Guide
1204	לוח נקודה חמה — 12	Hotspot Panel 12	לוח נקודה חמה|Hotspot Panel
1205	שידור מסך — 12	Screen Cast 12	שידור מסך|Screen Cast
1206	שלט מדיה — 12	Media Remote 12	שלט מדיה|Media Remote
1207	חפיסת שמע — 12	Audio Deck 12	חפיסת שמע|Audio Deck
1208	מדף וידאו — 12	Video Shelf 12	מדף וידאו|Video Shelf
1209	כיס רדיו — 12	Radio Pocket 12	כיס רדיו|Radio Pocket
1210	שולחן פודקאסט — 12	Podcast Desk 12	שולחן פודקאסט|Podcast Desk
1211	הערות מצלמה — 12	Camera Notes 12	הערות מצלמה|Camera Notes
1212	ממיין גלריה — 12	Gallery Sorter 12	ממיין גלריה|Gallery Sorter
1213	קופסת צילומי מסך — 12	Screenshot Box 12	קופסת צילומי מסך|Screenshot Box
1214	חדר הקלטות — 12	Recorder Room 12	חדר הקלטות|Recorder Room
1215	מקליט פגישות — 12	Meeting Recorder 12	מקליט פגישות|Meeting Recorder
1216	פנקס תמלול — 12	Transcript Pad 12	פנקס תמלול|Transcript Pad
1217	כיס תרגום — 12	Translate Pocket 12	כיס תרגום|Translate Pocket
1218	שולחן מילון — 12	Dictionary Desk 12	שולחן מילון|Dictionary Desk
1219	מעבדת דקדוק — 12	Grammar Lab 12	מעבדת דקדוק|Grammar Lab
1220	חדר כתיבה — 12	Writing Room 12	חדר כתיבה|Writing Room
1221	חדר קריאה — 12	Reading Room 12	חדר קריאה|Reading Room
1222	שולחן ציטוטים — 12	Citation Desk 12	שולחן ציטוטים|Citation Desk
1223	פנקס מחקר — 12	Research Pad 12	פנקס מחקר|Research Pad
1224	לוח פרויקט — 12	Project Board 12	לוח פרויקט|Project Board
1225	ערימת רעיונות — 12	Idea Stack 12	ערימת רעיונות|Idea Stack
1226	מפת חשיבה — 12	Mind Map 12	מפת חשיבה|Mind Map
1227	מרכז רשימות — 12	Checklist Hub 12	מרכז רשימות|Checklist Hub
1228	גינת הרגלים — 12	Habit Garden 12	גינת הרגלים|Habit Garden
1229	יומן מצב רוח — 12	Mood Journal 12	יומן מצב רוח|Mood Journal
1230	מעקב מים — 12	Water Tracker 12	מעקב מים|Water Tracker
1231	תזכורת תרופות — 12	Medicine Reminder 12	תזכורת תרופות|Medicine Reminder
1232	קופסת בטיחות — 12	Safety Box 12	קופסת בטיחות|Safety Box
1233	שולחן פרטיות — 12	Privacy Desk 12	שולחן פרטיות|Privacy Desk
1234	מדריך גישה — 12	Access Guide 12	מדריך גישה|Access Guide
1235	מפת הרשאות — 12	Permission Map 12	מפת הרשאות|Permission Map
1236	מדף אפליקציות — 12	App Shelf 12	מדף אפליקציות|App Shelf
1237	מחברת תקציב — 13	Pocket Ledger 13	מחברת תקציב|Pocket Ledger
1238	מצפן מסלולים — 13	Trail Compass 13	מצפן מסלולים|Trail Compass
1239	שולחן לימוד — 13	Study Desk 13	שולחן לימוד|Study Desk
1240	מזווה הבית — 13	Home Pantry 13	מזווה הבית|Home Pantry
1241	כספת צילום — 13	Photo Vault 13	כספת צילום|Photo Vault
1242	יומן קולי — 13	Voice Journal 13	יומן קולי|Voice Journal
1243	טייס תקציב — 13	Budget Pilot 13	טייס תקציב|Budget Pilot
1244	טיימר שינה — 13	Sleep Timer 13	טיימר שינה|Sleep Timer
1245	שומר צמחים — 13	Plant Keeper 13	שומר צמחים|Plant Keeper
1246	מדף מתכונים — 13	Recipe Shelf 13	מדף מתכונים|Recipe Shelf
1247	מחברת טיולים — 13	Travel Notebook 13	מחברת טיולים|Travel Notebook
1248	יומן אימונים — 13	Workout Log 13	יומן אימונים|Workout Log
1249	כיס קוד — 13	Code Pocket 13	כיס קוד|Code Pocket
1250	מדף ספרים — 13	Book Shelf 13	מדף ספרים|Book Shelf
1251	תור מוזיקה — 13	Music Queue 13	תור מוזיקה|Music Queue
1252	מעקב מזג אוויר — 13	Weather Watch 13	מעקב מזג אוויר|Weather Watch
1253	לוח המשפחה — 13	Family Board 13	לוח המשפחה|Family Board
1254	גינת משימות — 13	Task Garden 13	גינת משימות|Task Garden
1255	ארון קבצים — 13	File Cabinet 13	ארון קבצים|File Cabinet
1256	ניטור מכשיר — 13	Device Monitor 13	ניטור מכשיר|Device Monitor
1257	פנקס פגישות — 13	Meeting Pad 13	פנקס פגישות|Meeting Pad
1258	שולחן חשבוניות — 13	Invoice Desk 13	שולחן חשבוניות|Invoice Desk
1259	כרטיסי שפה — 13	Language Cards 13	כרטיסי שפה|Language Cards
1260	סטודיו סקיצה — 13	Sketch Studio 13	סטודיו סקיצה|Sketch Studio
1261	חדר מיקוד — 13	Focus Room 13	חדר מיקוד|Focus Room
1262	מתכנן יומי — 13	Daily Planner 13	מתכנן יומי|Daily Planner
1263	מפת כיס — 13	Map Pocket 13	מפת כיס|Map Pocket
1264	תקציר חדשות — 13	News Digest 13	תקציר חדשות|News Digest
1265	לוקר סיסמאות — 13	Password Locker 13	לוקר סיסמאות|Password Locker
1266	פתקי ענן — 13	Cloud Notes 13	פתקי ענן|Cloud Notes
1267	ספר הוצאות — 13	Expense Book 13	ספר הוצאות|Expense Book
1268	מתכנן ארוחות — 13	Meal Planner 13	מתכנן ארוחות|Meal Planner
1269	יומן רכב — 13	Car Log 13	יומן רכב|Car Log
1270	מדריך גינה — 13	Garden Guide 13	מדריך גינה|Garden Guide
1271	יומן חיית מחמד — 13	Pet Journal 13	יומן חיית מחמד|Pet Journal
1272	מעבדת מתמטיקה — 13	Math Lab 13	מעבדת מתמטיקה|Math Lab
1273	כרטיסי מדע — 13	Science Cards 13	כרטיסי מדע|Science Cards
1274	אטלס היסטוריה — 13	History Atlas 13	אטלס היסטוריה|History Atlas
1275	בונה מילים — 13	Word Builder 13	בונה מילים|Word Builder
1276	מאמן זיכרון — 13	Memory Trainer 13	מאמן זיכרון|Memory Trainer
1277	קורא כרטיסים — 13	Flash Reader 13	קורא כרטיסים|Flash Reader
1278	שולחן PDF — 13	PDF Desk 13	שולחן PDF|PDF Desk
1279	מדף מסמכים — 13	Document Shelf 13	מדף מסמכים|Document Shelf
1280	ערכת QR — 13	QR Toolkit 13	ערכת QR|QR Toolkit
1281	מרכז סריקה — 13	Scanner Hub 13	מרכז סריקה|Scanner Hub
1282	קופסת ברקודים — 13	Barcode Box 13	קופסת ברקודים|Barcode Box
1283	לוח העתקה — 13	Clipboard Pro 13	לוח העתקה|Clipboard Pro
1284	חפיסת שלט — 13	Remote Deck 13	חפיסת שלט|Remote Deck
1285	שולחן מדפסות — 13	Printer Desk 13	שולחן מדפסות|Printer Desk
1286	תאורת בית — 13	Home Lights 13	תאורת בית|Home Lights
1287	אקלים חדר — 13	Room Climate 13	אקלים חדר|Room Climate
1288	רשימת דלתות — 13	Door List 13	רשימת דלתות|Door List
1289	לוח אזעקות — 13	Alarm Board 13	לוח אזעקות|Alarm Board
1290	קופסת טיימרים — 13	Timer Box 13	קופסת טיימרים|Timer Box
1291	פנקס לוח שנה — 13	Calendar Pad 13	פנקס לוח שנה|Calendar Pad
1292	ספר אנשי קשר — 13	Contact Book 13	ספר אנשי קשר|Contact Book
1293	רשימות שיחה — 13	Call Notes 13	רשימות שיחה|Call Notes
1294	שולחן הודעות — 13	Message Desk 13	שולחן הודעות|Message Desk
1295	כיס דואר — 13	Mail Pocket 13	כיס דואר|Mail Pocket
1296	מדף דפדפן — 13	Browser Shelf 13	מדף דפדפן|Browser Shelf
1297	שומר קישורים — 13	Link Keeper 13	שומר קישורים|Link Keeper
1298	קופסת סימניות — 13	Bookmark Box 13	קופסת סימניות|Bookmark Box
1299	שולחן הורדות — 13	Download Desk 13	שולחן הורדות|Download Desk
1300	קופסת העלאות — 13	Upload Box 13	קופסת העלאות|Upload Box
1301	עדשת אחסון — 13	Storage Lens 13	עדשת אחסון|Storage Lens
1302	מעקב סוללה — 13	Battery Watch 13	מעקב סוללה|Battery Watch
1303	מד עוצמת אות — 13	Signal Meter 13	מד עוצמת אות|Signal Meter
1304	שולחן רשת — 13	Network Desk 13	שולחן רשת|Network Desk
1305	מרכז Bluetooth — 13	Bluetooth Hub 13	מרכז Bluetooth|Bluetooth Hub
1306	מדריך WiFi — 13	WiFi Guide 13	מדריך WiFi|WiFi Guide
1307	לוח נקודה חמה — 13	Hotspot Panel 13	לוח נקודה חמה|Hotspot Panel
1308	שידור מסך — 13	Screen Cast 13	שידור מסך|Screen Cast
1309	שלט מדיה — 13	Media Remote 13	שלט מדיה|Media Remote
1310	חפיסת שמע — 13	Audio Deck 13	חפיסת שמע|Audio Deck
1311	מדף וידאו — 13	Video Shelf 13	מדף וידאו|Video Shelf
1312	כיס רדיו — 13	Radio Pocket 13	כיס רדיו|Radio Pocket
1313	שולחן פודקאסט — 13	Podcast Desk 13	שולחן פודקאסט|Podcast Desk
1314	הערות מצלמה — 13	Camera Notes 13	הערות מצלמה|Camera Notes
1315	ממיין גלריה — 13	Gallery Sorter 13	ממיין גלריה|Gallery Sorter
1316	קופסת צילומי מסך — 13	Screenshot Box 13	קופסת צילומי מסך|Screenshot Box
1317	חדר הקלטות — 13	Recorder Room 13	חדר הקלטות|Recorder Room
1318	מקליט פגישות — 13	Meeting Recorder 13	מקליט פגישות|Meeting Recorder
1319	פנקס תמלול — 13	Transcript Pad 13	פנקס תמלול|Transcript Pad
1320	כיס תרגום — 13	Translate Pocket 13	כיס תרגום|Translate Pocket
1321	שולחן מילון — 13	Dictionary Desk 13	שולחן מילון|Dictionary Desk
1322	מעבדת דקדוק — 13	Grammar Lab 13	מעבדת דקדוק|Grammar Lab
1323	חדר כתיבה — 13	Writing Room 13	חדר כתיבה|Writing Room
1324	חדר קריאה — 13	Reading Room 13	חדר קריאה|Reading Room
1325	שולחן ציטוטים — 13	Citation Desk 13	שולחן ציטוטים|Citation Desk
1326	פנקס מחקר — 13	Research Pad 13	פנקס מחקר|Research Pad
1327	לוח פרויקט — 13	Project Board 13	לוח פרויקט|Project Board
1328	ערימת רעיונות — 13	Idea Stack 13	ערימת רעיונות|Idea Stack
1329	מפת חשיבה — 13	Mind Map 13	מפת חשיבה|Mind Map
1330	מרכז רשימות — 13	Checklist Hub 13	מרכז רשימות|Checklist Hub
1331	גינת הרגלים — 13	Habit Garden 13	גינת הרגלים|Habit Garden
1332	יומן מצב רוח — 13	Mood Journal 13	יומן מצב רוח|Mood Journal
1333	מעקב מים — 13	Water Tracker 13	מעקב מים|Water Tracker
1334	תזכורת תרופות — 13	Medicine Reminder 13	תזכורת תרופות|Medicine Reminder
1335	קופסת בטיחות — 13	Safety Box 13	קופסת בטיחות|Safety Box
1336	שולחן פרטיות — 13	Privacy Desk 13	שולחן פרטיות|Privacy Desk
1337	מדריך גישה — 13	Access Guide 13	מדריך גישה|Access Guide
1338	מפת הרשאות — 13	Permission Map 13	מפת הרשאות|Permission Map
1339	מדף אפליקציות — 13	App Shelf 13	מדף אפליקציות|App Shelf
1340	מחברת תקציב — 14	Pocket Ledger 14	מחברת תקציב|Pocket Ledger
1341	מצפן מסלולים — 14	Trail Compass 14	מצפן מסלולים|Trail Compass
1342	שולחן לימוד — 14	Study Desk 14	שולחן לימוד|Study Desk
1343	מזווה הבית — 14	Home Pantry 14	מזווה הבית|Home Pantry
1344	כספת צילום — 14	Photo Vault 14	כספת צילום|Photo Vault
1345	יומן קולי — 14	Voice Journal 14	יומן קולי|Voice Journal
1346	טייס תקציב — 14	Budget Pilot 14	טייס תקציב|Budget Pilot
1347	טיימר שינה — 14	Sleep Timer 14	טיימר שינה|Sleep Timer
1348	שומר צמחים — 14	Plant Keeper 14	שומר צמחים|Plant Keeper
1349	מדף מתכונים — 14	Recipe Shelf 14	מדף מתכונים|Recipe Shelf
1350	מחברת טיולים — 14	Travel Notebook 14	מחברת טיולים|Travel Notebook
1351	יומן אימונים — 14	Workout Log 14	יומן אימונים|Workout Log
1352	כיס קוד — 14	Code Pocket 14	כיס קוד|Code Pocket
1353	מדף ספרים — 14	Book Shelf 14	מדף ספרים|Book Shelf
1354	תור מוזיקה — 14	Music Queue 14	תור מוזיקה|Music Queue
1355	מעקב מזג אוויר — 14	Weather Watch 14	מעקב מזג אוויר|Weather Watch
1356	לוח המשפחה — 14	Family Board 14	לוח המשפחה|Family Board
1357	גינת משימות — 14	Task Garden 14	גינת משימות|Task Garden
1358	ארון קבצים — 14	File Cabinet 14	ארון קבצים|File Cabinet
1359	ניטור מכשיר — 14	Device Monitor 14	ניטור מכשיר|Device Monitor
1360	פנקס פגישות — 14	Meeting Pad 14	פנקס פגישות|Meeting Pad
1361	שולחן חשבוניות — 14	Invoice Desk 14	שולחן חשבוניות|Invoice Desk
1362	כרטיסי שפה — 14	Language Cards 14	כרטיסי שפה|Language Cards
1363	סטודיו סקיצה — 14	Sketch Studio 14	סטודיו סקיצה|Sketch Studio
1364	חדר מיקוד — 14	Focus Room 14	חדר מיקוד|Focus Room
1365	מתכנן יומי — 14	Daily Planner 14	מתכנן יומי|Daily Planner
1366	מפת כיס — 14	Map Pocket 14	מפת כיס|Map Pocket
1367	תקציר חדשות — 14	News Digest 14	תקציר חדשות|News Digest
1368	לוקר סיסמאות — 14	Password Locker 14	לוקר סיסמאות|Password Locker
1369	פתקי ענן — 14	Cloud Notes 14	פתקי ענן|Cloud Notes
1370	ספר הוצאות — 14	Expense Book 14	ספר הוצאות|Expense Book
1371	מתכנן ארוחות — 14	Meal Planner 14	מתכנן ארוחות|Meal Planner
1372	יומן רכב — 14	Car Log 14	יומן רכב|Car Log
1373	מדריך גינה — 14	Garden Guide 14	מדריך גינה|Garden Guide
1374	יומן חיית מחמד — 14	Pet Journal 14	יומן חיית מחמד|Pet Journal
1375	מעבדת מתמטיקה — 14	Math Lab 14	מעבדת מתמטיקה|Math Lab
1376	כרטיסי מדע — 14	Science Cards 14	כרטיסי מדע|Science Cards
1377	אטלס היסטוריה — 14	History Atlas 14	אטלס היסטוריה|History Atlas
1378	בונה מילים — 14	Word Builder 14	בונה מילים|Word Builder
1379	מאמן זיכרון — 14	Memory Trainer 14	מאמן זיכרון|Memory Trainer
1380	קורא כרטיסים — 14	Flash Reader 14	קורא כרטיסים|Flash Reader
1381	שולחן PDF — 14	PDF Desk 14	שולחן PDF|PDF Desk
1382	מדף מסמכים — 14	Document Shelf 14	מדף מסמכים|Document Shelf
1383	ערכת QR — 14	QR Toolkit 14	ערכת QR|QR Toolkit
1384	מרכז סריקה — 14	Scanner Hub 14	מרכז סריקה|Scanner Hub
1385	קופסת ברקודים — 14	Barcode Box 14	קופסת ברקודים|Barcode Box
1386	לוח העתקה — 14	Clipboard Pro 14	לוח העתקה|Clipboard Pro
1387	חפיסת שלט — 14	Remote Deck 14	חפיסת שלט|Remote Deck
1388	שולחן מדפסות — 14	Printer Desk 14	שולחן מדפסות|Printer Desk
1389	תאורת בית — 14	Home Lights 14	תאורת בית|Home Lights
1390	אקלים חדר — 14	Room Climate 14	אקלים חדר|Room Climate
1391	רשימת דלתות — 14	Door List 14	רשימת דלתות|Door List
1392	לוח אזעקות — 14	Alarm Board 14	לוח אזעקות|Alarm Board
1393	קופסת טיימרים — 14	Timer Box 14	קופסת טיימרים|Timer Box
1394	פנקס לוח שנה — 14	Calendar Pad 14	פנקס לוח שנה|Calendar Pad
1395	ספר אנשי קשר — 14	Contact Book 14	ספר אנשי קשר|Contact Book
1396	רשימות שיחה — 14	Call Notes 14	רשימות שיחה|Call Notes
1397	שולחן הודעות — 14	Message Desk 14	שולחן הודעות|Message Desk
1398	כיס דואר — 14	Mail Pocket 14	כיס דואר|Mail Pocket
1399	מדף דפדפן — 14	Browser Shelf 14	מדף דפדפן|Browser Shelf
1400	שומר קישורים — 14	Link Keeper 14	שומר קישורים|Link Keeper
1401	קופסת סימניות — 14	Bookmark Box 14	קופסת סימניות|Bookmark Box
1402	שולחן הורדות — 14	Download Desk 14	שולחן הורדות|Download Desk
1403	קופסת העלאות — 14	Upload Box 14	קופסת העלאות|Upload Box
1404	עדשת אחסון — 14	Storage Lens 14	עדשת אחסון|Storage Lens
1405	מעקב סוללה — 14	Battery Watch 14	מעקב סוללה|Battery Watch
1406	מד עוצמת אות — 14	Signal Meter 14	מד עוצמת אות|Signal Meter
1407	שולחן רשת — 14	Network Desk 14	שולחן רשת|Network Desk
1408	מרכז Bluetooth — 14	Bluetooth Hub 14	מרכז Bluetooth|Bluetooth Hub
1409	מדריך WiFi — 14	WiFi Guide 14	מדריך WiFi|WiFi Guide
1410	לוח נקודה חמה — 14	Hotspot Panel 14	לוח נקודה חמה|Hotspot Panel
1411	שידור מסך — 14	Screen Cast 14	שידור מסך|Screen Cast
1412	שלט מדיה — 14	Media Remote 14	שלט מדיה|Media Remote
1413	חפיסת שמע — 14	Audio Deck 14	חפיסת שמע|Audio Deck
1414	מדף וידאו — 14	Video Shelf 14	מדף וידאו|Video Shelf
1415	כיס רדיו — 14	Radio Pocket 14	כיס רדיו|Radio Pocket
1416	שולחן פודקאסט — 14	Podcast Desk 14	שולחן פודקאסט|Podcast Desk
1417	הערות מצלמה — 14	Camera Notes 14	הערות מצלמה|Camera Notes
1418	ממיין גלריה — 14	Gallery Sorter 14	ממיין גלריה|Gallery Sorter
1419	קופסת צילומי מסך — 14	Screenshot Box 14	קופסת צילומי מסך|Screenshot Box
1420	חדר הקלטות — 14	Recorder Room 14	חדר הקלטות|Recorder Room
1421	מקליט פגישות — 14	Meeting Recorder 14	מקליט פגישות|Meeting Recorder
1422	פנקס תמלול — 14	Transcript Pad 14	פנקס תמלול|Transcript Pad
1423	כיס תרגום — 14	Translate Pocket 14	כיס תרגום|Translate Pocket
1424	שולחן מילון — 14	Dictionary Desk 14	שולחן מילון|Dictionary Desk
1425	מעבדת דקדוק — 14	Grammar Lab 14	מעבדת דקדוק|Grammar Lab
1426	חדר כתיבה — 14	Writing Room 14	חדר כתיבה|Writing Room
1427	חדר קריאה — 14	Reading Room 14	חדר קריאה|Reading Room
1428	שולחן ציטוטים — 14	Citation Desk 14	שולחן ציטוטים|Citation Desk
1429	פנקס מחקר — 14	Research Pad 14	פנקס מחקר|Research Pad
1430	לוח פרויקט — 14	Project Board 14	לוח פרויקט|Project Board
1431	ערימת רעיונות — 14	Idea Stack 14	ערימת רעיונות|Idea Stack
1432	מפת חשיבה — 14	Mind Map 14	מפת חשיבה|Mind Map
1433	מרכז רשימות — 14	Checklist Hub 14	מרכז רשימות|Checklist Hub
1434	גינת הרגלים — 14	Habit Garden 14	גינת הרגלים|Habit Garden
1435	יומן מצב רוח — 14	Mood Journal 14	יומן מצב רוח|Mood Journal
1436	מעקב מים — 14	Water Tracker 14	מעקב מים|Water Tracker
1437	תזכורת תרופות — 14	Medicine Reminder 14	תזכורת תרופות|Medicine Reminder
1438	קופסת בטיחות — 14	Safety Box 14	קופסת בטיחות|Safety Box
1439	שולחן פרטיות — 14	Privacy Desk 14	שולחן פרטיות|Privacy Desk
1440	מדריך גישה — 14	Access Guide 14	מדריך גישה|Access Guide
1441	מפת הרשאות — 14	Permission Map 14	מפת הרשאות|Permission Map
1442	מדף אפליקציות — 14	App Shelf 14	מדף אפליקציות|App Shelf
1443	מחברת תקציב — 15	Pocket Ledger 15	מחברת תקציב|Pocket Ledger
1444	מצפן מסלולים — 15	Trail Compass 15	מצפן מסלולים|Trail Compass
1445	שולחן לימוד — 15	Study Desk 15	שולחן לימוד|Study Desk
1446	מזווה הבית — 15	Home Pantry 15	מזווה הבית|Home Pantry
1447	כספת צילום — 15	Photo Vault 15	כספת צילום|Photo Vault
1448	יומן קולי — 15	Voice Journal 15	יומן קולי|Voice Journal
1449	טייס תקציב — 15	Budget Pilot 15	טייס תקציב|Budget Pilot
1450	טיימר שינה — 15	Sleep Timer 15	טיימר שינה|Sleep Timer
1451	שומר צמחים — 15	Plant Keeper 15	שומר צמחים|Plant Keeper
1452	מדף מתכונים — 15	Recipe Shelf 15	מדף מתכונים|Recipe Shelf
1453	מחברת טיולים — 15	Travel Notebook 15	מחברת טיולים|Travel Notebook
1454	יומן אימונים — 15	Workout Log 15	יומן אימונים|Workout Log
1455	כיס קוד — 15	Code Pocket 15	כיס קוד|Code Pocket
1456	מדף ספרים — 15	Book Shelf 15	מדף ספרים|Book Shelf
1457	תור מוזיקה — 15	Music Queue 15	תור מוזיקה|Music Queue
1458	מעקב מזג אוויר — 15	Weather Watch 15	מעקב מזג אוויר|Weather Watch
1459	לוח המשפחה — 15	Family Board 15	לוח המשפחה|Family Board
1460	גינת משימות — 15	Task Garden 15	גינת משימות|Task Garden
1461	ארון קבצים — 15	File Cabinet 15	ארון קבצים|File Cabinet
1462	ניטור מכשיר — 15	Device Monitor 15	ניטור מכשיר|Device Monitor
1463	פנקס פגישות — 15	Meeting Pad 15	פנקס פגישות|Meeting Pad
1464	שולחן חשבוניות — 15	Invoice Desk 15	שולחן חשבוניות|Invoice Desk
1465	כרטיסי שפה — 15	Language Cards 15	כרטיסי שפה|Language Cards
1466	סטודיו סקיצה — 15	Sketch Studio 15	סטודיו סקיצה|Sketch Studio
1467	חדר מיקוד — 15	Focus Room 15	חדר מיקוד|Focus Room
1468	מתכנן יומי — 15	Daily Planner 15	מתכנן יומי|Daily Planner
1469	מפת כיס — 15	Map Pocket 15	מפת כיס|Map Pocket
1470	תקציר חדשות — 15	News Digest 15	תקציר חדשות|News Digest
1471	לוקר סיסמאות — 15	Password Locker 15	לוקר סיסמאות|Password Locker
1472	פתקי ענן — 15	Cloud Notes 15	פתקי ענן|Cloud Notes
1473	ספר הוצאות — 15	Expense Book 15	ספר הוצאות|Expense Book
1474	מתכנן ארוחות — 15	Meal Planner 15	מתכנן ארוחות|Meal Planner
1475	יומן רכב — 15	Car Log 15	יומן רכב|Car Log
1476	מדריך גינה — 15	Garden Guide 15	מדריך גינה|Garden Guide
1477	יומן חיית מחמד — 15	Pet Journal 15	יומן חיית מחמד|Pet Journal
1478	מעבדת מתמטיקה — 15	Math Lab 15	מעבדת מתמטיקה|Math Lab
1479	כרטיסי מדע — 15	Science Cards 15	כרטיסי מדע|Science Cards
1480	אטלס היסטוריה — 15	History Atlas 15	אטלס היסטוריה|History Atlas
1481	בונה מילים — 15	Word Builder 15	בונה מילים|Word Builder
1482	מאמן זיכרון — 15	Memory Trainer 15	מאמן זיכרון|Memory Trainer
1483	קורא כרטיסים — 15	Flash Reader 15	קורא כרטיסים|Flash Reader
1484	שולחן PDF — 15	PDF Desk 15	שולחן PDF|PDF Desk
1485	מדף מסמכים — 15	Document Shelf 15	מדף מסמכים|Document Shelf
1486	ערכת QR — 15	QR Toolkit 15	ערכת QR|QR Toolkit
1487	מרכז סריקה — 15	Scanner Hub 15	מרכז סריקה|Scanner Hub
1488	קופסת ברקודים — 15	Barcode Box 15	קופסת ברקודים|Barcode Box
1489	לוח העתקה — 15	Clipboard Pro 15	לוח העתקה|Clipboard Pro
1490	חפיסת שלט — 15	Remote Deck 15	חפיסת שלט|Remote Deck
1491	שולחן מדפסות — 15	Printer Desk 15	שולחן מדפסות|Printer Desk
1492	תאורת בית — 15	Home Lights 15	תאורת בית|Home Lights
1493	אקלים חדר — 15	Room Climate 15	אקלים חדר|Room Climate
1494	רשימת דלתות — 15	Door List 15	רשימת דלתות|Door List
1495	לוח אזעקות — 15	Alarm Board 15	לוח אזעקות|Alarm Board
1496	קופסת טיימרים — 15	Timer Box 15	קופסת טיימרים|Timer Box
1497	פנקס לוח שנה — 15	Calendar Pad 15	פנקס לוח שנה|Calendar Pad
1498	ספר אנשי קשר — 15	Contact Book 15	ספר אנשי קשר|Contact Book
1499	רשימות שיחה — 15	Call Notes 15	רשימות שיחה|Call Notes
1500	שולחן הודעות — 15	Message Desk 15	שולחן הודעות|Message Desk
1501	כיס דואר — 15	Mail Pocket 15	כיס דואר|Mail Pocket
1502	מדף דפדפן — 15	Browser Shelf 15	מדף דפדפן|Browser Shelf
1503	שומר קישורים — 15	Link Keeper 15	שומר קישורים|Link Keeper
1504	קופסת סימניות — 15	Bookmark Box 15	קופסת סימניות|Bookmark Box
1505	שולחן הורדות — 15	Download Desk 15	שולחן הורדות|Download Desk
1506	קופסת העלאות — 15	Upload Box 15	קופסת העלאות|Upload Box
1507	עדשת אחסון — 15	Storage Lens 15	עדשת אחסון|Storage Lens
1508	מעקב סוללה — 15	Battery Watch 15	מעקב סוללה|Battery Watch
1509	מד עוצמת אות — 15	Signal Meter 15	מד עוצמת אות|Signal Meter
1510	שולחן רשת — 15	Network Desk 15	שולחן רשת|Network Desk
1511	מרכז Bluetooth — 15	Bluetooth Hub 15	מרכז Bluetooth|Bluetooth Hub
1512	מדריך WiFi — 15	WiFi Guide 15	מדריך WiFi|WiFi Guide
1513	לוח נקודה חמה — 15	Hotspot Panel 15	לוח נקודה חמה|Hotspot Panel
1514	שידור מסך — 15	Screen Cast 15	שידור מסך|Screen Cast
1515	שלט מדיה — 15	Media Remote 15	שלט מדיה|Media Remote
1516	חפיסת שמע — 15	Audio Deck 15	חפיסת שמע|Audio Deck
1517	מדף וידאו — 15	Video Shelf 15	מדף וידאו|Video Shelf
1518	כיס רדיו — 15	Radio Pocket 15	כיס רדיו|Radio Pocket
1519	שולחן פודקאסט — 15	Podcast Desk 15	שולחן פודקאסט|Podcast Desk
1520	הערות מצלמה — 15	Camera Notes 15	הערות מצלמה|Camera Notes
1521	ממיין גלריה — 15	Gallery Sorter 15	ממיין גלריה|Gallery Sorter
1522	קופסת צילומי מסך — 15	Screenshot Box 15	קופסת צילומי מסך|Screenshot Box
1523	חדר הקלטות — 15	Recorder Room 15	חדר הקלטות|Recorder Room
1524	מקליט פגישות — 15	Meeting Recorder 15	מקליט פגישות|Meeting Recorder
1525	פנקס תמלול — 15	Transcript Pad 15	פנקס תמלול|Transcript Pad
1526	כיס תרגום — 15	Translate Pocket 15	כיס תרגום|Translate Pocket
1527	שולחן מילון — 15	Dictionary Desk 15	שולחן מילון|Dictionary Desk
1528	מעבדת דקדוק — 15	Grammar Lab 15	מעבדת דקדוק|Grammar Lab
1529	חדר כתיבה — 15	Writing Room 15	חדר כתיבה|Writing Room
1530	חדר קריאה — 15	Reading Room 15	חדר קריאה|Reading Room
1531	שולחן ציטוטים — 15	Citation Desk 15	שולחן ציטוטים|Citation Desk
1532	פנקס מחקר — 15	Research Pad 15	פנקס מחקר|Research Pad
1533	לוח פרויקט — 15	Project Board 15	לוח פרויקט|Project Board
1534	ערימת רעיונות — 15	Idea Stack 15	ערימת רעיונות|Idea Stack
1535	מפת חשיבה — 15	Mind Map 15	מפת חשיבה|Mind Map
1536	מרכז רשימות — 15	Checklist Hub 15	מרכז רשימות|Checklist Hub
1537	גינת הרגלים — 15	Habit Garden 15	גינת הרגלים|Habit Garden
1538	יומן מצב רוח — 15	Mood Journal 15	יומן מצב רוח|Mood Journal
1539	מעקב מים — 15	Water Tracker 15	מעקב מים|Water Tracker
1540	תזכורת תרופות — 15	Medicine Reminder 15	תזכורת תרופות|Medicine Reminder
1541	קופסת בטיחות — 15	Safety Box 15	קופסת בטיחות|Safety Box
1542	שולחן פרטיות — 15	Privacy Desk 15	שולחן פרטיות|Privacy Desk
1543	מדריך גישה — 15	Access Guide 15	מדריך גישה|Access Guide
1544	מפת הרשאות — 15	Permission Map 15	מפת הרשאות|Permission Map
1545	מדף אפליקציות — 15	App Shelf 15	מדף אפליקציות|App Shelf
1546	מחברת תקציב — 16	Pocket Ledger 16	מחברת תקציב|Pocket Ledger
1547	מצפן מסלולים — 16	Trail Compass 16	מצפן מסלולים|Trail Compass
1548	שולחן לימוד — 16	Study Desk 16	שולחן לימוד|Study Desk
1549	מזווה הבית — 16	Home Pantry 16	מזווה הבית|Home Pantry
1550	כספת צילום — 16	Photo Vault 16	כספת צילום|Photo Vault
1551	יומן קולי — 16	Voice Journal 16	יומן קולי|Voice Journal
1552	טייס תקציב — 16	Budget Pilot 16	טייס תקציב|Budget Pilot
1553	טיימר שינה — 16	Sleep Timer 16	טיימר שינה|Sleep Timer
1554	שומר צמחים — 16	Plant Keeper 16	שומר צמחים|Plant Keeper
1555	מדף מתכונים — 16	Recipe Shelf 16	מדף מתכונים|Recipe Shelf
1556	מחברת טיולים — 16	Travel Notebook 16	מחברת טיולים|Travel Notebook
1557	יומן אימונים — 16	Workout Log 16	יומן אימונים|Workout Log
1558	כיס קוד — 16	Code Pocket 16	כיס קוד|Code Pocket
1559	מדף ספרים — 16	Book Shelf 16	מדף ספרים|Book Shelf
1560	תור מוזיקה — 16	Music Queue 16	תור מוזיקה|Music Queue
1561	מעקב מזג אוויר — 16	Weather Watch 16	מעקב מזג אוויר|Weather Watch
1562	לוח המשפחה — 16	Family Board 16	לוח המשפחה|Family Board
1563	גינת משימות — 16	Task Garden 16	גינת משימות|Task Garden
1564	ארון קבצים — 16	File Cabinet 16	ארון קבצים|File Cabinet
1565	ניטור מכשיר — 16	Device Monitor 16	ניטור מכשיר|Device Monitor
1566	פנקס פגישות — 16	Meeting Pad 16	פנקס פגישות|Meeting Pad
1567	שולחן חשבוניות — 16	Invoice Desk 16	שולחן חשבוניות|Invoice Desk
1568	כרטיסי שפה — 16	Language Cards 16	כרטיסי שפה|Language Cards
1569	סטודיו סקיצה — 16	Sketch Studio 16	סטודיו סקיצה|Sketch Studio
1570	חדר מיקוד — 16	Focus Room 16	חדר מיקוד|Focus Room
1571	מתכנן יומי — 16	Daily Planner 16	מתכנן יומי|Daily Planner
1572	מפת כיס — 16	Map Pocket 16	מפת כיס|Map Pocket
1573	תקציר חדשות — 16	News Digest 16	תקציר חדשות|News Digest
1574	לוקר סיסמאות — 16	Password Locker 16	לוקר סיסמאות|Password Locker
1575	פתקי ענן — 16	Cloud Notes 16	פתקי ענן|Cloud Notes
1576	ספר הוצאות — 16	Expense Book 16	ספר הוצאות|Expense Book
1577	מתכנן ארוחות — 16	Meal Planner 16	מתכנן ארוחות|Meal Planner
1578	יומן רכב — 16	Car Log 16	יומן רכב|Car Log
1579	מדריך גינה — 16	Garden Guide 16	מדריך גינה|Garden Guide
1580	יומן חיית מחמד — 16	Pet Journal 16	יומן חיית מחמד|Pet Journal
1581	מעבדת מתמטיקה — 16	Math Lab 16	מעבדת מתמטיקה|Math Lab
1582	כרטיסי מדע — 16	Science Cards 16	כרטיסי מדע|Science Cards
1583	אטלס היסטוריה — 16	History Atlas 16	אטלס היסטוריה|History Atlas
1584	בונה מילים — 16	Word Builder 16	בונה מילים|Word Builder
1585	מאמן זיכרון — 16	Memory Trainer 16	מאמן זיכרון|Memory Trainer
1586	קורא כרטיסים — 16	Flash Reader 16	קורא כרטיסים|Flash Reader
1587	שולחן PDF — 16	PDF Desk 16	שולחן PDF|PDF Desk
1588	מדף מסמכים — 16	Document Shelf 16	מדף מסמכים|Document Shelf
1589	ערכת QR — 16	QR Toolkit 16	ערכת QR|QR Toolkit
1590	מרכז סריקה — 16	Scanner Hub 16	מרכז סריקה|Scanner Hub
1591	קופסת ברקודים — 16	Barcode Box 16	קופסת ברקודים|Barcode Box
1592	לוח העתקה — 16	Clipboard Pro 16	לוח העתקה|Clipboard Pro
1593	חפיסת שלט — 16	Remote Deck 16	חפיסת שלט|Remote Deck
1594	שולחן מדפסות — 16	Printer Desk 16	שולחן מדפסות|Printer Desk
1595	תאורת בית — 16	Home Lights 16	תאורת בית|Home Lights
1596	אקלים חדר — 16	Room Climate 16	אקלים חדר|Room Climate
1597	רשימת דלתות — 16	Door List 16	רשימת דלתות|Door List
1598	לוח אזעקות — 16	Alarm Board 16	לוח אזעקות|Alarm Board
1599	קופסת טיימרים — 16	Timer Box 16	קופסת טיימרים|Timer Box
1600	פנקס לוח שנה — 16	Calendar Pad 16	פנקס לוח שנה|Calendar Pad
1601	ספר אנשי קשר — 16	Contact Book 16	ספר אנשי קשר|Contact Book
1602	רשימות שיחה — 16	Call Notes 16	רשימות שיחה|Call Notes
1603	שולחן הודעות — 16	Message Desk 16	שולחן הודעות|Message Desk
1604	כיס דואר — 16	Mail Pocket 16	כיס דואר|Mail Pocket
1605	מדף דפדפן — 16	Browser Shelf 16	מדף דפדפן|Browser Shelf
1606	שומר קישורים — 16	Link Keeper 16	שומר קישורים|Link Keeper
1607	קופסת סימניות — 16	Bookmark Box 16	קופסת סימניות|Bookmark Box
1608	שולחן הורדות — 16	Download Desk 16	שולחן הורדות|Download Desk
1609	קופסת העלאות — 16	Upload Box 16	קופסת העלאות|Upload Box
1610	עדשת אחסון — 16	Storage Lens 16	עדשת אחסון|Storage Lens
1611	מעקב סוללה — 16	Battery Watch 16	מעקב סוללה|Battery Watch
1612	מד עוצמת אות — 16	Signal Meter 16	מד עוצמת אות|Signal Meter
1613	שולחן רשת — 16	Network Desk 16	שולחן רשת|Network Desk
1614	מרכז Bluetooth — 16	Bluetooth Hub 16	מרכז Bluetooth|Bluetooth Hub
1615	מדריך WiFi — 16	WiFi Guide 16	מדריך WiFi|WiFi Guide
1616	לוח נקודה חמה — 16	Hotspot Panel 16	לוח נקודה חמה|Hotspot Panel
1617	שידור מסך — 16	Screen Cast 16	שידור מסך|Screen Cast
1618	שלט מדיה — 16	Media Remote 16	שלט מדיה|Media Remote
1619	חפיסת שמע — 16	Audio Deck 16	חפיסת שמע|Audio Deck
1620	מדף וידאו — 16	Video Shelf 16	מדף וידאו|Video Shelf
1621	כיס רדיו — 16	Radio Pocket 16	כיס רדיו|Radio Pocket
1622	שולחן פודקאסט — 16	Podcast Desk 16	שולחן פודקאסט|Podcast Desk
1623	הערות מצלמה — 16	Camera Notes 16	הערות מצלמה|Camera Notes
1624	ממיין גלריה — 16	Gallery Sorter 16	ממיין גלריה|Gallery Sorter
1625	קופסת צילומי מסך — 16	Screenshot Box 16	קופסת צילומי מסך|Screenshot Box
1626	חדר הקלטות — 16	Recorder Room 16	חדר הקלטות|Recorder Room
1627	מקליט פגישות — 16	Meeting Recorder 16	מקליט פגישות|Meeting Recorder
1628	פנקס תמלול — 16	Transcript Pad 16	פנקס תמלול|Transcript Pad
1629	כיס תרגום — 16	Translate Pocket 16	כיס תרגום|Translate Pocket
1630	שולחן מילון — 16	Dictionary Desk 16	שולחן מילון|Dictionary Desk
1631	מעבדת דקדוק — 16	Grammar Lab 16	מעבדת דקדוק|Grammar Lab
1632	חדר כתיבה — 16	Writing Room 16	חדר כתיבה|Writing Room
1633	חדר קריאה — 16	Reading Room 16	חדר קריאה|Reading Room
1634	שולחן ציטוטים — 16	Citation Desk 16	שולחן ציטוטים|Citation Desk
1635	פנקס מחקר — 16	Research Pad 16	פנקס מחקר|Research Pad
1636	לוח פרויקט — 16	Project Board 16	לוח פרויקט|Project Board
1637	ערימת רעיונות — 16	Idea Stack 16	ערימת רעיונות|Idea Stack
1638	מפת חשיבה — 16	Mind Map 16	מפת חשיבה|Mind Map
1639	מרכז רשימות — 16	Checklist Hub 16	מרכז רשימות|Checklist Hub
1640	גינת הרגלים — 16	Habit Garden 16	גינת הרגלים|Habit Garden
1641	יומן מצב רוח — 16	Mood Journal 16	יומן מצב רוח|Mood Journal
1642	מעקב מים — 16	Water Tracker 16	מעקב מים|Water Tracker
1643	תזכורת תרופות — 16	Medicine Reminder 16	תזכורת תרופות|Medicine Reminder
1644	קופסת בטיחות — 16	Safety Box 16	קופסת בטיחות|Safety Box
1645	שולחן פרטיות — 16	Privacy Desk 16	שולחן פרטיות|Privacy Desk
1646	מדריך גישה — 16	Access Guide 16	מדריך גישה|Access Guide
1647	מפת הרשאות — 16	Permission Map 16	מפת הרשאות|Permission Map
1648	מדף אפליקציות — 16	App Shelf 16	מדף אפליקציות|App Shelf
1649	מחברת תקציב — 17	Pocket Ledger 17	מחברת תקציב|Pocket Ledger
1650	מצפן מסלולים — 17	Trail Compass 17	מצפן מסלולים|Trail Compass
1651	שולחן לימוד — 17	Study Desk 17	שולחן לימוד|Study Desk
1652	מזווה הבית — 17	Home Pantry 17	מזווה הבית|Home Pantry
1653	כספת צילום — 17	Photo Vault 17	כספת צילום|Photo Vault
1654	יומן קולי — 17	Voice Journal 17	יומן קולי|Voice Journal
1655	טייס תקציב — 17	Budget Pilot 17	טייס תקציב|Budget Pilot
1656	טיימר שינה — 17	Sleep Timer 17	טיימר שינה|Sleep Timer
1657	שומר צמחים — 17	Plant Keeper 17	שומר צמחים|Plant Keeper
1658	מדף מתכונים — 17	Recipe Shelf 17	מדף מתכונים|Recipe Shelf
1659	מחברת טיולים — 17	Travel Notebook 17	מחברת טיולים|Travel Notebook
1660	יומן אימונים — 17	Workout Log 17	יומן אימונים|Workout Log
1661	כיס קוד — 17	Code Pocket 17	כיס קוד|Code Pocket
1662	מדף ספרים — 17	Book Shelf 17	מדף ספרים|Book Shelf
1663	תור מוזיקה — 17	Music Queue 17	תור מוזיקה|Music Queue
1664	מעקב מזג אוויר — 17	Weather Watch 17	מעקב מזג אוויר|Weather Watch
1665	לוח המשפחה — 17	Family Board 17	לוח המשפחה|Family Board
1666	גינת משימות — 17	Task Garden 17	גינת משימות|Task Garden
1667	ארון קבצים — 17	File Cabinet 17	ארון קבצים|File Cabinet
1668	ניטור מכשיר — 17	Device Monitor 17	ניטור מכשיר|Device Monitor
1669	פנקס פגישות — 17	Meeting Pad 17	פנקס פגישות|Meeting Pad
1670	שולחן חשבוניות — 17	Invoice Desk 17	שולחן חשבוניות|Invoice Desk
1671	כרטיסי שפה — 17	Language Cards 17	כרטיסי שפה|Language Cards
1672	סטודיו סקיצה — 17	Sketch Studio 17	סטודיו סקיצה|Sketch Studio
1673	חדר מיקוד — 17	Focus Room 17	חדר מיקוד|Focus Room
1674	מתכנן יומי — 17	Daily Planner 17	מתכנן יומי|Daily Planner
1675	מפת כיס — 17	Map Pocket 17	מפת כיס|Map Pocket
1676	תקציר חדשות — 17	News Digest 17	תקציר חדשות|News Digest
1677	לוקר סיסמאות — 17	Password Locker 17	לוקר סיסמאות|Password Locker
1678	פתקי ענן — 17	Cloud Notes 17	פתקי ענן|Cloud Notes
1679	ספר הוצאות — 17	Expense Book 17	ספר הוצאות|Expense Book
1680	מתכנן ארוחות — 17	Meal Planner 17	מתכנן ארוחות|Meal Planner
1681	יומן רכב — 17	Car Log 17	יומן רכב|Car Log
1682	מדריך גינה — 17	Garden Guide 17	מדריך גינה|Garden Guide
1683	יומן חיית מחמד — 17	Pet Journal 17	יומן חיית מחמד|Pet Journal
1684	מעבדת מתמטיקה — 17	Math Lab 17	מעבדת מתמטיקה|Math Lab
1685	כרטיסי מדע — 17	Science Cards 17	כרטיסי מדע|Science Cards
1686	אטלס היסטוריה — 17	History Atlas 17	אטלס היסטוריה|History Atlas
1687	בונה מילים — 17	Word Builder 17	בונה מילים|Word Builder
1688	מאמן זיכרון — 17	Memory Trainer 17	מאמן זיכרון|Memory Trainer
1689	קורא כרטיסים — 17	Flash Reader 17	קורא כרטיסים|Flash Reader
1690	שולחן PDF — 17	PDF Desk 17	שולחן PDF|PDF Desk
1691	מדף מסמכים — 17	Document Shelf 17	מדף מסמכים|Document Shelf
1692	ערכת QR — 17	QR Toolkit 17	ערכת QR|QR Toolkit
1693	מרכז סריקה — 17	Scanner Hub 17	מרכז סריקה|Scanner Hub
1694	קופסת ברקודים — 17	Barcode Box 17	קופסת ברקודים|Barcode Box
1695	לוח העתקה — 17	Clipboard Pro 17	לוח העתקה|Clipboard Pro
1696	חפיסת שלט — 17	Remote Deck 17	חפיסת שלט|Remote Deck
1697	שולחן מדפסות — 17	Printer Desk 17	שולחן מדפסות|Printer Desk
1698	תאורת בית — 17	Home Lights 17	תאורת בית|Home Lights
1699	אקלים חדר — 17	Room Climate 17	אקלים חדר|Room Climate
1700	רשימת דלתות — 17	Door List 17	רשימת דלתות|Door List
1701	לוח אזעקות — 17	Alarm Board 17	לוח אזעקות|Alarm Board
1702	קופסת טיימרים — 17	Timer Box 17	קופסת טיימרים|Timer Box
1703	פנקס לוח שנה — 17	Calendar Pad 17	פנקס לוח שנה|Calendar Pad
1704	ספר אנשי קשר — 17	Contact Book 17	ספר אנשי קשר|Contact Book
1705	רשימות שיחה — 17	Call Notes 17	רשימות שיחה|Call Notes
1706	שולחן הודעות — 17	Message Desk 17	שולחן הודעות|Message Desk
1707	כיס דואר — 17	Mail Pocket 17	כיס דואר|Mail Pocket
1708	מדף דפדפן — 17	Browser Shelf 17	מדף דפדפן|Browser Shelf
1709	שומר קישורים — 17	Link Keeper 17	שומר קישורים|Link Keeper
1710	קופסת סימניות — 17	Bookmark Box 17	קופסת סימניות|Bookmark Box
1711	שולחן הורדות — 17	Download Desk 17	שולחן הורדות|Download Desk
1712	קופסת העלאות — 17	Upload Box 17	קופסת העלאות|Upload Box
1713	עדשת אחסון — 17	Storage Lens 17	עדשת אחסון|Storage Lens
1714	מעקב סוללה — 17	Battery Watch 17	מעקב סוללה|Battery Watch
1715	מד עוצמת אות — 17	Signal Meter 17	מד עוצמת אות|Signal Meter
1716	שולחן רשת — 17	Network Desk 17	שולחן רשת|Network Desk
1717	מרכז Bluetooth — 17	Bluetooth Hub 17	מרכז Bluetooth|Bluetooth Hub
1718	מדריך WiFi — 17	WiFi Guide 17	מדריך WiFi|WiFi Guide
1719	לוח נקודה חמה — 17	Hotspot Panel 17	לוח נקודה חמה|Hotspot Panel
1720	שידור מסך — 17	Screen Cast 17	שידור מסך|Screen Cast
1721	שלט מדיה — 17	Media Remote 17	שלט מדיה|Media Remote
1722	חפיסת שמע — 17	Audio Deck 17	חפיסת שמע|Audio Deck
1723	מדף וידאו — 17	Video Shelf 17	מדף וידאו|Video Shelf
1724	כיס רדיו — 17	Radio Pocket 17	כיס רדיו|Radio Pocket
1725	שולחן פודקאסט — 17	Podcast Desk 17	שולחן פודקאסט|Podcast Desk
1726	הערות מצלמה — 17	Camera Notes 17	הערות מצלמה|Camera Notes
1727	ממיין גלריה — 17	Gallery Sorter 17	ממיין גלריה|Gallery Sorter
1728	קופסת צילומי מסך — 17	Screenshot Box 17	קופסת צילומי מסך|Screenshot Box
1729	חדר הקלטות — 17	Recorder Room 17	חדר הקלטות|Recorder Room
1730	מקליט פגישות — 17	Meeting Recorder 17	מקליט פגישות|Meeting Recorder
1731	פנקס תמלול — 17	Transcript Pad 17	פנקס תמלול|Transcript Pad
1732	כיס תרגום — 17	Translate Pocket 17	כיס תרגום|Translate Pocket
1733	שולחן מילון — 17	Dictionary Desk 17	שולחן מילון|Dictionary Desk
1734	מעבדת דקדוק — 17	Grammar Lab 17	מעבדת דקדוק|Grammar Lab
1735	חדר כתיבה — 17	Writing Room 17	חדר כתיבה|Writing Room
1736	חדר קריאה — 17	Reading Room 17	חדר קריאה|Reading Room
1737	שולחן ציטוטים — 17	Citation Desk 17	שולחן ציטוטים|Citation Desk
1738	פנקס מחקר — 17	Research Pad 17	פנקס מחקר|Research Pad
1739	לוח פרויקט — 17	Project Board 17	לוח פרויקט|Project Board
1740	ערימת רעיונות — 17	Idea Stack 17	ערימת רעיונות|Idea Stack
1741	מפת חשיבה — 17	Mind Map 17	מפת חשיבה|Mind Map
1742	מרכז רשימות — 17	Checklist Hub 17	מרכז רשימות|Checklist Hub
1743	גינת הרגלים — 17	Habit Garden 17	גינת הרגלים|Habit Garden
1744	יומן מצב רוח — 17	Mood Journal 17	יומן מצב רוח|Mood Journal
1745	מעקב מים — 17	Water Tracker 17	מעקב מים|Water Tracker
1746	תזכורת תרופות — 17	Medicine Reminder 17	תזכורת תרופות|Medicine Reminder
1747	קופסת בטיחות — 17	Safety Box 17	קופסת בטיחות|Safety Box
1748	שולחן פרטיות — 17	Privacy Desk 17	שולחן פרטיות|Privacy Desk
1749	מדריך גישה — 17	Access Guide 17	מדריך גישה|Access Guide
1750	מפת הרשאות — 17	Permission Map 17	מפת הרשאות|Permission Map
1751	מדף אפליקציות — 17	App Shelf 17	מדף אפליקציות|App Shelf
1752	מחברת תקציב — 18	Pocket Ledger 18	מחברת תקציב|Pocket Ledger
1753	מצפן מסלולים — 18	Trail Compass 18	מצפן מסלולים|Trail Compass
1754	שולחן לימוד — 18	Study Desk 18	שולחן לימוד|Study Desk
1755	מזווה הבית — 18	Home Pantry 18	מזווה הבית|Home Pantry
1756	כספת צילום — 18	Photo Vault 18	כספת צילום|Photo Vault
1757	יומן קולי — 18	Voice Journal 18	יומן קולי|Voice Journal
1758	טייס תקציב — 18	Budget Pilot 18	טייס תקציב|Budget Pilot
1759	טיימר שינה — 18	Sleep Timer 18	טיימר שינה|Sleep Timer
1760	שומר צמחים — 18	Plant Keeper 18	שומר צמחים|Plant Keeper
1761	מדף מתכונים — 18	Recipe Shelf 18	מדף מתכונים|Recipe Shelf
1762	מחברת טיולים — 18	Travel Notebook 18	מחברת טיולים|Travel Notebook
1763	יומן אימונים — 18	Workout Log 18	יומן אימונים|Workout Log
1764	כיס קוד — 18	Code Pocket 18	כיס קוד|Code Pocket
1765	מדף ספרים — 18	Book Shelf 18	מדף ספרים|Book Shelf
1766	תור מוזיקה — 18	Music Queue 18	תור מוזיקה|Music Queue
1767	מעקב מזג אוויר — 18	Weather Watch 18	מעקב מזג אוויר|Weather Watch
1768	לוח המשפחה — 18	Family Board 18	לוח המשפחה|Family Board
1769	גינת משימות — 18	Task Garden 18	גינת משימות|Task Garden
1770	ארון קבצים — 18	File Cabinet 18	ארון קבצים|File Cabinet
1771	ניטור מכשיר — 18	Device Monitor 18	ניטור מכשיר|Device Monitor
1772	פנקס פגישות — 18	Meeting Pad 18	פנקס פגישות|Meeting Pad
1773	שולחן חשבוניות — 18	Invoice Desk 18	שולחן חשבוניות|Invoice Desk
1774	כרטיסי שפה — 18	Language Cards 18	כרטיסי שפה|Language Cards
1775	סטודיו סקיצה — 18	Sketch Studio 18	סטודיו סקיצה|Sketch Studio
1776	חדר מיקוד — 18	Focus Room 18	חדר מיקוד|Focus Room
1777	מתכנן יומי — 18	Daily Planner 18	מתכנן יומי|Daily Planner
1778	מפת כיס — 18	Map Pocket 18	מפת כיס|Map Pocket
1779	תקציר חדשות — 18	News Digest 18	תקציר חדשות|News Digest
1780	לוקר סיסמאות — 18	Password Locker 18	לוקר סיסמאות|Password Locker
1781	פתקי ענן — 18	Cloud Notes 18	פתקי ענן|Cloud Notes
1782	ספר הוצאות — 18	Expense Book 18	ספר הוצאות|Expense Book
1783	מתכנן ארוחות — 18	Meal Planner 18	מתכנן ארוחות|Meal Planner
1784	יומן רכב — 18	Car Log 18	יומן רכב|Car Log
1785	מדריך גינה — 18	Garden Guide 18	מדריך גינה|Garden Guide
1786	יומן חיית מחמד — 18	Pet Journal 18	יומן חיית מחמד|Pet Journal
1787	מעבדת מתמטיקה — 18	Math Lab 18	מעבדת מתמטיקה|Math Lab
1788	כרטיסי מדע — 18	Science Cards 18	כרטיסי מדע|Science Cards
1789	אטלס היסטוריה — 18	History Atlas 18	אטלס היסטוריה|History Atlas
1790	בונה מילים — 18	Word Builder 18	בונה מילים|Word Builder
1791	מאמן זיכרון — 18	Memory Trainer 18	מאמן זיכרון|Memory Trainer
1792	קורא כרטיסים — 18	Flash Reader 18	קורא כרטיסים|Flash Reader
1793	שולחן PDF — 18	PDF Desk 18	שולחן PDF|PDF Desk
1794	מדף מסמכים — 18	Document Shelf 18	מדף מסמכים|Document Shelf
1795	ערכת QR — 18	QR Toolkit 18	ערכת QR|QR Toolkit
1796	מרכז סריקה — 18	Scanner Hub 18	מרכז סריקה|Scanner Hub
1797	קופסת ברקודים — 18	Barcode Box 18	קופסת ברקודים|Barcode Box
1798	לוח העתקה — 18	Clipboard Pro 18	לוח העתקה|Clipboard Pro
1799	חפיסת שלט — 18	Remote Deck 18	חפיסת שלט|Remote Deck
1800	שולחן מדפסות — 18	Printer Desk 18	שולחן מדפסות|Printer Desk
1801	תאורת בית — 18	Home Lights 18	תאורת בית|Home Lights
1802	אקלים חדר — 18	Room Climate 18	אקלים חדר|Room Climate
1803	רשימת דלתות — 18	Door List 18	רשימת דלתות|Door List
1804	לוח אזעקות — 18	Alarm Board 18	לוח אזעקות|Alarm Board
1805	קופסת טיימרים — 18	Timer Box 18	קופסת טיימרים|Timer Box
1806	פנקס לוח שנה — 18	Calendar Pad 18	פנקס לוח שנה|Calendar Pad
1807	ספר אנשי קשר — 18	Contact Book 18	ספר אנשי קשר|Contact Book
1808	רשימות שיחה — 18	Call Notes 18	רשימות שיחה|Call Notes
1809	שולחן הודעות — 18	Message Desk 18	שולחן הודעות|Message Desk
1810	כיס דואר — 18	Mail Pocket 18	כיס דואר|Mail Pocket
1811	מדף דפדפן — 18	Browser Shelf 18	מדף דפדפן|Browser Shelf
1812	שומר קישורים — 18	Link Keeper 18	שומר קישורים|Link Keeper
1813	קופסת סימניות — 18	Bookmark Box 18	קופסת סימניות|Bookmark Box
1814	שולחן הורדות — 18	Download Desk 18	שולחן הורדות|Download Desk
1815	קופסת העלאות — 18	Upload Box 18	קופסת העלאות|Upload Box
1816	עדשת אחסון — 18	Storage Lens 18	עדשת אחסון|Storage Lens
1817	מעקב סוללה — 18	Battery Watch 18	מעקב סוללה|Battery Watch
1818	מד עוצמת אות — 18	Signal Meter 18	מד עוצמת אות|Signal Meter
1819	שולחן רשת — 18	Network Desk 18	שולחן רשת|Network Desk
1820	מרכז Bluetooth — 18	Bluetooth Hub 18	מרכז Bluetooth|Bluetooth Hub
1821	מדריך WiFi — 18	WiFi Guide 18	מדריך WiFi|WiFi Guide
1822	לוח נקודה חמה — 18	Hotspot Panel 18	לוח נקודה חמה|Hotspot Panel
1823	שידור מסך — 18	Screen Cast 18	שידור מסך|Screen Cast
1824	שלט מדיה — 18	Media Remote 18	שלט מדיה|Media Remote
1825	חפיסת שמע — 18	Audio Deck 18	חפיסת שמע|Audio Deck
1826	מדף וידאו — 18	Video Shelf 18	מדף וידאו|Video Shelf
1827	כיס רדיו — 18	Radio Pocket 18	כיס רדיו|Radio Pocket
1828	שולחן פודקאסט — 18	Podcast Desk 18	שולחן פודקאסט|Podcast Desk
1829	הערות מצלמה — 18	Camera Notes 18	הערות מצלמה|Camera Notes
1830	ממיין גלריה — 18	Gallery Sorter 18	ממיין גלריה|Gallery Sorter
1831	קופסת צילומי מסך — 18	Screenshot Box 18	קופסת צילומי מסך|Screenshot Box
1832	חדר הקלטות — 18	Recorder Room 18	חדר הקלטות|Recorder Room
1833	מקליט פגישות — 18	Meeting Recorder 18	מקליט פגישות|Meeting Recorder
1834	פנקס תמלול — 18	Transcript Pad 18	פנקס תמלול|Transcript Pad
1835	כיס תרגום — 18	Translate Pocket 18	כיס תרגום|Translate Pocket
1836	שולחן מילון — 18	Dictionary Desk 18	שולחן מילון|Dictionary Desk
1837	מעבדת דקדוק — 18	Grammar Lab 18	מעבדת דקדוק|Grammar Lab
1838	חדר כתיבה — 18	Writing Room 18	חדר כתיבה|Writing Room
1839	חדר קריאה — 18	Reading Room 18	חדר קריאה|Reading Room
1840	שולחן ציטוטים — 18	Citation Desk 18	שולחן ציטוטים|Citation Desk
1841	פנקס מחקר — 18	Research Pad 18	פנקס מחקר|Research Pad
1842	לוח פרויקט — 18	Project Board 18	לוח פרויקט|Project Board
1843	ערימת רעיונות — 18	Idea Stack 18	ערימת רעיונות|Idea Stack
1844	מפת חשיבה — 18	Mind Map 18	מפת חשיבה|Mind Map
1845	מרכז רשימות — 18	Checklist Hub 18	מרכז רשימות|Checklist Hub
1846	גינת הרגלים — 18	Habit Garden 18	גינת הרגלים|Habit Garden
1847	יומן מצב רוח — 18	Mood Journal 18	יומן מצב רוח|Mood Journal
1848	מעקב מים — 18	Water Tracker 18	מעקב מים|Water Tracker
1849	תזכורת תרופות — 18	Medicine Reminder 18	תזכורת תרופות|Medicine Reminder
1850	קופסת בטיחות — 18	Safety Box 18	קופסת בטיחות|Safety Box
1851	שולחן פרטיות — 18	Privacy Desk 18	שולחן פרטיות|Privacy Desk
1852	מדריך גישה — 18	Access Guide 18	מדריך גישה|Access Guide
1853	מפת הרשאות — 18	Permission Map 18	מפת הרשאות|Permission Map
1854	מדף אפליקציות — 18	App Shelf 18	מדף אפליקציות|App Shelf
1855	מחברת תקציב — 19	Pocket Ledger 19	מחברת תקציב|Pocket Ledger
1856	מצפן מסלולים — 19	Trail Compass 19	מצפן מסלולים|Trail Compass
1857	שולחן לימוד — 19	Study Desk 19	שולחן לימוד|Study Desk
1858	מזווה הבית — 19	Home Pantry 19	מזווה הבית|Home Pantry
1859	כספת צילום — 19	Photo Vault 19	כספת צילום|Photo Vault
1860	יומן קולי — 19	Voice Journal 19	יומן קולי|Voice Journal
1861	טייס תקציב — 19	Budget Pilot 19	טייס תקציב|Budget Pilot
1862	טיימר שינה — 19	Sleep Timer 19	טיימר שינה|Sleep Timer
1863	שומר צמחים — 19	Plant Keeper 19	שומר צמחים|Plant Keeper
1864	מדף מתכונים — 19	Recipe Shelf 19	מדף מתכונים|Recipe Shelf
1865	מחברת טיולים — 19	Travel Notebook 19	מחברת טיולים|Travel Notebook
1866	יומן אימונים — 19	Workout Log 19	יומן אימונים|Workout Log
1867	כיס קוד — 19	Code Pocket 19	כיס קוד|Code Pocket
1868	מדף ספרים — 19	Book Shelf 19	מדף ספרים|Book Shelf
1869	תור מוזיקה — 19	Music Queue 19	תור מוזיקה|Music Queue
1870	מעקב מזג אוויר — 19	Weather Watch 19	מעקב מזג אוויר|Weather Watch
1871	לוח המשפחה — 19	Family Board 19	לוח המשפחה|Family Board
1872	גינת משימות — 19	Task Garden 19	גינת משימות|Task Garden
1873	ארון קבצים — 19	File Cabinet 19	ארון קבצים|File Cabinet
1874	ניטור מכשיר — 19	Device Monitor 19	ניטור מכשיר|Device Monitor
1875	פנקס פגישות — 19	Meeting Pad 19	פנקס פגישות|Meeting Pad
1876	שולחן חשבוניות — 19	Invoice Desk 19	שולחן חשבוניות|Invoice Desk
1877	כרטיסי שפה — 19	Language Cards 19	כרטיסי שפה|Language Cards
1878	סטודיו סקיצה — 19	Sketch Studio 19	סטודיו סקיצה|Sketch Studio
1879	חדר מיקוד — 19	Focus Room 19	חדר מיקוד|Focus Room
1880	מתכנן יומי — 19	Daily Planner 19	מתכנן יומי|Daily Planner
1881	מפת כיס — 19	Map Pocket 19	מפת כיס|Map Pocket
1882	תקציר חדשות — 19	News Digest 19	תקציר חדשות|News Digest
1883	לוקר סיסמאות — 19	Password Locker 19	לוקר סיסמאות|Password Locker
1884	פתקי ענן — 19	Cloud Notes 19	פתקי ענן|Cloud Notes
1885	ספר הוצאות — 19	Expense Book 19	ספר הוצאות|Expense Book
1886	מתכנן ארוחות — 19	Meal Planner 19	מתכנן ארוחות|Meal Planner
1887	יומן רכב — 19	Car Log 19	יומן רכב|Car Log
1888	מדריך גינה — 19	Garden Guide 19	מדריך גינה|Garden Guide
1889	יומן חיית מחמד — 19	Pet Journal 19	יומן חיית מחמד|Pet Journal
1890	מעבדת מתמטיקה — 19	Math Lab 19	מעבדת מתמטיקה|Math Lab
1891	כרטיסי מדע — 19	Science Cards 19	כרטיסי מדע|Science Cards
1892	אטלס היסטוריה — 19	History Atlas 19	אטלס היסטוריה|History Atlas
1893	בונה מילים — 19	Word Builder 19	בונה מילים|Word Builder
1894	מאמן זיכרון — 19	Memory Trainer 19	מאמן זיכרון|Memory Trainer
1895	קורא כרטיסים — 19	Flash Reader 19	קורא כרטיסים|Flash Reader
1896	שולחן PDF — 19	PDF Desk 19	שולחן PDF|PDF Desk
1897	מדף מסמכים — 19	Document Shelf 19	מדף מסמכים|Document Shelf
1898	ערכת QR — 19	QR Toolkit 19	ערכת QR|QR Toolkit
1899	מרכז סריקה — 19	Scanner Hub 19	מרכז סריקה|Scanner Hub
1900	קופסת ברקודים — 19	Barcode Box 19	קופסת ברקודים|Barcode Box
1901	לוח העתקה — 19	Clipboard Pro 19	לוח העתקה|Clipboard Pro
1902	חפיסת שלט — 19	Remote Deck 19	חפיסת שלט|Remote Deck
1903	שולחן מדפסות — 19	Printer Desk 19	שולחן מדפסות|Printer Desk
1904	תאורת בית — 19	Home Lights 19	תאורת בית|Home Lights
1905	אקלים חדר — 19	Room Climate 19	אקלים חדר|Room Climate
1906	רשימת דלתות — 19	Door List 19	רשימת דלתות|Door List
1907	לוח אזעקות — 19	Alarm Board 19	לוח אזעקות|Alarm Board
1908	קופסת טיימרים — 19	Timer Box 19	קופסת טיימרים|Timer Box
1909	פנקס לוח שנה — 19	Calendar Pad 19	פנקס לוח שנה|Calendar Pad
1910	ספר אנשי קשר — 19	Contact Book 19	ספר אנשי קשר|Contact Book
1911	רשימות שיחה — 19	Call Notes 19	רשימות שיחה|Call Notes
1912	שולחן הודעות — 19	Message Desk 19	שולחן הודעות|Message Desk
1913	כיס דואר — 19	Mail Pocket 19	כיס דואר|Mail Pocket
1914	מדף דפדפן — 19	Browser Shelf 19	מדף דפדפן|Browser Shelf
1915	שומר קישורים — 19	Link Keeper 19	שומר קישורים|Link Keeper
1916	קופסת סימניות — 19	Bookmark Box 19	קופסת סימניות|Bookmark Box
1917	שולחן הורדות — 19	Download Desk 19	שולחן הורדות|Download Desk
1918	קופסת העלאות — 19	Upload Box 19	קופסת העלאות|Upload Box
1919	עדשת אחסון — 19	Storage Lens 19	עדשת אחסון|Storage Lens
1920	מעקב סוללה — 19	Battery Watch 19	מעקב סוללה|Battery Watch
1921	מד עוצמת אות — 19	Signal Meter 19	מד עוצמת אות|Signal Meter
1922	שולחן רשת — 19	Network Desk 19	שולחן רשת|Network Desk
1923	מרכז Bluetooth — 19	Bluetooth Hub 19	מרכז Bluetooth|Bluetooth Hub
1924	מדריך WiFi — 19	WiFi Guide 19	מדריך WiFi|WiFi Guide
1925	לוח נקודה חמה — 19	Hotspot Panel 19	לוח נקודה חמה|Hotspot Panel
1926	שידור מסך — 19	Screen Cast 19	שידור מסך|Screen Cast
1927	שלט מדיה — 19	Media Remote 19	שלט מדיה|Media Remote
1928	חפיסת שמע — 19	Audio Deck 19	חפיסת שמע|Audio Deck
1929	מדף וידאו — 19	Video Shelf 19	מדף וידאו|Video Shelf
1930	כיס רדיו — 19	Radio Pocket 19	כיס רדיו|Radio Pocket
1931	שולחן פודקאסט — 19	Podcast Desk 19	שולחן פודקאסט|Podcast Desk
1932	הערות מצלמה — 19	Camera Notes 19	הערות מצלמה|Camera Notes
1933	ממיין גלריה — 19	Gallery Sorter 19	ממיין גלריה|Gallery Sorter
1934	קופסת צילומי מסך — 19	Screenshot Box 19	קופסת צילומי מסך|Screenshot Box
1935	חדר הקלטות — 19	Recorder Room 19	חדר הקלטות|Recorder Room
1936	מקליט פגישות — 19	Meeting Recorder 19	מקליט פגישות|Meeting Recorder
1937	פנקס תמלול — 19	Transcript Pad 19	פנקס תמלול|Transcript Pad
1938	כיס תרגום — 19	Translate Pocket 19	כיס תרגום|Translate Pocket
1939	שולחן מילון — 19	Dictionary Desk 19	שולחן מילון|Dictionary Desk
1940	מעבדת דקדוק — 19	Grammar Lab 19	מעבדת דקדוק|Grammar Lab
1941	חדר כתיבה — 19	Writing Room 19	חדר כתיבה|Writing Room
1942	חדר קריאה — 19	Reading Room 19	חדר קריאה|Reading Room
1943	שולחן ציטוטים — 19	Citation Desk 19	שולחן ציטוטים|Citation Desk
1944	פנקס מחקר — 19	Research Pad 19	פנקס מחקר|Research Pad
1945	לוח פרויקט — 19	Project Board 19	לוח פרויקט|Project Board
1946	ערימת רעיונות — 19	Idea Stack 19	ערימת רעיונות|Idea Stack
1947	מפת חשיבה — 19	Mind Map 19	מפת חשיבה|Mind Map
1948	מרכז רשימות — 19	Checklist Hub 19	מרכז רשימות|Checklist Hub
1949	גינת הרגלים — 19	Habit Garden 19	גינת הרגלים|Habit Garden
1950	יומן מצב רוח — 19	Mood Journal 19	יומן מצב רוח|Mood Journal
1951	מעקב מים — 19	Water Tracker 19	מעקב מים|Water Tracker
1952	תזכורת תרופות — 19	Medicine Reminder 19	תזכורת תרופות|Medicine Reminder
1953	קופסת בטיחות — 19	Safety Box 19	קופסת בטיחות|Safety Box
1954	שולחן פרטיות — 19	Privacy Desk 19	שולחן פרטיות|Privacy Desk
1955	מדריך גישה — 19	Access Guide 19	מדריך גישה|Access Guide
1956	מפת הרשאות — 19	Permission Map 19	מפת הרשאות|Permission Map
1957	מדף אפליקציות — 19	App Shelf 19	מדף אפליקציות|App Shelf
1958	מחברת תקציב — 20	Pocket Ledger 20	מחברת תקציב|Pocket Ledger
1959	מצפן מסלולים — 20	Trail Compass 20	מצפן מסלולים|Trail Compass
1960	שולחן לימוד — 20	Study Desk 20	שולחן לימוד|Study Desk
1961	מזווה הבית — 20	Home Pantry 20	מזווה הבית|Home Pantry
1962	כספת צילום — 20	Photo Vault 20	כספת צילום|Photo Vault
1963	יומן קולי — 20	Voice Journal 20	יומן קולי|Voice Journal
1964	טייס תקציב — 20	Budget Pilot 20	טייס תקציב|Budget Pilot
1965	טיימר שינה — 20	Sleep Timer 20	טיימר שינה|Sleep Timer
1966	שומר צמחים — 20	Plant Keeper 20	שומר צמחים|Plant Keeper
1967	מדף מתכונים — 20	Recipe Shelf 20	מדף מתכונים|Recipe Shelf
1968	מחברת טיולים — 20	Travel Notebook 20	מחברת טיולים|Travel Notebook
1969	יומן אימונים — 20	Workout Log 20	יומן אימונים|Workout Log
1970	כיס קוד — 20	Code Pocket 20	כיס קוד|Code Pocket
1971	מדף ספרים — 20	Book Shelf 20	מדף ספרים|Book Shelf
1972	תור מוזיקה — 20	Music Queue 20	תור מוזיקה|Music Queue
1973	מעקב מזג אוויר — 20	Weather Watch 20	מעקב מזג אוויר|Weather Watch
1974	לוח המשפחה — 20	Family Board 20	לוח המשפחה|Family Board
1975	גינת משימות — 20	Task Garden 20	גינת משימות|Task Garden
1976	ארון קבצים — 20	File Cabinet 20	ארון קבצים|File Cabinet
1977	ניטור מכשיר — 20	Device Monitor 20	ניטור מכשיר|Device Monitor
1978	פנקס פגישות — 20	Meeting Pad 20	פנקס פגישות|Meeting Pad
1979	שולחן חשבוניות — 20	Invoice Desk 20	שולחן חשבוניות|Invoice Desk
1980	כרטיסי שפה — 20	Language Cards 20	כרטיסי שפה|Language Cards
1981	סטודיו סקיצה — 20	Sketch Studio 20	סטודיו סקיצה|Sketch Studio
1982	חדר מיקוד — 20	Focus Room 20	חדר מיקוד|Focus Room
1983	מתכנן יומי — 20	Daily Planner 20	מתכנן יומי|Daily Planner
1984	מפת כיס — 20	Map Pocket 20	מפת כיס|Map Pocket
1985	תקציר חדשות — 20	News Digest 20	תקציר חדשות|News Digest
1986	לוקר סיסמאות — 20	Password Locker 20	לוקר סיסמאות|Password Locker
1987	פתקי ענן — 20	Cloud Notes 20	פתקי ענן|Cloud Notes
1988	ספר הוצאות — 20	Expense Book 20	ספר הוצאות|Expense Book
1989	מתכנן ארוחות — 20	Meal Planner 20	מתכנן ארוחות|Meal Planner
1990	יומן רכב — 20	Car Log 20	יומן רכב|Car Log
1991	מדריך גינה — 20	Garden Guide 20	מדריך גינה|Garden Guide
1992	יומן חיית מחמד — 20	Pet Journal 20	יומן חיית מחמד|Pet Journal
1993	מעבדת מתמטיקה — 20	Math Lab 20	מעבדת מתמטיקה|Math Lab
1994	כרטיסי מדע — 20	Science Cards 20	כרטיסי מדע|Science Cards
1995	אטלס היסטוריה — 20	History Atlas 20	אטלס היסטוריה|History Atlas
1996	בונה מילים — 20	Word Builder 20	בונה מילים|Word Builder
1997	מאמן זיכרון — 20	Memory Trainer 20	מאמן זיכרון|Memory Trainer
1998	קורא כרטיסים — 20	Flash Reader 20	קורא כרטיסים|Flash Reader
1999	שולחן PDF — 20	PDF Desk 20	שולחן PDF|PDF Desk
2000	מדף מסמכים — 20	Document Shelf 20	מדף מסמכים|Document Shelf
