0001	שלום! אני אברהם העברי. מה תרצה לעשות?	Hello! I am Avraham HaIvri. What would you like to do?	שלום|היי|הי|hello|hi
0002	היי! אני כאן ומוכן.	Hello! I am Avraham HaIvri. What would you like to do?	שלום|היי|הי|hello|hi
0003	שלום! אפשר לכתוב לי בקשה רגילה.	Hello! I am Avraham HaIvri. What would you like to do?	שלום|היי|הי|hello|hi
0004	היי, שמח לראות אותך.	Hello! I am Avraham HaIvri. What would you like to do?	שלום|היי|הי|hello|hi
0005	שלום! הצ׳אט פתוח ומוכן.	Hello! I am Avraham HaIvri. What would you like to do?	שלום|היי|הי|hello|hi
0006	היי! אפשר לשאול אותי או לתת לי בקשה.	Hello! I am Avraham HaIvri. What would you like to do?	שלום|היי|הי|hello|hi
0007	שלום! אני עובד אופליין על המכשיר.	Hello! I am Avraham HaIvri. What would you like to do?	שלום|היי|הי|hello|hi
0008	היי. כתוב לי מה תרצה.	Hello! I am Avraham HaIvri. What would you like to do?	שלום|היי|הי|hello|hi
0009	שלום! אפשר לנסות גם ניסוחים טבעיים.	Hello! I am Avraham HaIvri. What would you like to do?	שלום|היי|הי|hello|hi
0010	היי! אין צורך לכתוב פקודה מדויקת.	Hello! I am Avraham HaIvri. What would you like to do?	שלום|היי|הי|hello|hi
0011	השם שלי הוא אברהם העברי.	My name is Avraham HaIvri.	מה השם שלך|השם שלך|איך קוראים לך|who are you|what is your name
0012	אני נקרא אברהם העברי.	My name is Avraham HaIvri.	מה השם שלך|השם שלך|איך קוראים לך|who are you|what is your name
0013	שם העוזר הוא אברהם העברי.	My name is Avraham HaIvri.	מה השם שלך|השם שלך|איך קוראים לך|who are you|what is your name
0014	אני אברהם העברי.	My name is Avraham HaIvri.	מה השם שלך|השם שלך|איך קוראים לך|who are you|what is your name
0015	השם שלי: אברהם העברי.	My name is Avraham HaIvri.	מה השם שלך|השם שלך|איך קוראים לך|who are you|what is your name
0016	קוראים לי אברהם העברי.	My name is Avraham HaIvri.	מה השם שלך|השם שלך|איך קוראים לך|who are you|what is your name
0017	אברהם העברי — זה השם שלי.	My name is Avraham HaIvri.	מה השם שלך|השם שלך|איך קוראים לך|who are you|what is your name
0018	אני העוזר המקומי שנקרא אברהם העברי.	My name is Avraham HaIvri.	מה השם שלך|השם שלך|איך קוראים לך|who are you|what is your name
0019	שם המערכת בצ׳אט הוא אברהם העברי.	My name is Avraham HaIvri.	מה השם שלך|השם שלך|איך קוראים לך|who are you|what is your name
0020	פשוט אפשר לקרוא לי אברהם.	My name is Avraham HaIvri.	מה השם שלך|השם שלך|איך קוראים לך|who are you|what is your name
0021	אני יכול לזהות מילות מפתח, להבין ניסוחים קרובים, לפתוח אפליקציות ולבצע פעולות Android שנתמכות.	I can recognize keywords, close wording, installed apps, and supported Android actions.	מה אתה יכול לעשות|יכולות|מה אתה יודע|capabilities|what can you do
0022	אני משלב מילים נרדפות, ביטויים והתאמה חלקית כדי לזהות בקשות.	I can recognize keywords, close wording, installed apps, and supported Android actions.	מה אתה יכול לעשות|יכולות|מה אתה יודע|capabilities|what can you do
0023	אני יכול לעבוד עם אפליקציות מותקנות, פעולות מערכת מוכרות ושיחה מקומית.	I can recognize keywords, close wording, installed apps, and supported Android actions.	מה אתה יכול לעשות|יכולות|מה אתה יודע|capabilities|what can you do
0024	אני עובד בלי מודל חיצוני ובלי צורך לשלוח את הבקשה לשרת.	I can recognize keywords, close wording, installed apps, and supported Android actions.	מה אתה יכול לעשות|יכולות|מה אתה יודע|capabilities|what can you do
0025	אני יודע לנתב בקשות לצ׳אט, לפתיחת אפליקציה ולפעולות מערכת.	I can recognize keywords, close wording, installed apps, and supported Android actions.	מה אתה יכול לעשות|יכולות|מה אתה יודע|capabilities|what can you do
0026	אני יכול להבין גם משפטים שלא מופיעים בדיוק כפי שנכתבו במאגר.	I can recognize keywords, close wording, installed apps, and supported Android actions.	מה אתה יכול לעשות|יכולות|מה אתה יודע|capabilities|what can you do
0027	אני יכול לזהות כמה מילות מפתח באותה הודעה ולחשב התאמה מצטברת.	I can recognize keywords, close wording, installed apps, and supported Android actions.	מה אתה יכול לעשות|יכולות|מה אתה יודע|capabilities|what can you do
0028	אני יכול לעבוד עם פקודות שמע ומדיה נתמכות.	I can recognize keywords, close wording, installed apps, and supported Android actions.	מה אתה יכול לעשות|יכולות|מה אתה יודע|capabilities|what can you do
0029	אני יכול לזהות שמות וכינויים נפוצים של אפליקציות.	I can recognize keywords, close wording, installed apps, and supported Android actions.	מה אתה יכול לעשות|יכולות|מה אתה יודע|capabilities|what can you do
0030	אני יכול לנסות להשיב ממאגר מקומי גם בלי אינטרנט.	I can recognize keywords, close wording, installed apps, and supported Android actions.	מה אתה יכול לעשות|יכולות|מה אתה יודע|capabilities|what can you do
0031	כתוב כמו שאתה מדבר. למשל: „מה השם שלך?”	Write naturally. You can ask a question or describe an action in Hebrew or English.	עזרה|תעזור לי|איך משתמשים|help
0032	אפשר לכתוב: „תתן לי חידה מצחיקה”.	Write naturally. You can ask a question or describe an action in Hebrew or English.	עזרה|תעזור לי|איך משתמשים|help
0033	אפשר לכתוב: „פתח לי כרום”.	Write naturally. You can ask a question or describe an action in Hebrew or English.	עזרה|תעזור לי|איך משתמשים|help
0034	אפשר לכתוב: „תגביה שמע”.	Write naturally. You can ask a question or describe an action in Hebrew or English.	עזרה|תעזור לי|איך משתמשים|help
0035	אפשר לכתוב משפט שלם; המנוע מחפש את מילות המפתח החשובות.	Write naturally. You can ask a question or describe an action in Hebrew or English.	עזרה|תעזור לי|איך משתמשים|help
0036	לא צריך לשחזר משפט מדויק מהמאגר.	Write naturally. You can ask a question or describe an action in Hebrew or English.	עזרה|תעזור לי|איך משתמשים|help
0037	נסח את הבקשה בחופשיות והמנוע ישלב כמה התאמות.	Write naturally. You can ask a question or describe an action in Hebrew or English.	עזרה|תעזור לי|איך משתמשים|help
0038	כשמדובר באפליקציה, כתוב את השם או הכינוי שלה.	Write naturally. You can ask a question or describe an action in Hebrew or English.	עזרה|תעזור לי|איך משתמשים|help
0039	כשמדובר בפעולת מערכת, כתוב את הפעולה ואת הנושא שלה.	Write naturally. You can ask a question or describe an action in Hebrew or English.	עזרה|תעזור לי|איך משתמשים|help
0040	גם עברית וגם אנגלית נתמכות.	Write naturally. You can ask a question or describe an action in Hebrew or English.	עזרה|תעזור לי|איך משתמשים|help
0041	אני בסדר ומוכן לעבודה.	I am ready and working offline.	מה נשמע|מה קורה|מה שלומך|how are you
0042	אני מוכן. מה תרצה לעשות?	I am ready and working offline.	מה נשמע|מה קורה|מה שלומך|how are you
0043	הכול בסדר כאן.	I am ready and working offline.	מה נשמע|מה קורה|מה שלומך|how are you
0044	אני מוכן לקבל בקשה.	I am ready and working offline.	מה נשמע|מה קורה|מה שלומך|how are you
0045	עובד ופעיל.	I am ready and working offline.	מה נשמע|מה קורה|מה שלומך|how are you
0046	אני כאן.	I am ready and working offline.	מה נשמע|מה קורה|מה שלומך|how are you
0047	מוכן. נסה אותי.	I am ready and working offline.	מה נשמע|מה קורה|מה שלומך|how are you
0048	אני מחכה לבקשה הבאה.	I am ready and working offline.	מה נשמע|מה קורה|מה שלומך|how are you
0049	פעיל ועובד אופליין.	I am ready and working offline.	מה נשמע|מה קורה|מה שלומך|how are you
0050	הכול טוב.	I am ready and working offline.	מה נשמע|מה קורה|מה שלומך|how are you
0051	בשמחה!	You are welcome!	תודה|תודה רבה|thanks|thank you
0052	על לא דבר.	You are welcome!	תודה|תודה רבה|thanks|thank you
0053	ברצון.	You are welcome!	תודה|תודה רבה|thanks|thank you
0054	בהחלט.	You are welcome!	תודה|תודה רבה|thanks|thank you
0055	בכיף.	You are welcome!	תודה|תודה רבה|thanks|thank you
0056	שמח לעזור.	You are welcome!	תודה|תודה רבה|thanks|thank you
0057	אני כאן בשביל זה.	You are welcome!	תודה|תודה רבה|thanks|thank you
0058	מעולה.	You are welcome!	תודה|תודה רבה|thanks|thank you
0059	כל הכבוד על הבדיקה.	You are welcome!	תודה|תודה רבה|thanks|thank you
0060	בשמחה תמיד.	You are welcome!	תודה|תודה רבה|thanks|thank you
0061	מה אמר ה־Wi‑Fi לנתב? אני מרגיש שיש בינינו חיבור.	Why did the computer go to the doctor? It had too many open windows.	בדיחה|בדיחה מצחיקה|תספר בדיחה|תן לי בדיחה|joke|funny joke
0062	למה המחשב הלך לרופא? היו לו יותר מדי חלונות פתוחים.	Why did the computer go to the doctor? It had too many open windows.	בדיחה|בדיחה מצחיקה|תספר בדיחה|תן לי בדיחה|joke|funny joke
0063	מה אמר הבאג למתכנת? אל תסגור אותי עדיין.	Why did the computer go to the doctor? It had too many open windows.	בדיחה|בדיחה מצחיקה|תספר בדיחה|תן לי בדיחה|joke|funny joke
0064	למה הטלפון רגוע? הוא על מצב שקט.	Why did the computer go to the doctor? It had too many open windows.	בדיחה|בדיחה מצחיקה|תספר בדיחה|תן לי בדיחה|joke|funny joke
0065	מה אמר הקובץ לתיקייה? אני צריך מקום.	Why did the computer go to the doctor? It had too many open windows.	בדיחה|בדיחה מצחיקה|תספר בדיחה|תן לי בדיחה|joke|funny joke
0066	למה הדפדפן התעייף? היו לו יותר מדי טאבים.	Why did the computer go to the doctor? It had too many open windows.	בדיחה|בדיחה מצחיקה|תספר בדיחה|תן לי בדיחה|joke|funny joke
0067	מה אמרה הסוללה למטען? אתה נותן לי כוח.	Why did the computer go to the doctor? It had too many open windows.	בדיחה|בדיחה מצחיקה|תספר בדיחה|תן לי בדיחה|joke|funny joke
0068	למה התוכנה חייכה? סוף סוף ה־build עבר.	Why did the computer go to the doctor? It had too many open windows.	בדיחה|בדיחה מצחיקה|תספר בדיחה|תן לי בדיחה|joke|funny joke
0069	מה אמר ה־CPU ל־RAM? תן לי קצת מקום לעבוד.	Why did the computer go to the doctor? It had too many open windows.	בדיחה|בדיחה מצחיקה|תספר בדיחה|תן לי בדיחה|joke|funny joke
0070	למה ה־USB מתלבט? הוא שוב מנסה את הצד השני.	Why did the computer go to the doctor? It had too many open windows.	בדיחה|בדיחה מצחיקה|תספר בדיחה|תן לי בדיחה|joke|funny joke
0071	מה יש לו מקשים אבל לא דלתות? מקלדת.	What has keys but no doors? A keyboard.	חידה|חידה מצחיקה|תן לי חידה|תתן לי חידה|חידון|riddle
0072	מה יש לו ידיים אבל לא מוחא כפיים? שעון.	What has keys but no doors? A keyboard.	חידה|חידה מצחיקה|תן לי חידה|תתן לי חידה|חידון|riddle
0073	מה רטוב ככל שהוא מייבש? מגבת.	What has keys but no doors? A keyboard.	חידה|חידה מצחיקה|תן לי חידה|תתן לי חידה|חידון|riddle
0074	מה יש לו שיניים אבל לא אוכל? מסרק.	What has keys but no doors? A keyboard.	חידה|חידה מצחיקה|תן לי חידה|תתן לי חידה|חידון|riddle
0075	מה מלא חורים ועדיין מחזיק מים? ספוג.	What has keys but no doors? A keyboard.	חידה|חידה מצחיקה|תן לי חידה|תתן לי חידה|חידון|riddle
0076	מה שייך לך אבל אחרים משתמשים בו יותר? השם שלך.	What has keys but no doors? A keyboard.	חידה|חידה מצחיקה|תן לי חידה|תתן לי חידה|חידון|riddle
0077	מה נעלם כשאומרים את שמו? שקט.	What has keys but no doors? A keyboard.	חידה|חידה מצחיקה|תן לי חידה|תתן לי חידה|חידון|riddle
0078	מה תמיד לפניך ואי אפשר לראות? העתיד.	What has keys but no doors? A keyboard.	חידה|חידה מצחיקה|תן לי חידה|תתן לי חידה|חידון|riddle
0079	מה יש לו צוואר אבל אין ראש? בקבוק.	What has keys but no doors? A keyboard.	חידה|חידה מצחיקה|תן לי חידה|תתן לי חידה|חידון|riddle
0080	מה יש לו עין אבל לא רואה? מחט.	What has keys but no doors? A keyboard.	חידה|חידה מצחיקה|תן לי חידה|תתן לי חידה|חידון|riddle
0081	Android משתמש במערכת הרשאות כדי להגביל גישה של אפליקציות למשאבים מסוימים.	Android uses permissions to control access that apps have to protected resources.	עובדה מעניינת|ספר לי עובדה|עובדה|fun fact
0082	RAM הוא זיכרון העבודה של המכשיר בזמן שתוכנות פועלות.	Android uses permissions to control access that apps have to protected resources.	עובדה מעניינת|ספר לי עובדה|עובדה|fun fact
0083	CPU מבצע פקודות וחישובים עבור מערכת ההפעלה והאפליקציות.	Android uses permissions to control access that apps have to protected resources.	עובדה מעניינת|ספר לי עובדה|עובדה|fun fact
0084	Bluetooth מיועד לתקשורת אלחוטית קצרת טווח.	Android uses permissions to control access that apps have to protected resources.	עובדה מעניינת|ספר לי עובדה|עובדה|fun fact
0085	Wi‑Fi מאפשר למכשירים להתחבר לרשת אלחוטית.	Android uses permissions to control access that apps have to protected resources.	עובדה מעניינת|ספר לי עובדה|עובדה|fun fact
0086	צילום מסך שומר תמונה של התוכן שמוצג במסך.	Android uses permissions to control access that apps have to protected resources.	עובדה מעניינת|ספר לי עובדה|עובדה|fun fact
0087	מצב טיסה משנה את מצב ממשקי התקשורת האלחוטיים בהתאם למכשיר.	Android uses permissions to control access that apps have to protected resources.	עובדה מעניינת|ספר לי עובדה|עובדה|fun fact
0088	NFC מיועד לתקשורת מקרוב בין מכשירים והתקנים תומכים.	Android uses permissions to control access that apps have to protected resources.	עובדה מעניינת|ספר לי עובדה|עובדה|fun fact
0089	נקודה חמה יכולה לשתף חיבור נתונים באמצעות Wi‑Fi במכשירים שתומכים בכך.	Android uses permissions to control access that apps have to protected resources.	עובדה מעניינת|ספר לי עובדה|עובדה|fun fact
0090	Android יכול להציג כמה אפליקציות אחרונות דרך מסך ה־Recents.	Android uses permissions to control access that apps have to protected resources.	עובדה מעניינת|ספר לי עובדה|עובדה|fun fact
0091	נכון — אני לא דורש משפט זהה. אני צובר התאמות של כמה מילות מפתח.	Yes. I combine keyword hits, phrases, synonyms, partial matches, and light typo tolerance.	מילת מפתח|מילות מפתח|איך אתה מזהה|keyword|keywords
0092	למשל „תתן לי חידה מצחיקה” יכול לפגוע ב„תתן לי”, „חידה” ו„מצחיקה”.	Yes. I combine keyword hits, phrases, synonyms, partial matches, and light typo tolerance.	מילת מפתח|מילות מפתח|איך אתה מזהה|keyword|keywords
0093	גם אם כתבת מילה פעמיים, כמו „היי היי”, עצם מילת המפתח עדיין מזוהה.	Yes. I combine keyword hits, phrases, synonyms, partial matches, and light typo tolerance.	מילת מפתח|מילות מפתח|איך אתה מזהה|keyword|keywords
0094	המנוע משלב התאמת ביטויים, מילים בודדות והתאמה חלקית.	Yes. I combine keyword hits, phrases, synonyms, partial matches, and light typo tolerance.	מילת מפתח|מילות מפתח|איך אתה מזהה|keyword|keywords
0095	כינוי כמו „כרום” יכול להתנרמל ל־Chrome לפני החיפוש.	Yes. I combine keyword hits, phrases, synonyms, partial matches, and light typo tolerance.	מילת מפתח|מילות מפתח|איך אתה מזהה|keyword|keywords
0096	מילת מפתח חשובה מקבלת יותר משקל כשכמה מילים באותה כוונה מתאימות.	Yes. I combine keyword hits, phrases, synonyms, partial matches, and light typo tolerance.	מילת מפתח|מילות מפתח|איך אתה מזהה|keyword|keywords
0097	פגיעה חלקית יכולה לעזור גם כשיש שגיאת כתיב קטנה.	Yes. I combine keyword hits, phrases, synonyms, partial matches, and light typo tolerance.	מילת מפתח|מילות מפתח|איך אתה מזהה|keyword|keywords
0098	אני לא אמור להסתמך רק על התאמה של המשפט כולו.	Yes. I combine keyword hits, phrases, synonyms, partial matches, and light typo tolerance.	מילת מפתח|מילות מפתח|איך אתה מזהה|keyword|keywords
0099	השאיפה היא לזהות כוונה מתוך כמה רמזים קצרים.	Yes. I combine keyword hits, phrases, synonyms, partial matches, and light typo tolerance.	מילת מפתח|מילות מפתח|איך אתה מזהה|keyword|keywords
0100	גם עברית וגם אנגלית עוברות נרמול לפני ההתאמה.	Yes. I combine keyword hits, phrases, synonyms, partial matches, and light typo tolerance.	מילת מפתח|מילות מפתח|איך אתה מזהה|keyword|keywords
0101	הנושא קול זמין במאגר ללא רשת.	The topic קול is available offline.	קול|volume
0102	הנושא מוזיקה זמין במאגר ללא רשת.	The topic מוזיקה is available offline.	מוזיקה|music
0103	הנושא שיר זמין במאגר ללא רשת.	The topic שיר is available offline.	שיר|track
0104	הנושא מסך זמין במאגר ללא רשת.	The topic מסך is available offline.	מסך|display
0105	הנושא רשת זמין במאגר ללא רשת.	The topic רשת is available offline.	רשת|network
0106	הנושא Wi-Fi זמין במאגר ללא רשת.	The topic Wi-Fi is available offline.	Wi-Fi|Wi-Fi
0107	הנושא Bluetooth זמין במאגר ללא רשת.	The topic Bluetooth is available offline.	Bluetooth|Bluetooth
0108	הנושא התראות זמין במאגר ללא רשת.	The topic התראות is available offline.	התראות|notifications
0109	הנושא קבצים זמין במאגר ללא רשת.	The topic קבצים is available offline.	קבצים|files
0110	הנושא תמונות זמין במאגר ללא רשת.	The topic תמונות is available offline.	תמונות|photos
0111	הנושא מצלמה זמין במאגר ללא רשת.	The topic מצלמה is available offline.	מצלמה|camera
0112	הנושא מיקרופון זמין במאגר ללא רשת.	The topic מיקרופון is available offline.	מיקרופון|microphone
0113	הנושא מיקום זמין במאגר ללא רשת.	The topic מיקום is available offline.	מיקום|location
0114	הנושא אפליקציות זמין במאגר ללא רשת.	The topic אפליקציות is available offline.	אפליקציות|apps
0115	הנושא דפדפן זמין במאגר ללא רשת.	The topic דפדפן is available offline.	דפדפן|browser
0116	הנושא הגדרות זמין במאגר ללא רשת.	The topic הגדרות is available offline.	הגדרות|settings
0117	הנושא מקלדת זמין במאגר ללא רשת.	The topic מקלדת is available offline.	מקלדת|keyboard
0118	הנושא שפה זמין במאגר ללא רשת.	The topic שפה is available offline.	שפה|language
0119	הנושא שעה זמין במאגר ללא רשת.	The topic שעה is available offline.	שעה|time
0120	הנושא תאריך זמין במאגר ללא רשת.	The topic תאריך is available offline.	תאריך|date
0121	הנושא פרטיות זמין במאגר ללא רשת.	The topic פרטיות is available offline.	פרטיות|privacy
0122	הנושא הרשאות זמין במאגר ללא רשת.	The topic הרשאות is available offline.	הרשאות|permissions
0123	הנושא גיבוי זמין במאגר ללא רשת.	The topic גיבוי is available offline.	גיבוי|backup
0124	הנושא עדכונים זמין במאגר ללא רשת.	The topic עדכונים is available offline.	עדכונים|updates
0125	הנושא נקודה חמה זמין במאגר ללא רשת.	The topic נקודה חמה is available offline.	נקודה חמה|hotspot
0126	הנושא VPN זמין במאגר ללא רשת.	The topic VPN is available offline.	VPN|VPN
0127	הנושא שיתוף זמין במאגר ללא רשת.	The topic שיתוף is available offline.	שיתוף|sharing
0128	הנושא הורדות זמין במאגר ללא רשת.	The topic הורדות is available offline.	הורדות|downloads
0129	הנושא חיפוש זמין במאגר ללא רשת.	The topic חיפוש is available offline.	חיפוש|search
0130	הנושא חנות זמין במאגר ללא רשת.	The topic חנות is available offline.	חנות|store
0131	הנושא משחקים זמין במאגר ללא רשת.	The topic משחקים is available offline.	משחקים|games
0132	הנושא לימודים זמין במאגר ללא רשת.	The topic לימודים is available offline.	לימודים|study
0133	הנושא קוד זמין במאגר ללא רשת.	The topic קוד is available offline.	קוד|code
0134	הנושא WhatsApp זמין במאגר ללא רשת.	The topic WhatsApp is available offline.	WhatsApp|WhatsApp
0135	הנושא YouTube זמין במאגר ללא רשת.	The topic YouTube is available offline.	YouTube|YouTube
0136	הנושא Chrome זמין במאגר ללא רשת.	The topic Chrome is available offline.	Chrome|Chrome
0137	הנושא Gmail זמין במאגר ללא רשת.	The topic Gmail is available offline.	Gmail|Gmail
0138	הנושא Maps זמין במאגר ללא רשת.	The topic Maps is available offline.	Maps|Maps
0139	הנושא Waze זמין במאגר ללא רשת.	The topic Waze is available offline.	Waze|Waze
0140	הנושא Spotify זמין במאגר ללא רשת.	The topic Spotify is available offline.	Spotify|Spotify
0141	הנושא Telegram זמין במאגר ללא רשת.	The topic Telegram is available offline.	Telegram|Telegram
0142	הנושא Discord זמין במאגר ללא רשת.	The topic Discord is available offline.	Discord|Discord
0143	הנושא Instagram זמין במאגר ללא רשת.	The topic Instagram is available offline.	Instagram|Instagram
0144	הנושא TikTok זמין במאגר ללא רשת.	The topic TikTok is available offline.	TikTok|TikTok
0145	הנושא Facebook זמין במאגר ללא רשת.	The topic Facebook is available offline.	Facebook|Facebook
0146	הנושא Netflix זמין במאגר ללא רשת.	The topic Netflix is available offline.	Netflix|Netflix
0147	הנושא צילום מסך זמין במאגר ללא רשת.	The topic צילום מסך is available offline.	צילום מסך|screenshot
0148	הנושא מסך הבית זמין במאגר ללא רשת.	The topic מסך הבית is available offline.	מסך הבית|home screen
0149	הנושא השיר הבא זמין במאגר ללא רשת.	The topic השיר הבא is available offline.	השיר הבא|next track
0150	הנושא השיר הקודם זמין במאגר ללא רשת.	The topic השיר הקודם is available offline.	השיר הקודם|previous track
0151	קיבלתי: עזרה.	Received: עזרה.	עזרה|help
0152	קיבלתי: שלום.	Received: שלום.	שלום|hello
0153	קיבלתי: סוללה.	Received: סוללה.	סוללה|battery
0154	קיבלתי: אחסון.	Received: אחסון.	אחסון|storage
0155	קיבלתי: שמע.	Received: שמע.	שמע|sound
0156	קיבלתי: קול.	Received: קול.	קול|volume
0157	קיבלתי: מוזיקה.	Received: מוזיקה.	מוזיקה|music
0158	קיבלתי: שיר.	Received: שיר.	שיר|track
0159	קיבלתי: מסך.	Received: מסך.	מסך|display
0160	קיבלתי: רשת.	Received: רשת.	רשת|network
0161	קיבלתי: Wi-Fi.	Received: Wi-Fi.	Wi-Fi|Wi-Fi
0162	קיבלתי: Bluetooth.	Received: Bluetooth.	Bluetooth|Bluetooth
0163	קיבלתי: התראות.	Received: התראות.	התראות|notifications
0164	קיבלתי: קבצים.	Received: קבצים.	קבצים|files
0165	קיבלתי: תמונות.	Received: תמונות.	תמונות|photos
0166	קיבלתי: מצלמה.	Received: מצלמה.	מצלמה|camera
0167	קיבלתי: מיקרופון.	Received: מיקרופון.	מיקרופון|microphone
0168	קיבלתי: מיקום.	Received: מיקום.	מיקום|location
0169	קיבלתי: אפליקציות.	Received: אפליקציות.	אפליקציות|apps
0170	קיבלתי: דפדפן.	Received: דפדפן.	דפדפן|browser
0171	קיבלתי: הגדרות.	Received: הגדרות.	הגדרות|settings
0172	קיבלתי: מקלדת.	Received: מקלדת.	מקלדת|keyboard
0173	קיבלתי: שפה.	Received: שפה.	שפה|language
0174	קיבלתי: שעה.	Received: שעה.	שעה|time
0175	קיבלתי: תאריך.	Received: תאריך.	תאריך|date
0176	קיבלתי: פרטיות.	Received: פרטיות.	פרטיות|privacy
0177	קיבלתי: הרשאות.	Received: הרשאות.	הרשאות|permissions
0178	קיבלתי: גיבוי.	Received: גיבוי.	גיבוי|backup
0179	קיבלתי: עדכונים.	Received: עדכונים.	עדכונים|updates
0180	קיבלתי: נקודה חמה.	Received: נקודה חמה.	נקודה חמה|hotspot
0181	קיבלתי: VPN.	Received: VPN.	VPN|VPN
0182	קיבלתי: שיתוף.	Received: שיתוף.	שיתוף|sharing
0183	קיבלתי: הורדות.	Received: הורדות.	הורדות|downloads
0184	קיבלתי: חיפוש.	Received: חיפוש.	חיפוש|search
0185	קיבלתי: חנות.	Received: חנות.	חנות|store
0186	קיבלתי: משחקים.	Received: משחקים.	משחקים|games
0187	קיבלתי: לימודים.	Received: לימודים.	לימודים|study
0188	קיבלתי: קוד.	Received: קוד.	קוד|code
0189	קיבלתי: WhatsApp.	Received: WhatsApp.	WhatsApp|WhatsApp
0190	קיבלתי: YouTube.	Received: YouTube.	YouTube|YouTube
0191	קיבלתי: Chrome.	Received: Chrome.	Chrome|Chrome
0192	קיבלתי: Gmail.	Received: Gmail.	Gmail|Gmail
0193	קיבלתי: Maps.	Received: Maps.	Maps|Maps
0194	קיבלתי: Waze.	Received: Waze.	Waze|Waze
0195	קיבלתי: Spotify.	Received: Spotify.	Spotify|Spotify
0196	קיבלתי: Telegram.	Received: Telegram.	Telegram|Telegram
0197	קיבלתי: Discord.	Received: Discord.	Discord|Discord
0198	קיבלתי: Instagram.	Received: Instagram.	Instagram|Instagram
0199	קיבלתי: TikTok.	Received: TikTok.	TikTok|TikTok
0200	קיבלתי: Facebook.	Received: Facebook.	Facebook|Facebook
0201	קיבלתי: Netflix.	Received: Netflix.	Netflix|Netflix
0202	קיבלתי: צילום מסך.	Received: צילום מסך.	צילום מסך|screenshot
0203	קיבלתי: מסך הבית.	Received: מסך הבית.	מסך הבית|home screen
0204	קיבלתי: השיר הבא.	Received: השיר הבא.	השיר הבא|next track
0205	קיבלתי: השיר הקודם.	Received: השיר הקודם.	השיר הקודם|previous track
0206	זיהוי עזרה הושלם.	זיהוי עזרה הושלם.	עזרה|help
0207	זיהוי שלום הושלם.	זיהוי שלום הושלם.	שלום|hello
0208	זיהוי סוללה הושלם.	זיהוי סוללה הושלם.	סוללה|battery
0209	זיהוי אחסון הושלם.	זיהוי אחסון הושלם.	אחסון|storage
0210	זיהוי שמע הושלם.	זיהוי שמע הושלם.	שמע|sound
0211	זיהוי קול הושלם.	זיהוי קול הושלם.	קול|volume
0212	זיהוי מוזיקה הושלם.	זיהוי מוזיקה הושלם.	מוזיקה|music
0213	זיהוי שיר הושלם.	זיהוי שיר הושלם.	שיר|track
0214	זיהוי מסך הושלם.	זיהוי מסך הושלם.	מסך|display
0215	זיהוי רשת הושלם.	זיהוי רשת הושלם.	רשת|network
0216	זיהוי Wi-Fi הושלם.	זיהוי Wi-Fi הושלם.	Wi-Fi|Wi-Fi
0217	זיהוי Bluetooth הושלם.	זיהוי Bluetooth הושלם.	Bluetooth|Bluetooth
0218	זיהוי התראות הושלם.	זיהוי התראות הושלם.	התראות|notifications
0219	זיהוי קבצים הושלם.	זיהוי קבצים הושלם.	קבצים|files
0220	זיהוי תמונות הושלם.	זיהוי תמונות הושלם.	תמונות|photos
0221	זיהוי מצלמה הושלם.	זיהוי מצלמה הושלם.	מצלמה|camera
0222	זיהוי מיקרופון הושלם.	זיהוי מיקרופון הושלם.	מיקרופון|microphone
0223	זיהוי מיקום הושלם.	זיהוי מיקום הושלם.	מיקום|location
0224	זיהוי אפליקציות הושלם.	זיהוי אפליקציות הושלם.	אפליקציות|apps
0225	זיהוי דפדפן הושלם.	זיהוי דפדפן הושלם.	דפדפן|browser
0226	זיהוי הגדרות הושלם.	זיהוי הגדרות הושלם.	הגדרות|settings
0227	זיהוי מקלדת הושלם.	זיהוי מקלדת הושלם.	מקלדת|keyboard
0228	זיהוי שפה הושלם.	זיהוי שפה הושלם.	שפה|language
0229	זיהוי שעה הושלם.	זיהוי שעה הושלם.	שעה|time
0230	זיהוי תאריך הושלם.	זיהוי תאריך הושלם.	תאריך|date
0231	זיהוי פרטיות הושלם.	זיהוי פרטיות הושלם.	פרטיות|privacy
0232	זיהוי הרשאות הושלם.	זיהוי הרשאות הושלם.	הרשאות|permissions
0233	זיהוי גיבוי הושלם.	זיהוי גיבוי הושלם.	גיבוי|backup
0234	זיהוי עדכונים הושלם.	זיהוי עדכונים הושלם.	עדכונים|updates
0235	זיהוי נקודה חמה הושלם.	זיהוי נקודה חמה הושלם.	נקודה חמה|hotspot
0236	זיהוי VPN הושלם.	זיהוי VPN הושלם.	VPN|VPN
0237	זיהוי שיתוף הושלם.	זיהוי שיתוף הושלם.	שיתוף|sharing
0238	זיהוי הורדות הושלם.	זיהוי הורדות הושלם.	הורדות|downloads
0239	זיהוי חיפוש הושלם.	זיהוי חיפוש הושלם.	חיפוש|search
0240	זיהוי חנות הושלם.	זיהוי חנות הושלם.	חנות|store
0241	זיהוי משחקים הושלם.	זיהוי משחקים הושלם.	משחקים|games
0242	זיהוי לימודים הושלם.	זיהוי לימודים הושלם.	לימודים|study
0243	זיהוי קוד הושלם.	זיהוי קוד הושלם.	קוד|code
0244	זיהוי WhatsApp הושלם.	זיהוי WhatsApp הושלם.	WhatsApp|WhatsApp
0245	זיהוי YouTube הושלם.	זיהוי YouTube הושלם.	YouTube|YouTube
0246	זיהוי Chrome הושלם.	זיהוי Chrome הושלם.	Chrome|Chrome
0247	זיהוי Gmail הושלם.	זיהוי Gmail הושלם.	Gmail|Gmail
0248	זיהוי Maps הושלם.	זיהוי Maps הושלם.	Maps|Maps
0249	זיהוי Waze הושלם.	זיהוי Waze הושלם.	Waze|Waze
0250	זיהוי Spotify הושלם.	זיהוי Spotify הושלם.	Spotify|Spotify
0251	זיהוי Telegram הושלם.	זיהוי Telegram הושלם.	Telegram|Telegram
0252	זיהוי Discord הושלם.	זיהוי Discord הושלם.	Discord|Discord
0253	זיהוי Instagram הושלם.	זיהוי Instagram הושלם.	Instagram|Instagram
0254	זיהוי TikTok הושלם.	זיהוי TikTok הושלם.	TikTok|TikTok
0255	זיהוי Facebook הושלם.	זיהוי Facebook הושלם.	Facebook|Facebook
0256	זיהוי Netflix הושלם.	זיהוי Netflix הושלם.	Netflix|Netflix
0257	זיהוי צילום מסך הושלם.	זיהוי צילום מסך הושלם.	צילום מסך|screenshot
0258	זיהוי מסך הבית הושלם.	זיהוי מסך הבית הושלם.	מסך הבית|home screen
0259	זיהוי השיר הבא הושלם.	זיהוי השיר הבא הושלם.	השיר הבא|next track
0260	זיהוי השיר הקודם הושלם.	זיהוי השיר הקודם הושלם.	השיר הקודם|previous track
0261	התגובה עבור עזרה מוכנה.	The response for עזרה is ready.	עזרה|help
0262	התגובה עבור שלום מוכנה.	The response for שלום is ready.	שלום|hello
0263	התגובה עבור סוללה מוכנה.	The response for סוללה is ready.	סוללה|battery
0264	התגובה עבור אחסון מוכנה.	The response for אחסון is ready.	אחסון|storage
0265	התגובה עבור שמע מוכנה.	The response for שמע is ready.	שמע|sound
0266	התגובה עבור קול מוכנה.	The response for קול is ready.	קול|volume
0267	התגובה עבור מוזיקה מוכנה.	The response for מוזיקה is ready.	מוזיקה|music
0268	התגובה עבור שיר מוכנה.	The response for שיר is ready.	שיר|track
0269	התגובה עבור מסך מוכנה.	The response for מסך is ready.	מסך|display
0270	התגובה עבור רשת מוכנה.	The response for רשת is ready.	רשת|network
0271	התגובה עבור Wi-Fi מוכנה.	The response for Wi-Fi is ready.	Wi-Fi|Wi-Fi
0272	התגובה עבור Bluetooth מוכנה.	The response for Bluetooth is ready.	Bluetooth|Bluetooth
0273	התגובה עבור התראות מוכנה.	The response for התראות is ready.	התראות|notifications
0274	התגובה עבור קבצים מוכנה.	The response for קבצים is ready.	קבצים|files
0275	התגובה עבור תמונות מוכנה.	The response for תמונות is ready.	תמונות|photos
0276	התגובה עבור מצלמה מוכנה.	The response for מצלמה is ready.	מצלמה|camera
0277	התגובה עבור מיקרופון מוכנה.	The response for מיקרופון is ready.	מיקרופון|microphone
0278	התגובה עבור מיקום מוכנה.	The response for מיקום is ready.	מיקום|location
0279	התגובה עבור אפליקציות מוכנה.	The response for אפליקציות is ready.	אפליקציות|apps
0280	התגובה עבור דפדפן מוכנה.	The response for דפדפן is ready.	דפדפן|browser
0281	התגובה עבור הגדרות מוכנה.	The response for הגדרות is ready.	הגדרות|settings
0282	התגובה עבור מקלדת מוכנה.	The response for מקלדת is ready.	מקלדת|keyboard
0283	התגובה עבור שפה מוכנה.	The response for שפה is ready.	שפה|language
0284	התגובה עבור שעה מוכנה.	The response for שעה is ready.	שעה|time
0285	התגובה עבור תאריך מוכנה.	The response for תאריך is ready.	תאריך|date
0286	התגובה עבור פרטיות מוכנה.	The response for פרטיות is ready.	פרטיות|privacy
0287	התגובה עבור הרשאות מוכנה.	The response for הרשאות is ready.	הרשאות|permissions
0288	התגובה עבור גיבוי מוכנה.	The response for גיבוי is ready.	גיבוי|backup
0289	התגובה עבור עדכונים מוכנה.	The response for עדכונים is ready.	עדכונים|updates
0290	התגובה עבור נקודה חמה מוכנה.	The response for נקודה חמה is ready.	נקודה חמה|hotspot
0291	התגובה עבור VPN מוכנה.	The response for VPN is ready.	VPN|VPN
0292	התגובה עבור שיתוף מוכנה.	The response for שיתוף is ready.	שיתוף|sharing
0293	התגובה עבור הורדות מוכנה.	The response for הורדות is ready.	הורדות|downloads
0294	התגובה עבור חיפוש מוכנה.	The response for חיפוש is ready.	חיפוש|search
0295	התגובה עבור חנות מוכנה.	The response for חנות is ready.	חנות|store
0296	התגובה עבור משחקים מוכנה.	The response for משחקים is ready.	משחקים|games
0297	התגובה עבור לימודים מוכנה.	The response for לימודים is ready.	לימודים|study
0298	התגובה עבור קוד מוכנה.	The response for קוד is ready.	קוד|code
0299	התגובה עבור WhatsApp מוכנה.	The response for WhatsApp is ready.	WhatsApp|WhatsApp
0300	התגובה עבור YouTube מוכנה.	The response for YouTube is ready.	YouTube|YouTube
0301	התגובה עבור Chrome מוכנה.	The response for Chrome is ready.	Chrome|Chrome
0302	התגובה עבור Gmail מוכנה.	The response for Gmail is ready.	Gmail|Gmail
0303	התגובה עבור Maps מוכנה.	The response for Maps is ready.	Maps|Maps
0304	התגובה עבור Waze מוכנה.	The response for Waze is ready.	Waze|Waze
0305	התגובה עבור Spotify מוכנה.	The response for Spotify is ready.	Spotify|Spotify
0306	התגובה עבור Telegram מוכנה.	The response for Telegram is ready.	Telegram|Telegram
0307	התגובה עבור Discord מוכנה.	The response for Discord is ready.	Discord|Discord
0308	התגובה עבור Instagram מוכנה.	The response for Instagram is ready.	Instagram|Instagram
0309	התגובה עבור TikTok מוכנה.	The response for TikTok is ready.	TikTok|TikTok
0310	התגובה עבור Facebook מוכנה.	The response for Facebook is ready.	Facebook|Facebook
0311	התגובה עבור Netflix מוכנה.	The response for Netflix is ready.	Netflix|Netflix
0312	התגובה עבור צילום מסך מוכנה.	The response for צילום מסך is ready.	צילום מסך|screenshot
0313	התגובה עבור מסך הבית מוכנה.	The response for מסך הבית is ready.	מסך הבית|home screen
0314	התגובה עבור השיר הבא מוכנה.	The response for השיר הבא is ready.	השיר הבא|next track
0315	התגובה עבור השיר הקודם מוכנה.	The response for השיר הקודם is ready.	השיר הקודם|previous track
0316	נמצאה התאמה ל-עזרה.	Found a match for עזרה.	עזרה|help
0317	נמצאה התאמה ל-שלום.	Found a match for שלום.	שלום|hello
0318	נמצאה התאמה ל-סוללה.	Found a match for סוללה.	סוללה|battery
0319	נמצאה התאמה ל-אחסון.	Found a match for אחסון.	אחסון|storage
0320	נמצאה התאמה ל-שמע.	Found a match for שמע.	שמע|sound
0321	נמצאה התאמה ל-קול.	Found a match for קול.	קול|volume
0322	נמצאה התאמה ל-מוזיקה.	Found a match for מוזיקה.	מוזיקה|music
0323	נמצאה התאמה ל-שיר.	Found a match for שיר.	שיר|track
0324	נמצאה התאמה ל-מסך.	Found a match for מסך.	מסך|display
0325	נמצאה התאמה ל-רשת.	Found a match for רשת.	רשת|network
0326	נמצאה התאמה ל-Wi-Fi.	Found a match for Wi-Fi.	Wi-Fi|Wi-Fi
0327	נמצאה התאמה ל-Bluetooth.	Found a match for Bluetooth.	Bluetooth|Bluetooth
0328	נמצאה התאמה ל-התראות.	Found a match for התראות.	התראות|notifications
0329	נמצאה התאמה ל-קבצים.	Found a match for קבצים.	קבצים|files
0330	נמצאה התאמה ל-תמונות.	Found a match for תמונות.	תמונות|photos
0331	נמצאה התאמה ל-מצלמה.	Found a match for מצלמה.	מצלמה|camera
0332	נמצאה התאמה ל-מיקרופון.	Found a match for מיקרופון.	מיקרופון|microphone
0333	נמצאה התאמה ל-מיקום.	Found a match for מיקום.	מיקום|location
0334	נמצאה התאמה ל-אפליקציות.	Found a match for אפליקציות.	אפליקציות|apps
0335	נמצאה התאמה ל-דפדפן.	Found a match for דפדפן.	דפדפן|browser
0336	נמצאה התאמה ל-הגדרות.	Found a match for הגדרות.	הגדרות|settings
0337	נמצאה התאמה ל-מקלדת.	Found a match for מקלדת.	מקלדת|keyboard
0338	נמצאה התאמה ל-שפה.	Found a match for שפה.	שפה|language
0339	נמצאה התאמה ל-שעה.	Found a match for שעה.	שעה|time
0340	נמצאה התאמה ל-תאריך.	Found a match for תאריך.	תאריך|date
0341	נמצאה התאמה ל-פרטיות.	Found a match for פרטיות.	פרטיות|privacy
0342	נמצאה התאמה ל-הרשאות.	Found a match for הרשאות.	הרשאות|permissions
0343	נמצאה התאמה ל-גיבוי.	Found a match for גיבוי.	גיבוי|backup
0344	נמצאה התאמה ל-עדכונים.	Found a match for עדכונים.	עדכונים|updates
0345	נמצאה התאמה ל-נקודה חמה.	Found a match for נקודה חמה.	נקודה חמה|hotspot
0346	נמצאה התאמה ל-VPN.	Found a match for VPN.	VPN|VPN
0347	נמצאה התאמה ל-שיתוף.	Found a match for שיתוף.	שיתוף|sharing
0348	נמצאה התאמה ל-הורדות.	Found a match for הורדות.	הורדות|downloads
0349	נמצאה התאמה ל-חיפוש.	Found a match for חיפוש.	חיפוש|search
0350	נמצאה התאמה ל-חנות.	Found a match for חנות.	חנות|store
0351	נמצאה התאמה ל-משחקים.	Found a match for משחקים.	משחקים|games
0352	נמצאה התאמה ל-לימודים.	Found a match for לימודים.	לימודים|study
0353	נמצאה התאמה ל-קוד.	Found a match for קוד.	קוד|code
0354	נמצאה התאמה ל-WhatsApp.	Found a match for WhatsApp.	WhatsApp|WhatsApp
0355	נמצאה התאמה ל-YouTube.	Found a match for YouTube.	YouTube|YouTube
0356	נמצאה התאמה ל-Chrome.	Found a match for Chrome.	Chrome|Chrome
0357	נמצאה התאמה ל-Gmail.	Found a match for Gmail.	Gmail|Gmail
0358	נמצאה התאמה ל-Maps.	Found a match for Maps.	Maps|Maps
0359	נמצאה התאמה ל-Waze.	Found a match for Waze.	Waze|Waze
0360	נמצאה התאמה ל-Spotify.	Found a match for Spotify.	Spotify|Spotify
0361	נמצאה התאמה ל-Telegram.	Found a match for Telegram.	Telegram|Telegram
0362	נמצאה התאמה ל-Discord.	Found a match for Discord.	Discord|Discord
0363	נמצאה התאמה ל-Instagram.	Found a match for Instagram.	Instagram|Instagram
0364	נמצאה התאמה ל-TikTok.	Found a match for TikTok.	TikTok|TikTok
0365	נמצאה התאמה ל-Facebook.	Found a match for Facebook.	Facebook|Facebook
0366	נמצאה התאמה ל-Netflix.	Found a match for Netflix.	Netflix|Netflix
0367	נמצאה התאמה ל-צילום מסך.	Found a match for צילום מסך.	צילום מסך|screenshot
0368	נמצאה התאמה ל-מסך הבית.	Found a match for מסך הבית.	מסך הבית|home screen
0369	נמצאה התאמה ל-השיר הבא.	Found a match for השיר הבא.	השיר הבא|next track
0370	נמצאה התאמה ל-השיר הקודם.	Found a match for השיר הקודם.	השיר הקודם|previous track
0371	המערכת מוכנה לטפל בנושא עזרה.	המערכת is ready לטפל בנושא עזרה.	עזרה|help
0372	המערכת מוכנה לטפל בנושא שלום.	המערכת is ready לטפל בנושא שלום.	שלום|hello
0373	המערכת מוכנה לטפל בנושא סוללה.	המערכת is ready לטפל בנושא סוללה.	סוללה|battery
0374	המערכת מוכנה לטפל בנושא אחסון.	המערכת is ready לטפל בנושא אחסון.	אחסון|storage
0375	המערכת מוכנה לטפל בנושא שמע.	המערכת is ready לטפל בנושא שמע.	שמע|sound
0376	המערכת מוכנה לטפל בנושא קול.	המערכת is ready לטפל בנושא קול.	קול|volume
0377	המערכת מוכנה לטפל בנושא מוזיקה.	המערכת is ready לטפל בנושא מוזיקה.	מוזיקה|music
0378	המערכת מוכנה לטפל בנושא שיר.	המערכת is ready לטפל בנושא שיר.	שיר|track
0379	המערכת מוכנה לטפל בנושא מסך.	המערכת is ready לטפל בנושא מסך.	מסך|display
0380	המערכת מוכנה לטפל בנושא רשת.	המערכת is ready לטפל בנושא רשת.	רשת|network
0381	המערכת מוכנה לטפל בנושא Wi-Fi.	המערכת is ready לטפל בנושא Wi-Fi.	Wi-Fi|Wi-Fi
0382	המערכת מוכנה לטפל בנושא Bluetooth.	המערכת is ready לטפל בנושא Bluetooth.	Bluetooth|Bluetooth
0383	המערכת מוכנה לטפל בנושא התראות.	המערכת is ready לטפל בנושא התראות.	התראות|notifications
0384	המערכת מוכנה לטפל בנושא קבצים.	המערכת is ready לטפל בנושא קבצים.	קבצים|files
0385	המערכת מוכנה לטפל בנושא תמונות.	המערכת is ready לטפל בנושא תמונות.	תמונות|photos
0386	המערכת מוכנה לטפל בנושא מצלמה.	המערכת is ready לטפל בנושא מצלמה.	מצלמה|camera
0387	המערכת מוכנה לטפל בנושא מיקרופון.	המערכת is ready לטפל בנושא מיקרופון.	מיקרופון|microphone
0388	המערכת מוכנה לטפל בנושא מיקום.	המערכת is ready לטפל בנושא מיקום.	מיקום|location
0389	המערכת מוכנה לטפל בנושא אפליקציות.	המערכת is ready לטפל בנושא אפליקציות.	אפליקציות|apps
0390	המערכת מוכנה לטפל בנושא דפדפן.	המערכת is ready לטפל בנושא דפדפן.	דפדפן|browser
0391	המערכת מוכנה לטפל בנושא הגדרות.	המערכת is ready לטפל בנושא הגדרות.	הגדרות|settings
0392	המערכת מוכנה לטפל בנושא מקלדת.	המערכת is ready לטפל בנושא מקלדת.	מקלדת|keyboard
0393	המערכת מוכנה לטפל בנושא שפה.	המערכת is ready לטפל בנושא שפה.	שפה|language
0394	המערכת מוכנה לטפל בנושא שעה.	המערכת is ready לטפל בנושא שעה.	שעה|time
0395	המערכת מוכנה לטפל בנושא תאריך.	המערכת is ready לטפל בנושא תאריך.	תאריך|date
0396	המערכת מוכנה לטפל בנושא פרטיות.	המערכת is ready לטפל בנושא פרטיות.	פרטיות|privacy
0397	המערכת מוכנה לטפל בנושא הרשאות.	המערכת is ready לטפל בנושא הרשאות.	הרשאות|permissions
0398	המערכת מוכנה לטפל בנושא גיבוי.	המערכת is ready לטפל בנושא גיבוי.	גיבוי|backup
0399	המערכת מוכנה לטפל בנושא עדכונים.	המערכת is ready לטפל בנושא עדכונים.	עדכונים|updates
0400	המערכת מוכנה לטפל בנושא נקודה חמה.	המערכת is ready לטפל בנושא נקודה חמה.	נקודה חמה|hotspot
0401	המערכת מוכנה לטפל בנושא VPN.	המערכת is ready לטפל בנושא VPN.	VPN|VPN
0402	המערכת מוכנה לטפל בנושא שיתוף.	המערכת is ready לטפל בנושא שיתוף.	שיתוף|sharing
0403	המערכת מוכנה לטפל בנושא הורדות.	המערכת is ready לטפל בנושא הורדות.	הורדות|downloads
0404	המערכת מוכנה לטפל בנושא חיפוש.	המערכת is ready לטפל בנושא חיפוש.	חיפוש|search
0405	המערכת מוכנה לטפל בנושא חנות.	המערכת is ready לטפל בנושא חנות.	חנות|store
0406	המערכת מוכנה לטפל בנושא משחקים.	המערכת is ready לטפל בנושא משחקים.	משחקים|games
0407	המערכת מוכנה לטפל בנושא לימודים.	המערכת is ready לטפל בנושא לימודים.	לימודים|study
0408	המערכת מוכנה לטפל בנושא קוד.	המערכת is ready לטפל בנושא קוד.	קוד|code
0409	המערכת מוכנה לטפל בנושא WhatsApp.	המערכת is ready לטפל בנושא WhatsApp.	WhatsApp|WhatsApp
0410	המערכת מוכנה לטפל בנושא YouTube.	המערכת is ready לטפל בנושא YouTube.	YouTube|YouTube
0411	המערכת מוכנה לטפל בנושא Chrome.	המערכת is ready לטפל בנושא Chrome.	Chrome|Chrome
0412	המערכת מוכנה לטפל בנושא Gmail.	המערכת is ready לטפל בנושא Gmail.	Gmail|Gmail
0413	המערכת מוכנה לטפל בנושא Maps.	המערכת is ready לטפל בנושא Maps.	Maps|Maps
0414	המערכת מוכנה לטפל בנושא Waze.	המערכת is ready לטפל בנושא Waze.	Waze|Waze
0415	המערכת מוכנה לטפל בנושא Spotify.	המערכת is ready לטפל בנושא Spotify.	Spotify|Spotify
0416	המערכת מוכנה לטפל בנושא Telegram.	המערכת is ready לטפל בנושא Telegram.	Telegram|Telegram
0417	המערכת מוכנה לטפל בנושא Discord.	המערכת is ready לטפל בנושא Discord.	Discord|Discord
0418	המערכת מוכנה לטפל בנושא Instagram.	המערכת is ready לטפל בנושא Instagram.	Instagram|Instagram
0419	המערכת מוכנה לטפל בנושא TikTok.	המערכת is ready לטפל בנושא TikTok.	TikTok|TikTok
0420	המערכת מוכנה לטפל בנושא Facebook.	המערכת is ready לטפל בנושא Facebook.	Facebook|Facebook
0421	המערכת מוכנה לטפל בנושא Netflix.	המערכת is ready לטפל בנושא Netflix.	Netflix|Netflix
0422	המערכת מוכנה לטפל בנושא צילום מסך.	המערכת is ready לטפל בנושא צילום מסך.	צילום מסך|screenshot
0423	המערכת מוכנה לטפל בנושא מסך הבית.	המערכת is ready לטפל בנושא מסך הבית.	מסך הבית|home screen
0424	המערכת מוכנה לטפל בנושא השיר הבא.	המערכת is ready לטפל בנושא השיר הבא.	השיר הבא|next track
0425	המערכת מוכנה לטפל בנושא השיר הקודם.	המערכת is ready לטפל בנושא השיר הקודם.	השיר הקודם|previous track
0426	הבקשה הנוכחית קשורה ל-עזרה.	The request הנוכחית קשורה ל-עזרה.	עזרה|help
0427	הבקשה הנוכחית קשורה ל-שלום.	The request הנוכחית קשורה ל-שלום.	שלום|hello
0428	הבקשה הנוכחית קשורה ל-סוללה.	The request הנוכחית קשורה ל-סוללה.	סוללה|battery
0429	הבקשה הנוכחית קשורה ל-אחסון.	The request הנוכחית קשורה ל-אחסון.	אחסון|storage
0430	הבקשה הנוכחית קשורה ל-שמע.	The request הנוכחית קשורה ל-שמע.	שמע|sound
0431	הבקשה הנוכחית קשורה ל-קול.	The request הנוכחית קשורה ל-קול.	קול|volume
0432	הבקשה הנוכחית קשורה ל-מוזיקה.	The request הנוכחית קשורה ל-מוזיקה.	מוזיקה|music
0433	הבקשה הנוכחית קשורה ל-שיר.	The request הנוכחית קשורה ל-שיר.	שיר|track
0434	הבקשה הנוכחית קשורה ל-מסך.	The request הנוכחית קשורה ל-מסך.	מסך|display
0435	הבקשה הנוכחית קשורה ל-רשת.	The request הנוכחית קשורה ל-רשת.	רשת|network
0436	הבקשה הנוכחית קשורה ל-Wi-Fi.	The request הנוכחית קשורה ל-Wi-Fi.	Wi-Fi|Wi-Fi
0437	הבקשה הנוכחית קשורה ל-Bluetooth.	The request הנוכחית קשורה ל-Bluetooth.	Bluetooth|Bluetooth
0438	הבקשה הנוכחית קשורה ל-התראות.	The request הנוכחית קשורה ל-התראות.	התראות|notifications
0439	הבקשה הנוכחית קשורה ל-קבצים.	The request הנוכחית קשורה ל-קבצים.	קבצים|files
0440	הבקשה הנוכחית קשורה ל-תמונות.	The request הנוכחית קשורה ל-תמונות.	תמונות|photos
0441	הבקשה הנוכחית קשורה ל-מצלמה.	The request הנוכחית קשורה ל-מצלמה.	מצלמה|camera
0442	הבקשה הנוכחית קשורה ל-מיקרופון.	The request הנוכחית קשורה ל-מיקרופון.	מיקרופון|microphone
0443	הבקשה הנוכחית קשורה ל-מיקום.	The request הנוכחית קשורה ל-מיקום.	מיקום|location
0444	הבקשה הנוכחית קשורה ל-אפליקציות.	The request הנוכחית קשורה ל-אפליקציות.	אפליקציות|apps
0445	הבקשה הנוכחית קשורה ל-דפדפן.	The request הנוכחית קשורה ל-דפדפן.	דפדפן|browser
0446	הבקשה הנוכחית קשורה ל-הגדרות.	The request הנוכחית קשורה ל-הגדרות.	הגדרות|settings
0447	הבקשה הנוכחית קשורה ל-מקלדת.	The request הנוכחית קשורה ל-מקלדת.	מקלדת|keyboard
0448	הבקשה הנוכחית קשורה ל-שפה.	The request הנוכחית קשורה ל-שפה.	שפה|language
0449	הבקשה הנוכחית קשורה ל-שעה.	The request הנוכחית קשורה ל-שעה.	שעה|time
0450	הבקשה הנוכחית קשורה ל-תאריך.	The request הנוכחית קשורה ל-תאריך.	תאריך|date
0451	הבקשה הנוכחית קשורה ל-פרטיות.	The request הנוכחית קשורה ל-פרטיות.	פרטיות|privacy
0452	הבקשה הנוכחית קשורה ל-הרשאות.	The request הנוכחית קשורה ל-הרשאות.	הרשאות|permissions
0453	הבקשה הנוכחית קשורה ל-גיבוי.	The request הנוכחית קשורה ל-גיבוי.	גיבוי|backup
0454	הבקשה הנוכחית קשורה ל-עדכונים.	The request הנוכחית קשורה ל-עדכונים.	עדכונים|updates
0455	הבקשה הנוכחית קשורה ל-נקודה חמה.	The request הנוכחית קשורה ל-נקודה חמה.	נקודה חמה|hotspot
0456	הבקשה הנוכחית קשורה ל-VPN.	The request הנוכחית קשורה ל-VPN.	VPN|VPN
0457	הבקשה הנוכחית קשורה ל-שיתוף.	The request הנוכחית קשורה ל-שיתוף.	שיתוף|sharing
0458	הבקשה הנוכחית קשורה ל-הורדות.	The request הנוכחית קשורה ל-הורדות.	הורדות|downloads
0459	הבקשה הנוכחית קשורה ל-חיפוש.	The request הנוכחית קשורה ל-חיפוש.	חיפוש|search
0460	הבקשה הנוכחית קשורה ל-חנות.	The request הנוכחית קשורה ל-חנות.	חנות|store
0461	הבקשה הנוכחית קשורה ל-משחקים.	The request הנוכחית קשורה ל-משחקים.	משחקים|games
0462	הבקשה הנוכחית קשורה ל-לימודים.	The request הנוכחית קשורה ל-לימודים.	לימודים|study
0463	הבקשה הנוכחית קשורה ל-קוד.	The request הנוכחית קשורה ל-קוד.	קוד|code
0464	הבקשה הנוכחית קשורה ל-WhatsApp.	The request הנוכחית קשורה ל-WhatsApp.	WhatsApp|WhatsApp
0465	הבקשה הנוכחית קשורה ל-YouTube.	The request הנוכחית קשורה ל-YouTube.	YouTube|YouTube
0466	הבקשה הנוכחית קשורה ל-Chrome.	The request הנוכחית קשורה ל-Chrome.	Chrome|Chrome
0467	הבקשה הנוכחית קשורה ל-Gmail.	The request הנוכחית קשורה ל-Gmail.	Gmail|Gmail
0468	הבקשה הנוכחית קשורה ל-Maps.	The request הנוכחית קשורה ל-Maps.	Maps|Maps
0469	הבקשה הנוכחית קשורה ל-Waze.	The request הנוכחית קשורה ל-Waze.	Waze|Waze
0470	הבקשה הנוכחית קשורה ל-Spotify.	The request הנוכחית קשורה ל-Spotify.	Spotify|Spotify
0471	הבקשה הנוכחית קשורה ל-Telegram.	The request הנוכחית קשורה ל-Telegram.	Telegram|Telegram
0472	הבקשה הנוכחית קשורה ל-Discord.	The request הנוכחית קשורה ל-Discord.	Discord|Discord
0473	הבקשה הנוכחית קשורה ל-Instagram.	The request הנוכחית קשורה ל-Instagram.	Instagram|Instagram
0474	הבקשה הנוכחית קשורה ל-TikTok.	The request הנוכחית קשורה ל-TikTok.	TikTok|TikTok
0475	הבקשה הנוכחית קשורה ל-Facebook.	The request הנוכחית קשורה ל-Facebook.	Facebook|Facebook
0476	הבקשה הנוכחית קשורה ל-Netflix.	The request הנוכחית קשורה ל-Netflix.	Netflix|Netflix
0477	הבקשה הנוכחית קשורה ל-צילום מסך.	The request הנוכחית קשורה ל-צילום מסך.	צילום מסך|screenshot
0478	הבקשה הנוכחית קשורה ל-מסך הבית.	The request הנוכחית קשורה ל-מסך הבית.	מסך הבית|home screen
0479	הבקשה הנוכחית קשורה ל-השיר הבא.	The request הנוכחית קשורה ל-השיר הבא.	השיר הבא|next track
0480	הבקשה הנוכחית קשורה ל-השיר הקודם.	The request הנוכחית קשורה ל-השיר הקודם.	השיר הקודם|previous track
0481	מנוע האופליין איתר את עזרה.	offline engine איתר את עזרה.	עזרה|help
0482	מנוע האופליין איתר את שלום.	offline engine איתר את שלום.	שלום|hello
0483	מנוע האופליין איתר את סוללה.	offline engine איתר את סוללה.	סוללה|battery
0484	מנוע האופליין איתר את אחסון.	offline engine איתר את אחסון.	אחסון|storage
0485	מנוע האופליין איתר את שמע.	offline engine איתר את שמע.	שמע|sound
0486	מנוע האופליין איתר את קול.	offline engine איתר את קול.	קול|volume
0487	מנוע האופליין איתר את מוזיקה.	offline engine איתר את מוזיקה.	מוזיקה|music
0488	מנוע האופליין איתר את שיר.	offline engine איתר את שיר.	שיר|track
0489	מנוע האופליין איתר את מסך.	offline engine איתר את מסך.	מסך|display
0490	מנוע האופליין איתר את רשת.	offline engine איתר את רשת.	רשת|network
0491	מנוע האופליין איתר את Wi-Fi.	offline engine איתר את Wi-Fi.	Wi-Fi|Wi-Fi
0492	מנוע האופליין איתר את Bluetooth.	offline engine איתר את Bluetooth.	Bluetooth|Bluetooth
0493	מנוע האופליין איתר את התראות.	offline engine איתר את התראות.	התראות|notifications
0494	מנוע האופליין איתר את קבצים.	offline engine איתר את קבצים.	קבצים|files
0495	מנוע האופליין איתר את תמונות.	offline engine איתר את תמונות.	תמונות|photos
0496	מנוע האופליין איתר את מצלמה.	offline engine איתר את מצלמה.	מצלמה|camera
0497	מנוע האופליין איתר את מיקרופון.	offline engine איתר את מיקרופון.	מיקרופון|microphone
0498	מנוע האופליין איתר את מיקום.	offline engine איתר את מיקום.	מיקום|location
0499	מנוע האופליין איתר את אפליקציות.	offline engine איתר את אפליקציות.	אפליקציות|apps
0500	מנוע האופליין איתר את דפדפן.	offline engine איתר את דפדפן.	דפדפן|browser
0501	מנוע האופליין איתר את הגדרות.	offline engine איתר את הגדרות.	הגדרות|settings
0502	מנוע האופליין איתר את מקלדת.	offline engine איתר את מקלדת.	מקלדת|keyboard
0503	מנוע האופליין איתר את שפה.	offline engine איתר את שפה.	שפה|language
0504	מנוע האופליין איתר את שעה.	offline engine איתר את שעה.	שעה|time
0505	מנוע האופליין איתר את תאריך.	offline engine איתר את תאריך.	תאריך|date
0506	מנוע האופליין איתר את פרטיות.	offline engine איתר את פרטיות.	פרטיות|privacy
0507	מנוע האופליין איתר את הרשאות.	offline engine איתר את הרשאות.	הרשאות|permissions
0508	מנוע האופליין איתר את גיבוי.	offline engine איתר את גיבוי.	גיבוי|backup
0509	מנוע האופליין איתר את עדכונים.	offline engine איתר את עדכונים.	עדכונים|updates
0510	מנוע האופליין איתר את נקודה חמה.	offline engine איתר את נקודה חמה.	נקודה חמה|hotspot
0511	מנוע האופליין איתר את VPN.	offline engine איתר את VPN.	VPN|VPN
0512	מנוע האופליין איתר את שיתוף.	offline engine איתר את שיתוף.	שיתוף|sharing
0513	מנוע האופליין איתר את הורדות.	offline engine איתר את הורדות.	הורדות|downloads
0514	מנוע האופליין איתר את חיפוש.	offline engine איתר את חיפוש.	חיפוש|search
0515	מנוע האופליין איתר את חנות.	offline engine איתר את חנות.	חנות|store
0516	מנוע האופליין איתר את משחקים.	offline engine איתר את משחקים.	משחקים|games
0517	מנוע האופליין איתר את לימודים.	offline engine איתר את לימודים.	לימודים|study
0518	מנוע האופליין איתר את קוד.	offline engine איתר את קוד.	קוד|code
0519	מנוע האופליין איתר את WhatsApp.	offline engine איתר את WhatsApp.	WhatsApp|WhatsApp
0520	מנוע האופליין איתר את YouTube.	offline engine איתר את YouTube.	YouTube|YouTube
0521	מנוע האופליין איתר את Chrome.	offline engine איתר את Chrome.	Chrome|Chrome
0522	מנוע האופליין איתר את Gmail.	offline engine איתר את Gmail.	Gmail|Gmail
0523	מנוע האופליין איתר את Maps.	offline engine איתר את Maps.	Maps|Maps
0524	מנוע האופליין איתר את Waze.	offline engine איתר את Waze.	Waze|Waze
0525	מנוע האופליין איתר את Spotify.	offline engine איתר את Spotify.	Spotify|Spotify
0526	מנוע האופליין איתר את Telegram.	offline engine איתר את Telegram.	Telegram|Telegram
0527	מנוע האופליין איתר את Discord.	offline engine איתר את Discord.	Discord|Discord
0528	מנוע האופליין איתר את Instagram.	offline engine איתר את Instagram.	Instagram|Instagram
0529	מנוע האופליין איתר את TikTok.	offline engine איתר את TikTok.	TikTok|TikTok
0530	מנוע האופליין איתר את Facebook.	offline engine איתר את Facebook.	Facebook|Facebook
0531	מנוע האופליין איתר את Netflix.	offline engine איתר את Netflix.	Netflix|Netflix
0532	מנוע האופליין איתר את צילום מסך.	offline engine איתר את צילום מסך.	צילום מסך|screenshot
0533	מנוע האופליין איתר את מסך הבית.	offline engine איתר את מסך הבית.	מסך הבית|home screen
0534	מנוע האופליין איתר את השיר הבא.	offline engine איתר את השיר הבא.	השיר הבא|next track
0535	מנוע האופליין איתר את השיר הקודם.	offline engine איתר את השיר הקודם.	השיר הקודם|previous track
0536	הנושא עזרה מוכר למערכת.	The topic עזרה is known to the system.	עזרה|help
0537	הנושא שלום מוכר למערכת.	The topic שלום is known to the system.	שלום|hello
0538	הנושא סוללה מוכר למערכת.	The topic סוללה is known to the system.	סוללה|battery
0539	הנושא אחסון מוכר למערכת.	The topic אחסון is known to the system.	אחסון|storage
0540	הנושא שמע מוכר למערכת.	The topic שמע is known to the system.	שמע|sound
0541	הנושא קול מוכר למערכת.	The topic קול is known to the system.	קול|volume
0542	הנושא מוזיקה מוכר למערכת.	The topic מוזיקה is known to the system.	מוזיקה|music
0543	הנושא שיר מוכר למערכת.	The topic שיר is known to the system.	שיר|track
0544	הנושא מסך מוכר למערכת.	The topic מסך is known to the system.	מסך|display
0545	הנושא רשת מוכר למערכת.	The topic רשת is known to the system.	רשת|network
0546	הנושא Wi-Fi מוכר למערכת.	The topic Wi-Fi is known to the system.	Wi-Fi|Wi-Fi
0547	הנושא Bluetooth מוכר למערכת.	The topic Bluetooth is known to the system.	Bluetooth|Bluetooth
0548	הנושא התראות מוכר למערכת.	The topic התראות is known to the system.	התראות|notifications
0549	הנושא קבצים מוכר למערכת.	The topic קבצים is known to the system.	קבצים|files
0550	הנושא תמונות מוכר למערכת.	The topic תמונות is known to the system.	תמונות|photos
0551	הנושא מצלמה מוכר למערכת.	The topic מצלמה is known to the system.	מצלמה|camera
0552	הנושא מיקרופון מוכר למערכת.	The topic מיקרופון is known to the system.	מיקרופון|microphone
0553	הנושא מיקום מוכר למערכת.	The topic מיקום is known to the system.	מיקום|location
0554	הנושא אפליקציות מוכר למערכת.	The topic אפליקציות is known to the system.	אפליקציות|apps
0555	הנושא דפדפן מוכר למערכת.	The topic דפדפן is known to the system.	דפדפן|browser
0556	הנושא הגדרות מוכר למערכת.	The topic הגדרות is known to the system.	הגדרות|settings
0557	הנושא מקלדת מוכר למערכת.	The topic מקלדת is known to the system.	מקלדת|keyboard
0558	הנושא שפה מוכר למערכת.	The topic שפה is known to the system.	שפה|language
0559	הנושא שעה מוכר למערכת.	The topic שעה is known to the system.	שעה|time
0560	הנושא תאריך מוכר למערכת.	The topic תאריך is known to the system.	תאריך|date
0561	הנושא פרטיות מוכר למערכת.	The topic פרטיות is known to the system.	פרטיות|privacy
0562	הנושא הרשאות מוכר למערכת.	The topic הרשאות is known to the system.	הרשאות|permissions
0563	הנושא גיבוי מוכר למערכת.	The topic גיבוי is known to the system.	גיבוי|backup
0564	הנושא עדכונים מוכר למערכת.	The topic עדכונים is known to the system.	עדכונים|updates
0565	הנושא נקודה חמה מוכר למערכת.	The topic נקודה חמה is known to the system.	נקודה חמה|hotspot
0566	הנושא VPN מוכר למערכת.	The topic VPN is known to the system.	VPN|VPN
0567	הנושא שיתוף מוכר למערכת.	The topic שיתוף is known to the system.	שיתוף|sharing
0568	הנושא הורדות מוכר למערכת.	The topic הורדות is known to the system.	הורדות|downloads
0569	הנושא חיפוש מוכר למערכת.	The topic חיפוש is known to the system.	חיפוש|search
0570	הנושא חנות מוכר למערכת.	The topic חנות is known to the system.	חנות|store
0571	הנושא משחקים מוכר למערכת.	The topic משחקים is known to the system.	משחקים|games
0572	הנושא לימודים מוכר למערכת.	The topic לימודים is known to the system.	לימודים|study
0573	הנושא קוד מוכר למערכת.	The topic קוד is known to the system.	קוד|code
0574	הנושא WhatsApp מוכר למערכת.	The topic WhatsApp is known to the system.	WhatsApp|WhatsApp
0575	הנושא YouTube מוכר למערכת.	The topic YouTube is known to the system.	YouTube|YouTube
0576	הנושא Chrome מוכר למערכת.	The topic Chrome is known to the system.	Chrome|Chrome
0577	הנושא Gmail מוכר למערכת.	The topic Gmail is known to the system.	Gmail|Gmail
0578	הנושא Maps מוכר למערכת.	The topic Maps is known to the system.	Maps|Maps
0579	הנושא Waze מוכר למערכת.	The topic Waze is known to the system.	Waze|Waze
0580	הנושא Spotify מוכר למערכת.	The topic Spotify is known to the system.	Spotify|Spotify
0581	הנושא Telegram מוכר למערכת.	The topic Telegram is known to the system.	Telegram|Telegram
0582	הנושא Discord מוכר למערכת.	The topic Discord is known to the system.	Discord|Discord
0583	הנושא Instagram מוכר למערכת.	The topic Instagram is known to the system.	Instagram|Instagram
0584	הנושא TikTok מוכר למערכת.	The topic TikTok is known to the system.	TikTok|TikTok
0585	הנושא Facebook מוכר למערכת.	The topic Facebook is known to the system.	Facebook|Facebook
0586	הנושא Netflix מוכר למערכת.	The topic Netflix is known to the system.	Netflix|Netflix
0587	הנושא צילום מסך מוכר למערכת.	The topic צילום מסך is known to the system.	צילום מסך|screenshot
0588	הנושא מסך הבית מוכר למערכת.	The topic מסך הבית is known to the system.	מסך הבית|home screen
0589	הנושא השיר הבא מוכר למערכת.	The topic השיר הבא is known to the system.	השיר הבא|next track
0590	הנושא השיר הקודם מוכר למערכת.	The topic השיר הקודם is known to the system.	השיר הקודם|previous track
0591	בוצעה בדיקת התאמה עבור עזרה.	Match check completed for עזרה.	עזרה|help
0592	בוצעה בדיקת התאמה עבור שלום.	Match check completed for שלום.	שלום|hello
0593	בוצעה בדיקת התאמה עבור סוללה.	Match check completed for סוללה.	סוללה|battery
0594	בוצעה בדיקת התאמה עבור אחסון.	Match check completed for אחסון.	אחסון|storage
0595	בוצעה בדיקת התאמה עבור שמע.	Match check completed for שמע.	שמע|sound
0596	בוצעה בדיקת התאמה עבור קול.	Match check completed for קול.	קול|volume
0597	בוצעה בדיקת התאמה עבור מוזיקה.	Match check completed for מוזיקה.	מוזיקה|music
0598	בוצעה בדיקת התאמה עבור שיר.	Match check completed for שיר.	שיר|track
0599	בוצעה בדיקת התאמה עבור מסך.	Match check completed for מסך.	מסך|display
0600	בוצעה בדיקת התאמה עבור רשת.	Match check completed for רשת.	רשת|network
0601	בוצעה בדיקת התאמה עבור Wi-Fi.	Match check completed for Wi-Fi.	Wi-Fi|Wi-Fi
0602	בוצעה בדיקת התאמה עבור Bluetooth.	Match check completed for Bluetooth.	Bluetooth|Bluetooth
0603	בוצעה בדיקת התאמה עבור התראות.	Match check completed for התראות.	התראות|notifications
0604	בוצעה בדיקת התאמה עבור קבצים.	Match check completed for קבצים.	קבצים|files
0605	בוצעה בדיקת התאמה עבור תמונות.	Match check completed for תמונות.	תמונות|photos
0606	בוצעה בדיקת התאמה עבור מצלמה.	Match check completed for מצלמה.	מצלמה|camera
0607	בוצעה בדיקת התאמה עבור מיקרופון.	Match check completed for מיקרופון.	מיקרופון|microphone
0608	בוצעה בדיקת התאמה עבור מיקום.	Match check completed for מיקום.	מיקום|location
0609	בוצעה בדיקת התאמה עבור אפליקציות.	Match check completed for אפליקציות.	אפליקציות|apps
0610	בוצעה בדיקת התאמה עבור דפדפן.	Match check completed for דפדפן.	דפדפן|browser
0611	בוצעה בדיקת התאמה עבור הגדרות.	Match check completed for הגדרות.	הגדרות|settings
0612	בוצעה בדיקת התאמה עבור מקלדת.	Match check completed for מקלדת.	מקלדת|keyboard
0613	בוצעה בדיקת התאמה עבור שפה.	Match check completed for שפה.	שפה|language
0614	בוצעה בדיקת התאמה עבור שעה.	Match check completed for שעה.	שעה|time
0615	בוצעה בדיקת התאמה עבור תאריך.	Match check completed for תאריך.	תאריך|date
0616	בוצעה בדיקת התאמה עבור פרטיות.	Match check completed for פרטיות.	פרטיות|privacy
0617	בוצעה בדיקת התאמה עבור הרשאות.	Match check completed for הרשאות.	הרשאות|permissions
0618	בוצעה בדיקת התאמה עבור גיבוי.	Match check completed for גיבוי.	גיבוי|backup
0619	בוצעה בדיקת התאמה עבור עדכונים.	Match check completed for עדכונים.	עדכונים|updates
0620	בוצעה בדיקת התאמה עבור נקודה חמה.	Match check completed for נקודה חמה.	נקודה חמה|hotspot
0621	בוצעה בדיקת התאמה עבור VPN.	Match check completed for VPN.	VPN|VPN
0622	בוצעה בדיקת התאמה עבור שיתוף.	Match check completed for שיתוף.	שיתוף|sharing
0623	בוצעה בדיקת התאמה עבור הורדות.	Match check completed for הורדות.	הורדות|downloads
0624	בוצעה בדיקת התאמה עבור חיפוש.	Match check completed for חיפוש.	חיפוש|search
0625	בוצעה בדיקת התאמה עבור חנות.	Match check completed for חנות.	חנות|store
0626	בוצעה בדיקת התאמה עבור משחקים.	Match check completed for משחקים.	משחקים|games
0627	בוצעה בדיקת התאמה עבור לימודים.	Match check completed for לימודים.	לימודים|study
0628	בוצעה בדיקת התאמה עבור קוד.	Match check completed for קוד.	קוד|code
0629	בוצעה בדיקת התאמה עבור WhatsApp.	Match check completed for WhatsApp.	WhatsApp|WhatsApp
0630	בוצעה בדיקת התאמה עבור YouTube.	Match check completed for YouTube.	YouTube|YouTube
0631	בוצעה בדיקת התאמה עבור Chrome.	Match check completed for Chrome.	Chrome|Chrome
0632	בוצעה בדיקת התאמה עבור Gmail.	Match check completed for Gmail.	Gmail|Gmail
0633	בוצעה בדיקת התאמה עבור Maps.	Match check completed for Maps.	Maps|Maps
0634	בוצעה בדיקת התאמה עבור Waze.	Match check completed for Waze.	Waze|Waze
0635	בוצעה בדיקת התאמה עבור Spotify.	Match check completed for Spotify.	Spotify|Spotify
0636	בוצעה בדיקת התאמה עבור Telegram.	Match check completed for Telegram.	Telegram|Telegram
0637	בוצעה בדיקת התאמה עבור Discord.	Match check completed for Discord.	Discord|Discord
0638	בוצעה בדיקת התאמה עבור Instagram.	Match check completed for Instagram.	Instagram|Instagram
0639	בוצעה בדיקת התאמה עבור TikTok.	Match check completed for TikTok.	TikTok|TikTok
0640	בוצעה בדיקת התאמה עבור Facebook.	Match check completed for Facebook.	Facebook|Facebook
0641	בוצעה בדיקת התאמה עבור Netflix.	Match check completed for Netflix.	Netflix|Netflix
0642	בוצעה בדיקת התאמה עבור צילום מסך.	Match check completed for צילום מסך.	צילום מסך|screenshot
0643	בוצעה בדיקת התאמה עבור מסך הבית.	Match check completed for מסך הבית.	מסך הבית|home screen
0644	בוצעה בדיקת התאמה עבור השיר הבא.	Match check completed for השיר הבא.	השיר הבא|next track
0645	בוצעה בדיקת התאמה עבור השיר הקודם.	Match check completed for השיר הקודם.	השיר הקודם|previous track
0646	קיבלתי בקשה הקשורה ל-עזרה.	Received a request related to עזרה.	עזרה|help
0647	קיבלתי בקשה הקשורה ל-שלום.	Received a request related to שלום.	שלום|hello
0648	קיבלתי בקשה הקשורה ל-סוללה.	Received a request related to סוללה.	סוללה|battery
0649	קיבלתי בקשה הקשורה ל-אחסון.	Received a request related to אחסון.	אחסון|storage
0650	קיבלתי בקשה הקשורה ל-שמע.	Received a request related to שמע.	שמע|sound
0651	קיבלתי בקשה הקשורה ל-קול.	Received a request related to קול.	קול|volume
0652	קיבלתי בקשה הקשורה ל-מוזיקה.	Received a request related to מוזיקה.	מוזיקה|music
0653	קיבלתי בקשה הקשורה ל-שיר.	Received a request related to שיר.	שיר|track
0654	קיבלתי בקשה הקשורה ל-מסך.	Received a request related to מסך.	מסך|display
0655	קיבלתי בקשה הקשורה ל-רשת.	Received a request related to רשת.	רשת|network
0656	קיבלתי בקשה הקשורה ל-Wi-Fi.	Received a request related to Wi-Fi.	Wi-Fi|Wi-Fi
0657	קיבלתי בקשה הקשורה ל-Bluetooth.	Received a request related to Bluetooth.	Bluetooth|Bluetooth
0658	קיבלתי בקשה הקשורה ל-התראות.	Received a request related to התראות.	התראות|notifications
0659	קיבלתי בקשה הקשורה ל-קבצים.	Received a request related to קבצים.	קבצים|files
0660	קיבלתי בקשה הקשורה ל-תמונות.	Received a request related to תמונות.	תמונות|photos
0661	קיבלתי בקשה הקשורה ל-מצלמה.	Received a request related to מצלמה.	מצלמה|camera
0662	קיבלתי בקשה הקשורה ל-מיקרופון.	Received a request related to מיקרופון.	מיקרופון|microphone
0663	קיבלתי בקשה הקשורה ל-מיקום.	Received a request related to מיקום.	מיקום|location
0664	קיבלתי בקשה הקשורה ל-אפליקציות.	Received a request related to אפליקציות.	אפליקציות|apps
0665	קיבלתי בקשה הקשורה ל-דפדפן.	Received a request related to דפדפן.	דפדפן|browser
0666	קיבלתי בקשה הקשורה ל-הגדרות.	Received a request related to הגדרות.	הגדרות|settings
0667	קיבלתי בקשה הקשורה ל-מקלדת.	Received a request related to מקלדת.	מקלדת|keyboard
0668	קיבלתי בקשה הקשורה ל-שפה.	Received a request related to שפה.	שפה|language
0669	קיבלתי בקשה הקשורה ל-שעה.	Received a request related to שעה.	שעה|time
0670	קיבלתי בקשה הקשורה ל-תאריך.	Received a request related to תאריך.	תאריך|date
0671	קיבלתי בקשה הקשורה ל-פרטיות.	Received a request related to פרטיות.	פרטיות|privacy
0672	קיבלתי בקשה הקשורה ל-הרשאות.	Received a request related to הרשאות.	הרשאות|permissions
0673	קיבלתי בקשה הקשורה ל-גיבוי.	Received a request related to גיבוי.	גיבוי|backup
0674	קיבלתי בקשה הקשורה ל-עדכונים.	Received a request related to עדכונים.	עדכונים|updates
0675	קיבלתי בקשה הקשורה ל-נקודה חמה.	Received a request related to נקודה חמה.	נקודה חמה|hotspot
0676	קיבלתי בקשה הקשורה ל-VPN.	Received a request related to VPN.	VPN|VPN
0677	קיבלתי בקשה הקשורה ל-שיתוף.	Received a request related to שיתוף.	שיתוף|sharing
0678	קיבלתי בקשה הקשורה ל-הורדות.	Received a request related to הורדות.	הורדות|downloads
0679	קיבלתי בקשה הקשורה ל-חיפוש.	Received a request related to חיפוש.	חיפוש|search
0680	קיבלתי בקשה הקשורה ל-חנות.	Received a request related to חנות.	חנות|store
0681	קיבלתי בקשה הקשורה ל-משחקים.	Received a request related to משחקים.	משחקים|games
0682	קיבלתי בקשה הקשורה ל-לימודים.	Received a request related to לימודים.	לימודים|study
0683	קיבלתי בקשה הקשורה ל-קוד.	Received a request related to קוד.	קוד|code
0684	קיבלתי בקשה הקשורה ל-WhatsApp.	Received a request related to WhatsApp.	WhatsApp|WhatsApp
0685	קיבלתי בקשה הקשורה ל-YouTube.	Received a request related to YouTube.	YouTube|YouTube
0686	קיבלתי בקשה הקשורה ל-Chrome.	Received a request related to Chrome.	Chrome|Chrome
0687	קיבלתי בקשה הקשורה ל-Gmail.	Received a request related to Gmail.	Gmail|Gmail
0688	קיבלתי בקשה הקשורה ל-Maps.	Received a request related to Maps.	Maps|Maps
0689	קיבלתי בקשה הקשורה ל-Waze.	Received a request related to Waze.	Waze|Waze
0690	קיבלתי בקשה הקשורה ל-Spotify.	Received a request related to Spotify.	Spotify|Spotify
0691	קיבלתי בקשה הקשורה ל-Telegram.	Received a request related to Telegram.	Telegram|Telegram
0692	קיבלתי בקשה הקשורה ל-Discord.	Received a request related to Discord.	Discord|Discord
0693	קיבלתי בקשה הקשורה ל-Instagram.	Received a request related to Instagram.	Instagram|Instagram
0694	קיבלתי בקשה הקשורה ל-TikTok.	Received a request related to TikTok.	TikTok|TikTok
0695	קיבלתי בקשה הקשורה ל-Facebook.	Received a request related to Facebook.	Facebook|Facebook
0696	קיבלתי בקשה הקשורה ל-Netflix.	Received a request related to Netflix.	Netflix|Netflix
0697	קיבלתי בקשה הקשורה ל-צילום מסך.	Received a request related to צילום מסך.	צילום מסך|screenshot
0698	קיבלתי בקשה הקשורה ל-מסך הבית.	Received a request related to מסך הבית.	מסך הבית|home screen
0699	קיבלתי בקשה הקשורה ל-השיר הבא.	Received a request related to השיר הבא.	השיר הבא|next track
0700	קיבלתי בקשה הקשורה ל-השיר הקודם.	Received a request related to השיר הקודם.	השיר הקודם|previous track
0701	קיבלתי את הבקשה לגבי עזרה.	Received את The request about עזרה.	עזרה|help
0702	קיבלתי את הבקשה לגבי שלום.	Received את The request about שלום.	שלום|hello
0703	קיבלתי את הבקשה לגבי סוללה.	Received את The request about סוללה.	סוללה|battery
0704	קיבלתי את הבקשה לגבי אחסון.	Received את The request about אחסון.	אחסון|storage
0705	קיבלתי את הבקשה לגבי שמע.	Received את The request about שמע.	שמע|sound
0706	קיבלתי את הבקשה לגבי קול.	Received את The request about קול.	קול|volume
0707	קיבלתי את הבקשה לגבי מוזיקה.	Received את The request about מוזיקה.	מוזיקה|music
0708	קיבלתי את הבקשה לגבי שיר.	Received את The request about שיר.	שיר|track
0709	קיבלתי את הבקשה לגבי מסך.	Received את The request about מסך.	מסך|display
0710	קיבלתי את הבקשה לגבי רשת.	Received את The request about רשת.	רשת|network
0711	קיבלתי את הבקשה לגבי Wi-Fi.	Received את The request about Wi-Fi.	Wi-Fi|Wi-Fi
0712	קיבלתי את הבקשה לגבי Bluetooth.	Received את The request about Bluetooth.	Bluetooth|Bluetooth
0713	קיבלתי את הבקשה לגבי התראות.	Received את The request about התראות.	התראות|notifications
0714	קיבלתי את הבקשה לגבי קבצים.	Received את The request about קבצים.	קבצים|files
0715	קיבלתי את הבקשה לגבי תמונות.	Received את The request about תמונות.	תמונות|photos
0716	קיבלתי את הבקשה לגבי מצלמה.	Received את The request about מצלמה.	מצלמה|camera
0717	קיבלתי את הבקשה לגבי מיקרופון.	Received את The request about מיקרופון.	מיקרופון|microphone
0718	קיבלתי את הבקשה לגבי מיקום.	Received את The request about מיקום.	מיקום|location
0719	קיבלתי את הבקשה לגבי אפליקציות.	Received את The request about אפליקציות.	אפליקציות|apps
0720	קיבלתי את הבקשה לגבי דפדפן.	Received את The request about דפדפן.	דפדפן|browser
0721	קיבלתי את הבקשה לגבי הגדרות.	Received את The request about הגדרות.	הגדרות|settings
0722	קיבלתי את הבקשה לגבי מקלדת.	Received את The request about מקלדת.	מקלדת|keyboard
0723	קיבלתי את הבקשה לגבי שפה.	Received את The request about שפה.	שפה|language
0724	קיבלתי את הבקשה לגבי שעה.	Received את The request about שעה.	שעה|time
0725	קיבלתי את הבקשה לגבי תאריך.	Received את The request about תאריך.	תאריך|date
0726	קיבלתי את הבקשה לגבי פרטיות.	Received את The request about פרטיות.	פרטיות|privacy
0727	קיבלתי את הבקשה לגבי הרשאות.	Received את The request about הרשאות.	הרשאות|permissions
0728	קיבלתי את הבקשה לגבי גיבוי.	Received את The request about גיבוי.	גיבוי|backup
0729	קיבלתי את הבקשה לגבי עדכונים.	Received את The request about עדכונים.	עדכונים|updates
0730	קיבלתי את הבקשה לגבי נקודה חמה.	Received את The request about נקודה חמה.	נקודה חמה|hotspot
0731	קיבלתי את הבקשה לגבי VPN.	Received את The request about VPN.	VPN|VPN
0732	קיבלתי את הבקשה לגבי שיתוף.	Received את The request about שיתוף.	שיתוף|sharing
0733	קיבלתי את הבקשה לגבי הורדות.	Received את The request about הורדות.	הורדות|downloads
0734	קיבלתי את הבקשה לגבי חיפוש.	Received את The request about חיפוש.	חיפוש|search
0735	קיבלתי את הבקשה לגבי חנות.	Received את The request about חנות.	חנות|store
0736	קיבלתי את הבקשה לגבי משחקים.	Received את The request about משחקים.	משחקים|games
0737	קיבלתי את הבקשה לגבי לימודים.	Received את The request about לימודים.	לימודים|study
0738	קיבלתי את הבקשה לגבי קוד.	Received את The request about קוד.	קוד|code
0739	קיבלתי את הבקשה לגבי WhatsApp.	Received את The request about WhatsApp.	WhatsApp|WhatsApp
0740	קיבלתי את הבקשה לגבי YouTube.	Received את The request about YouTube.	YouTube|YouTube
0741	קיבלתי את הבקשה לגבי Chrome.	Received את The request about Chrome.	Chrome|Chrome
0742	קיבלתי את הבקשה לגבי Gmail.	Received את The request about Gmail.	Gmail|Gmail
0743	קיבלתי את הבקשה לגבי Maps.	Received את The request about Maps.	Maps|Maps
0744	קיבלתי את הבקשה לגבי Waze.	Received את The request about Waze.	Waze|Waze
0745	קיבלתי את הבקשה לגבי Spotify.	Received את The request about Spotify.	Spotify|Spotify
0746	קיבלתי את הבקשה לגבי Telegram.	Received את The request about Telegram.	Telegram|Telegram
0747	קיבלתי את הבקשה לגבי Discord.	Received את The request about Discord.	Discord|Discord
0748	קיבלתי את הבקשה לגבי Instagram.	Received את The request about Instagram.	Instagram|Instagram
0749	קיבלתי את הבקשה לגבי TikTok.	Received את The request about TikTok.	TikTok|TikTok
0750	קיבלתי את הבקשה לגבי Facebook.	Received את The request about Facebook.	Facebook|Facebook
0751	קיבלתי את הבקשה לגבי Netflix.	Received את The request about Netflix.	Netflix|Netflix
0752	קיבלתי את הבקשה לגבי צילום מסך.	Received את The request about צילום מסך.	צילום מסך|screenshot
0753	קיבלתי את הבקשה לגבי מסך הבית.	Received את The request about מסך הבית.	מסך הבית|home screen
0754	קיבלתי את הבקשה לגבי השיר הבא.	Received את The request about השיר הבא.	השיר הבא|next track
0755	קיבלתי את הבקשה לגבי השיר הקודם.	Received את The request about השיר הקודם.	השיר הקודם|previous track
0756	זיהיתי את הנושא עזרה במנוע האופליין.	Detected את The topic עזרה בoffline engine.	עזרה|help
0757	זיהיתי את הנושא שלום במנוע האופליין.	Detected את The topic שלום בoffline engine.	שלום|hello
0758	זיהיתי את הנושא סוללה במנוע האופליין.	Detected את The topic סוללה בoffline engine.	סוללה|battery
0759	זיהיתי את הנושא אחסון במנוע האופליין.	Detected את The topic אחסון בoffline engine.	אחסון|storage
0760	זיהיתי את הנושא שמע במנוע האופליין.	Detected את The topic שמע בoffline engine.	שמע|sound
0761	זיהיתי את הנושא קול במנוע האופליין.	Detected את The topic קול בoffline engine.	קול|volume
0762	זיהיתי את הנושא מוזיקה במנוע האופליין.	Detected את The topic מוזיקה בoffline engine.	מוזיקה|music
0763	זיהיתי את הנושא שיר במנוע האופליין.	Detected את The topic שיר בoffline engine.	שיר|track
0764	זיהיתי את הנושא מסך במנוע האופליין.	Detected את The topic מסך בoffline engine.	מסך|display
0765	זיהיתי את הנושא רשת במנוע האופליין.	Detected את The topic רשת בoffline engine.	רשת|network
0766	זיהיתי את הנושא Wi-Fi במנוע האופליין.	Detected את The topic Wi-Fi בoffline engine.	Wi-Fi|Wi-Fi
0767	זיהיתי את הנושא Bluetooth במנוע האופליין.	Detected את The topic Bluetooth בoffline engine.	Bluetooth|Bluetooth
0768	זיהיתי את הנושא התראות במנוע האופליין.	Detected את The topic התראות בoffline engine.	התראות|notifications
0769	זיהיתי את הנושא קבצים במנוע האופליין.	Detected את The topic קבצים בoffline engine.	קבצים|files
0770	זיהיתי את הנושא תמונות במנוע האופליין.	Detected את The topic תמונות בoffline engine.	תמונות|photos
0771	זיהיתי את הנושא מצלמה במנוע האופליין.	Detected את The topic מצלמה בoffline engine.	מצלמה|camera
0772	זיהיתי את הנושא מיקרופון במנוע האופליין.	Detected את The topic מיקרופון בoffline engine.	מיקרופון|microphone
0773	זיהיתי את הנושא מיקום במנוע האופליין.	Detected את The topic מיקום בoffline engine.	מיקום|location
0774	זיהיתי את הנושא אפליקציות במנוע האופליין.	Detected את The topic אפליקציות בoffline engine.	אפליקציות|apps
0775	זיהיתי את הנושא דפדפן במנוע האופליין.	Detected את The topic דפדפן בoffline engine.	דפדפן|browser
0776	זיהיתי את הנושא הגדרות במנוע האופליין.	Detected את The topic הגדרות בoffline engine.	הגדרות|settings
0777	זיהיתי את הנושא מקלדת במנוע האופליין.	Detected את The topic מקלדת בoffline engine.	מקלדת|keyboard
0778	זיהיתי את הנושא שפה במנוע האופליין.	Detected את The topic שפה בoffline engine.	שפה|language
0779	זיהיתי את הנושא שעה במנוע האופליין.	Detected את The topic שעה בoffline engine.	שעה|time
0780	זיהיתי את הנושא תאריך במנוע האופליין.	Detected את The topic תאריך בoffline engine.	תאריך|date
0781	זיהיתי את הנושא פרטיות במנוע האופליין.	Detected את The topic פרטיות בoffline engine.	פרטיות|privacy
0782	זיהיתי את הנושא הרשאות במנוע האופליין.	Detected את The topic הרשאות בoffline engine.	הרשאות|permissions
0783	זיהיתי את הנושא גיבוי במנוע האופליין.	Detected את The topic גיבוי בoffline engine.	גיבוי|backup
0784	זיהיתי את הנושא עדכונים במנוע האופליין.	Detected את The topic עדכונים בoffline engine.	עדכונים|updates
0785	זיהיתי את הנושא נקודה חמה במנוע האופליין.	Detected את The topic נקודה חמה בoffline engine.	נקודה חמה|hotspot
0786	זיהיתי את הנושא VPN במנוע האופליין.	Detected את The topic VPN בoffline engine.	VPN|VPN
0787	זיהיתי את הנושא שיתוף במנוע האופליין.	Detected את The topic שיתוף בoffline engine.	שיתוף|sharing
0788	זיהיתי את הנושא הורדות במנוע האופליין.	Detected את The topic הורדות בoffline engine.	הורדות|downloads
0789	זיהיתי את הנושא חיפוש במנוע האופליין.	Detected את The topic חיפוש בoffline engine.	חיפוש|search
0790	זיהיתי את הנושא חנות במנוע האופליין.	Detected את The topic חנות בoffline engine.	חנות|store
0791	זיהיתי את הנושא משחקים במנוע האופליין.	Detected את The topic משחקים בoffline engine.	משחקים|games
0792	זיהיתי את הנושא לימודים במנוע האופליין.	Detected את The topic לימודים בoffline engine.	לימודים|study
0793	זיהיתי את הנושא קוד במנוע האופליין.	Detected את The topic קוד בoffline engine.	קוד|code
0794	זיהיתי את הנושא WhatsApp במנוע האופליין.	Detected את The topic WhatsApp בoffline engine.	WhatsApp|WhatsApp
0795	זיהיתי את הנושא YouTube במנוע האופליין.	Detected את The topic YouTube בoffline engine.	YouTube|YouTube
0796	זיהיתי את הנושא Chrome במנוע האופליין.	Detected את The topic Chrome בoffline engine.	Chrome|Chrome
0797	זיהיתי את הנושא Gmail במנוע האופליין.	Detected את The topic Gmail בoffline engine.	Gmail|Gmail
0798	זיהיתי את הנושא Maps במנוע האופליין.	Detected את The topic Maps בoffline engine.	Maps|Maps
0799	זיהיתי את הנושא Waze במנוע האופליין.	Detected את The topic Waze בoffline engine.	Waze|Waze
0800	זיהיתי את הנושא Spotify במנוע האופליין.	Detected את The topic Spotify בoffline engine.	Spotify|Spotify
0801	זיהיתי את הנושא Telegram במנוע האופליין.	Detected את The topic Telegram בoffline engine.	Telegram|Telegram
0802	זיהיתי את הנושא Discord במנוע האופליין.	Detected את The topic Discord בoffline engine.	Discord|Discord
0803	זיהיתי את הנושא Instagram במנוע האופליין.	Detected את The topic Instagram בoffline engine.	Instagram|Instagram
0804	זיהיתי את הנושא TikTok במנוע האופליין.	Detected את The topic TikTok בoffline engine.	TikTok|TikTok
0805	זיהיתי את הנושא Facebook במנוע האופליין.	Detected את The topic Facebook בoffline engine.	Facebook|Facebook
0806	זיהיתי את הנושא Netflix במנוע האופליין.	Detected את The topic Netflix בoffline engine.	Netflix|Netflix
0807	זיהיתי את הנושא צילום מסך במנוע האופליין.	Detected את The topic צילום מסך בoffline engine.	צילום מסך|screenshot
0808	זיהיתי את הנושא מסך הבית במנוע האופליין.	Detected את The topic מסך הבית בoffline engine.	מסך הבית|home screen
0809	זיהיתי את הנושא השיר הבא במנוע האופליין.	Detected את The topic השיר הבא בoffline engine.	השיר הבא|next track
0810	זיהיתי את הנושא השיר הקודם במנוע האופליין.	Detected את The topic השיר הקודם בoffline engine.	השיר הקודם|previous track
0811	הבקשה בנושא עזרה נמצאת במאגר המקומי.	The request בנושא עזרה נמצאת במאגר הlocal.	עזרה|help
0812	הבקשה בנושא שלום נמצאת במאגר המקומי.	The request בנושא שלום נמצאת במאגר הlocal.	שלום|hello
0813	הבקשה בנושא סוללה נמצאת במאגר המקומי.	The request בנושא סוללה נמצאת במאגר הlocal.	סוללה|battery
0814	הבקשה בנושא אחסון נמצאת במאגר המקומי.	The request בנושא אחסון נמצאת במאגר הlocal.	אחסון|storage
0815	הבקשה בנושא שמע נמצאת במאגר המקומי.	The request בנושא שמע נמצאת במאגר הlocal.	שמע|sound
0816	הבקשה בנושא קול נמצאת במאגר המקומי.	The request בנושא קול נמצאת במאגר הlocal.	קול|volume
0817	הבקשה בנושא מוזיקה נמצאת במאגר המקומי.	The request בנושא מוזיקה נמצאת במאגר הlocal.	מוזיקה|music
0818	הבקשה בנושא שיר נמצאת במאגר המקומי.	The request בנושא שיר נמצאת במאגר הlocal.	שיר|track
0819	הבקשה בנושא מסך נמצאת במאגר המקומי.	The request בנושא מסך נמצאת במאגר הlocal.	מסך|display
0820	הבקשה בנושא רשת נמצאת במאגר המקומי.	The request בנושא רשת נמצאת במאגר הlocal.	רשת|network
0821	הבקשה בנושא Wi-Fi נמצאת במאגר המקומי.	The request בנושא Wi-Fi נמצאת במאגר הlocal.	Wi-Fi|Wi-Fi
0822	הבקשה בנושא Bluetooth נמצאת במאגר המקומי.	The request בנושא Bluetooth נמצאת במאגר הlocal.	Bluetooth|Bluetooth
0823	הבקשה בנושא התראות נמצאת במאגר המקומי.	The request בנושא התראות נמצאת במאגר הlocal.	התראות|notifications
0824	הבקשה בנושא קבצים נמצאת במאגר המקומי.	The request בנושא קבצים נמצאת במאגר הlocal.	קבצים|files
0825	הבקשה בנושא תמונות נמצאת במאגר המקומי.	The request בנושא תמונות נמצאת במאגר הlocal.	תמונות|photos
0826	הבקשה בנושא מצלמה נמצאת במאגר המקומי.	The request בנושא מצלמה נמצאת במאגר הlocal.	מצלמה|camera
0827	הבקשה בנושא מיקרופון נמצאת במאגר המקומי.	The request בנושא מיקרופון נמצאת במאגר הlocal.	מיקרופון|microphone
0828	הבקשה בנושא מיקום נמצאת במאגר המקומי.	The request בנושא מיקום נמצאת במאגר הlocal.	מיקום|location
0829	הבקשה בנושא אפליקציות נמצאת במאגר המקומי.	The request בנושא אפליקציות נמצאת במאגר הlocal.	אפליקציות|apps
0830	הבקשה בנושא דפדפן נמצאת במאגר המקומי.	The request בנושא דפדפן נמצאת במאגר הlocal.	דפדפן|browser
0831	הבקשה בנושא הגדרות נמצאת במאגר המקומי.	The request בנושא הגדרות נמצאת במאגר הlocal.	הגדרות|settings
0832	הבקשה בנושא מקלדת נמצאת במאגר המקומי.	The request בנושא מקלדת נמצאת במאגר הlocal.	מקלדת|keyboard
0833	הבקשה בנושא שפה נמצאת במאגר המקומי.	The request בנושא שפה נמצאת במאגר הlocal.	שפה|language
0834	הבקשה בנושא שעה נמצאת במאגר המקומי.	The request בנושא שעה נמצאת במאגר הlocal.	שעה|time
0835	הבקשה בנושא תאריך נמצאת במאגר המקומי.	The request בנושא תאריך נמצאת במאגר הlocal.	תאריך|date
0836	הבקשה בנושא פרטיות נמצאת במאגר המקומי.	The request בנושא פרטיות נמצאת במאגר הlocal.	פרטיות|privacy
0837	הבקשה בנושא הרשאות נמצאת במאגר המקומי.	The request בנושא הרשאות נמצאת במאגר הlocal.	הרשאות|permissions
0838	הבקשה בנושא גיבוי נמצאת במאגר המקומי.	The request בנושא גיבוי נמצאת במאגר הlocal.	גיבוי|backup
0839	הבקשה בנושא עדכונים נמצאת במאגר המקומי.	The request בנושא עדכונים נמצאת במאגר הlocal.	עדכונים|updates
0840	הבקשה בנושא נקודה חמה נמצאת במאגר המקומי.	The request בנושא נקודה חמה נמצאת במאגר הlocal.	נקודה חמה|hotspot
0841	הבקשה בנושא VPN נמצאת במאגר המקומי.	The request בנושא VPN נמצאת במאגר הlocal.	VPN|VPN
0842	הבקשה בנושא שיתוף נמצאת במאגר המקומי.	The request בנושא שיתוף נמצאת במאגר הlocal.	שיתוף|sharing
0843	הבקשה בנושא הורדות נמצאת במאגר המקומי.	The request בנושא הורדות נמצאת במאגר הlocal.	הורדות|downloads
0844	הבקשה בנושא חיפוש נמצאת במאגר המקומי.	The request בנושא חיפוש נמצאת במאגר הlocal.	חיפוש|search
0845	הבקשה בנושא חנות נמצאת במאגר המקומי.	The request בנושא חנות נמצאת במאגר הlocal.	חנות|store
0846	הבקשה בנושא משחקים נמצאת במאגר המקומי.	The request בנושא משחקים נמצאת במאגר הlocal.	משחקים|games
0847	הבקשה בנושא לימודים נמצאת במאגר המקומי.	The request בנושא לימודים נמצאת במאגר הlocal.	לימודים|study
0848	הבקשה בנושא קוד נמצאת במאגר המקומי.	The request בנושא קוד נמצאת במאגר הlocal.	קוד|code
0849	הבקשה בנושא WhatsApp נמצאת במאגר המקומי.	The request בנושא WhatsApp נמצאת במאגר הlocal.	WhatsApp|WhatsApp
0850	הבקשה בנושא YouTube נמצאת במאגר המקומי.	The request בנושא YouTube נמצאת במאגר הlocal.	YouTube|YouTube
0851	הבקשה בנושא Chrome נמצאת במאגר המקומי.	The request בנושא Chrome נמצאת במאגר הlocal.	Chrome|Chrome
0852	הבקשה בנושא Gmail נמצאת במאגר המקומי.	The request בנושא Gmail נמצאת במאגר הlocal.	Gmail|Gmail
0853	הבקשה בנושא Maps נמצאת במאגר המקומי.	The request בנושא Maps נמצאת במאגר הlocal.	Maps|Maps
0854	הבקשה בנושא Waze נמצאת במאגר המקומי.	The request בנושא Waze נמצאת במאגר הlocal.	Waze|Waze
0855	הבקשה בנושא Spotify נמצאת במאגר המקומי.	The request בנושא Spotify נמצאת במאגר הlocal.	Spotify|Spotify
0856	הבקשה בנושא Telegram נמצאת במאגר המקומי.	The request בנושא Telegram נמצאת במאגר הlocal.	Telegram|Telegram
0857	הבקשה בנושא Discord נמצאת במאגר המקומי.	The request בנושא Discord נמצאת במאגר הlocal.	Discord|Discord
0858	הבקשה בנושא Instagram נמצאת במאגר המקומי.	The request בנושא Instagram נמצאת במאגר הlocal.	Instagram|Instagram
0859	הבקשה בנושא TikTok נמצאת במאגר המקומי.	The request בנושא TikTok נמצאת במאגר הlocal.	TikTok|TikTok
0860	הבקשה בנושא Facebook נמצאת במאגר המקומי.	The request בנושא Facebook נמצאת במאגר הlocal.	Facebook|Facebook
0861	הבקשה בנושא Netflix נמצאת במאגר המקומי.	The request בנושא Netflix נמצאת במאגר הlocal.	Netflix|Netflix
0862	הבקשה בנושא צילום מסך נמצאת במאגר המקומי.	The request בנושא צילום מסך נמצאת במאגר הlocal.	צילום מסך|screenshot
0863	הבקשה בנושא מסך הבית נמצאת במאגר המקומי.	The request בנושא מסך הבית נמצאת במאגר הlocal.	מסך הבית|home screen
0864	הבקשה בנושא השיר הבא נמצאת במאגר המקומי.	The request בנושא השיר הבא נמצאת במאגר הlocal.	השיר הבא|next track
0865	הבקשה בנושא השיר הקודם נמצאת במאגר המקומי.	The request בנושא השיר הקודם נמצאת במאגר הlocal.	השיר הקודם|previous track
0866	בוצעה התאמה למונחי עזרה.	Matched terms for עזרה.	עזרה|help
0867	בוצעה התאמה למונחי שלום.	Matched terms for שלום.	שלום|hello
0868	בוצעה התאמה למונחי סוללה.	Matched terms for סוללה.	סוללה|battery
0869	בוצעה התאמה למונחי אחסון.	Matched terms for אחסון.	אחסון|storage
0870	בוצעה התאמה למונחי שמע.	Matched terms for שמע.	שמע|sound
0871	בוצעה התאמה למונחי קול.	Matched terms for קול.	קול|volume
0872	בוצעה התאמה למונחי מוזיקה.	Matched terms for מוזיקה.	מוזיקה|music
0873	בוצעה התאמה למונחי שיר.	Matched terms for שיר.	שיר|track
0874	בוצעה התאמה למונחי מסך.	Matched terms for מסך.	מסך|display
0875	בוצעה התאמה למונחי רשת.	Matched terms for רשת.	רשת|network
0876	בוצעה התאמה למונחי Wi-Fi.	Matched terms for Wi-Fi.	Wi-Fi|Wi-Fi
0877	בוצעה התאמה למונחי Bluetooth.	Matched terms for Bluetooth.	Bluetooth|Bluetooth
0878	בוצעה התאמה למונחי התראות.	Matched terms for התראות.	התראות|notifications
0879	בוצעה התאמה למונחי קבצים.	Matched terms for קבצים.	קבצים|files
0880	בוצעה התאמה למונחי תמונות.	Matched terms for תמונות.	תמונות|photos
0881	בוצעה התאמה למונחי מצלמה.	Matched terms for מצלמה.	מצלמה|camera
0882	בוצעה התאמה למונחי מיקרופון.	Matched terms for מיקרופון.	מיקרופון|microphone
0883	בוצעה התאמה למונחי מיקום.	Matched terms for מיקום.	מיקום|location
0884	בוצעה התאמה למונחי אפליקציות.	Matched terms for אפליקציות.	אפליקציות|apps
0885	בוצעה התאמה למונחי דפדפן.	Matched terms for דפדפן.	דפדפן|browser
0886	בוצעה התאמה למונחי הגדרות.	Matched terms for הגדרות.	הגדרות|settings
0887	בוצעה התאמה למונחי מקלדת.	Matched terms for מקלדת.	מקלדת|keyboard
0888	בוצעה התאמה למונחי שפה.	Matched terms for שפה.	שפה|language
0889	בוצעה התאמה למונחי שעה.	Matched terms for שעה.	שעה|time
0890	בוצעה התאמה למונחי תאריך.	Matched terms for תאריך.	תאריך|date
0891	בוצעה התאמה למונחי פרטיות.	Matched terms for פרטיות.	פרטיות|privacy
0892	בוצעה התאמה למונחי הרשאות.	Matched terms for הרשאות.	הרשאות|permissions
0893	בוצעה התאמה למונחי גיבוי.	Matched terms for גיבוי.	גיבוי|backup
0894	בוצעה התאמה למונחי עדכונים.	Matched terms for עדכונים.	עדכונים|updates
0895	בוצעה התאמה למונחי נקודה חמה.	Matched terms for נקודה חמה.	נקודה חמה|hotspot
0896	בוצעה התאמה למונחי VPN.	Matched terms for VPN.	VPN|VPN
0897	בוצעה התאמה למונחי שיתוף.	Matched terms for שיתוף.	שיתוף|sharing
0898	בוצעה התאמה למונחי הורדות.	Matched terms for הורדות.	הורדות|downloads
0899	בוצעה התאמה למונחי חיפוש.	Matched terms for חיפוש.	חיפוש|search
0900	בוצעה התאמה למונחי חנות.	Matched terms for חנות.	חנות|store
0901	בוצעה התאמה למונחי משחקים.	Matched terms for משחקים.	משחקים|games
0902	בוצעה התאמה למונחי לימודים.	Matched terms for לימודים.	לימודים|study
0903	בוצעה התאמה למונחי קוד.	Matched terms for קוד.	קוד|code
0904	בוצעה התאמה למונחי WhatsApp.	Matched terms for WhatsApp.	WhatsApp|WhatsApp
0905	בוצעה התאמה למונחי YouTube.	Matched terms for YouTube.	YouTube|YouTube
0906	בוצעה התאמה למונחי Chrome.	Matched terms for Chrome.	Chrome|Chrome
0907	בוצעה התאמה למונחי Gmail.	Matched terms for Gmail.	Gmail|Gmail
0908	בוצעה התאמה למונחי Maps.	Matched terms for Maps.	Maps|Maps
0909	בוצעה התאמה למונחי Waze.	Matched terms for Waze.	Waze|Waze
0910	בוצעה התאמה למונחי Spotify.	Matched terms for Spotify.	Spotify|Spotify
0911	בוצעה התאמה למונחי Telegram.	Matched terms for Telegram.	Telegram|Telegram
0912	בוצעה התאמה למונחי Discord.	Matched terms for Discord.	Discord|Discord
0913	בוצעה התאמה למונחי Instagram.	Matched terms for Instagram.	Instagram|Instagram
0914	בוצעה התאמה למונחי TikTok.	Matched terms for TikTok.	TikTok|TikTok
0915	בוצעה התאמה למונחי Facebook.	Matched terms for Facebook.	Facebook|Facebook
0916	בוצעה התאמה למונחי Netflix.	Matched terms for Netflix.	Netflix|Netflix
0917	בוצעה התאמה למונחי צילום מסך.	Matched terms for צילום מסך.	צילום מסך|screenshot
0918	בוצעה התאמה למונחי מסך הבית.	Matched terms for מסך הבית.	מסך הבית|home screen
0919	בוצעה התאמה למונחי השיר הבא.	Matched terms for השיר הבא.	השיר הבא|next track
0920	בוצעה התאמה למונחי השיר הקודם.	Matched terms for השיר הקודם.	השיר הקודם|previous track
0921	המערכת זיהתה את עזרה.	The system detected עזרה.	עזרה|help
0922	המערכת זיהתה את שלום.	The system detected שלום.	שלום|hello
0923	המערכת זיהתה את סוללה.	The system detected סוללה.	סוללה|battery
0924	המערכת זיהתה את אחסון.	The system detected אחסון.	אחסון|storage
0925	המערכת זיהתה את שמע.	The system detected שמע.	שמע|sound
0926	המערכת זיהתה את קול.	The system detected קול.	קול|volume
0927	המערכת זיהתה את מוזיקה.	The system detected מוזיקה.	מוזיקה|music
0928	המערכת זיהתה את שיר.	The system detected שיר.	שיר|track
0929	המערכת זיהתה את מסך.	The system detected מסך.	מסך|display
0930	המערכת זיהתה את רשת.	The system detected רשת.	רשת|network
0931	המערכת זיהתה את Wi-Fi.	The system detected Wi-Fi.	Wi-Fi|Wi-Fi
0932	המערכת זיהתה את Bluetooth.	The system detected Bluetooth.	Bluetooth|Bluetooth
0933	המערכת זיהתה את התראות.	The system detected התראות.	התראות|notifications
0934	המערכת זיהתה את קבצים.	The system detected קבצים.	קבצים|files
0935	המערכת זיהתה את תמונות.	The system detected תמונות.	תמונות|photos
0936	המערכת זיהתה את מצלמה.	The system detected מצלמה.	מצלמה|camera
0937	המערכת זיהתה את מיקרופון.	The system detected מיקרופון.	מיקרופון|microphone
0938	המערכת זיהתה את מיקום.	The system detected מיקום.	מיקום|location
0939	המערכת זיהתה את אפליקציות.	The system detected אפליקציות.	אפליקציות|apps
0940	המערכת זיהתה את דפדפן.	The system detected דפדפן.	דפדפן|browser
0941	המערכת זיהתה את הגדרות.	The system detected הגדרות.	הגדרות|settings
0942	המערכת זיהתה את מקלדת.	The system detected מקלדת.	מקלדת|keyboard
0943	המערכת זיהתה את שפה.	The system detected שפה.	שפה|language
0944	המערכת זיהתה את שעה.	The system detected שעה.	שעה|time
0945	המערכת זיהתה את תאריך.	The system detected תאריך.	תאריך|date
0946	המערכת זיהתה את פרטיות.	The system detected פרטיות.	פרטיות|privacy
0947	המערכת זיהתה את הרשאות.	The system detected הרשאות.	הרשאות|permissions
0948	המערכת זיהתה את גיבוי.	The system detected גיבוי.	גיבוי|backup
0949	המערכת זיהתה את עדכונים.	The system detected עדכונים.	עדכונים|updates
0950	המערכת זיהתה את נקודה חמה.	The system detected נקודה חמה.	נקודה חמה|hotspot
0951	המערכת זיהתה את VPN.	The system detected VPN.	VPN|VPN
0952	המערכת זיהתה את שיתוף.	The system detected שיתוף.	שיתוף|sharing
0953	המערכת זיהתה את הורדות.	The system detected הורדות.	הורדות|downloads
0954	המערכת זיהתה את חיפוש.	The system detected חיפוש.	חיפוש|search
0955	המערכת זיהתה את חנות.	The system detected חנות.	חנות|store
0956	המערכת זיהתה את משחקים.	The system detected משחקים.	משחקים|games
0957	המערכת זיהתה את לימודים.	The system detected לימודים.	לימודים|study
0958	המערכת זיהתה את קוד.	The system detected קוד.	קוד|code
0959	המערכת זיהתה את WhatsApp.	The system detected WhatsApp.	WhatsApp|WhatsApp
0960	המערכת זיהתה את YouTube.	The system detected YouTube.	YouTube|YouTube
0961	המערכת זיהתה את Chrome.	The system detected Chrome.	Chrome|Chrome
0962	המערכת זיהתה את Gmail.	The system detected Gmail.	Gmail|Gmail
0963	המערכת זיהתה את Maps.	The system detected Maps.	Maps|Maps
0964	המערכת זיהתה את Waze.	The system detected Waze.	Waze|Waze
0965	המערכת זיהתה את Spotify.	The system detected Spotify.	Spotify|Spotify
0966	המערכת זיהתה את Telegram.	The system detected Telegram.	Telegram|Telegram
0967	המערכת זיהתה את Discord.	The system detected Discord.	Discord|Discord
0968	המערכת זיהתה את Instagram.	The system detected Instagram.	Instagram|Instagram
0969	המערכת זיהתה את TikTok.	The system detected TikTok.	TikTok|TikTok
0970	המערכת זיהתה את Facebook.	The system detected Facebook.	Facebook|Facebook
0971	המערכת זיהתה את Netflix.	The system detected Netflix.	Netflix|Netflix
0972	המערכת זיהתה את צילום מסך.	The system detected צילום מסך.	צילום מסך|screenshot
0973	המערכת זיהתה את מסך הבית.	The system detected מסך הבית.	מסך הבית|home screen
0974	המערכת זיהתה את השיר הבא.	The system detected השיר הבא.	השיר הבא|next track
0975	המערכת זיהתה את השיר הקודם.	The system detected השיר הקודם.	השיר הקודם|previous track
0976	יש התאמה טובה עבור עזרה.	Good match for עזרה.	עזרה|help
0977	יש התאמה טובה עבור שלום.	Good match for שלום.	שלום|hello
0978	יש התאמה טובה עבור סוללה.	Good match for סוללה.	סוללה|battery
0979	יש התאמה טובה עבור אחסון.	Good match for אחסון.	אחסון|storage
0980	יש התאמה טובה עבור שמע.	Good match for שמע.	שמע|sound
0981	יש התאמה טובה עבור קול.	Good match for קול.	קול|volume
0982	יש התאמה טובה עבור מוזיקה.	Good match for מוזיקה.	מוזיקה|music
0983	יש התאמה טובה עבור שיר.	Good match for שיר.	שיר|track
0984	יש התאמה טובה עבור מסך.	Good match for מסך.	מסך|display
0985	יש התאמה טובה עבור רשת.	Good match for רשת.	רשת|network
0986	יש התאמה טובה עבור Wi-Fi.	Good match for Wi-Fi.	Wi-Fi|Wi-Fi
0987	יש התאמה טובה עבור Bluetooth.	Good match for Bluetooth.	Bluetooth|Bluetooth
0988	יש התאמה טובה עבור התראות.	Good match for התראות.	התראות|notifications
0989	יש התאמה טובה עבור קבצים.	Good match for קבצים.	קבצים|files
0990	יש התאמה טובה עבור תמונות.	Good match for תמונות.	תמונות|photos
0991	יש התאמה טובה עבור מצלמה.	Good match for מצלמה.	מצלמה|camera
0992	יש התאמה טובה עבור מיקרופון.	Good match for מיקרופון.	מיקרופון|microphone
0993	יש התאמה טובה עבור מיקום.	Good match for מיקום.	מיקום|location
0994	יש התאמה טובה עבור אפליקציות.	Good match for אפליקציות.	אפליקציות|apps
0995	יש התאמה טובה עבור דפדפן.	Good match for דפדפן.	דפדפן|browser
0996	יש התאמה טובה עבור הגדרות.	Good match for הגדרות.	הגדרות|settings
0997	יש התאמה טובה עבור מקלדת.	Good match for מקלדת.	מקלדת|keyboard
0998	יש התאמה טובה עבור שפה.	Good match for שפה.	שפה|language
0999	יש התאמה טובה עבור שעה.	Good match for שעה.	שעה|time
1000	יש התאמה טובה עבור תאריך.	Good match for תאריך.	תאריך|date
1001	יש התאמה טובה עבור פרטיות.	Good match for פרטיות.	פרטיות|privacy
1002	יש התאמה טובה עבור הרשאות.	Good match for הרשאות.	הרשאות|permissions
1003	יש התאמה טובה עבור גיבוי.	Good match for גיבוי.	גיבוי|backup
1004	יש התאמה טובה עבור עדכונים.	Good match for עדכונים.	עדכונים|updates
1005	יש התאמה טובה עבור נקודה חמה.	Good match for נקודה חמה.	נקודה חמה|hotspot
1006	יש התאמה טובה עבור VPN.	Good match for VPN.	VPN|VPN
1007	יש התאמה טובה עבור שיתוף.	Good match for שיתוף.	שיתוף|sharing
1008	יש התאמה טובה עבור הורדות.	Good match for הורדות.	הורדות|downloads
1009	יש התאמה טובה עבור חיפוש.	Good match for חיפוש.	חיפוש|search
1010	יש התאמה טובה עבור חנות.	Good match for חנות.	חנות|store
1011	יש התאמה טובה עבור משחקים.	Good match for משחקים.	משחקים|games
1012	יש התאמה טובה עבור לימודים.	Good match for לימודים.	לימודים|study
1013	יש התאמה טובה עבור קוד.	Good match for קוד.	קוד|code
1014	יש התאמה טובה עבור WhatsApp.	Good match for WhatsApp.	WhatsApp|WhatsApp
1015	יש התאמה טובה עבור YouTube.	Good match for YouTube.	YouTube|YouTube
1016	יש התאמה טובה עבור Chrome.	Good match for Chrome.	Chrome|Chrome
1017	יש התאמה טובה עבור Gmail.	Good match for Gmail.	Gmail|Gmail
1018	יש התאמה טובה עבור Maps.	Good match for Maps.	Maps|Maps
1019	יש התאמה טובה עבור Waze.	Good match for Waze.	Waze|Waze
1020	יש התאמה טובה עבור Spotify.	Good match for Spotify.	Spotify|Spotify
1021	יש התאמה טובה עבור Telegram.	Good match for Telegram.	Telegram|Telegram
1022	יש התאמה טובה עבור Discord.	Good match for Discord.	Discord|Discord
1023	יש התאמה טובה עבור Instagram.	Good match for Instagram.	Instagram|Instagram
1024	יש התאמה טובה עבור TikTok.	Good match for TikTok.	TikTok|TikTok
1025	יש התאמה טובה עבור Facebook.	Good match for Facebook.	Facebook|Facebook
1026	יש התאמה טובה עבור Netflix.	Good match for Netflix.	Netflix|Netflix
1027	יש התאמה טובה עבור צילום מסך.	Good match for צילום מסך.	צילום מסך|screenshot
1028	יש התאמה טובה עבור מסך הבית.	Good match for מסך הבית.	מסך הבית|home screen
1029	יש התאמה טובה עבור השיר הבא.	Good match for השיר הבא.	השיר הבא|next track
1030	יש התאמה טובה עבור השיר הקודם.	Good match for השיר הקודם.	השיר הקודם|previous track
1031	מנוע החיפוש המקומי מכיר את עזרה.	מנוע החיפוש הlocal מכיר את עזרה.	עזרה|help
1032	מנוע החיפוש המקומי מכיר את שלום.	מנוע החיפוש הlocal מכיר את שלום.	שלום|hello
1033	מנוע החיפוש המקומי מכיר את סוללה.	מנוע החיפוש הlocal מכיר את סוללה.	סוללה|battery
1034	מנוע החיפוש המקומי מכיר את אחסון.	מנוע החיפוש הlocal מכיר את אחסון.	אחסון|storage
1035	מנוע החיפוש המקומי מכיר את שמע.	מנוע החיפוש הlocal מכיר את שמע.	שמע|sound
1036	מנוע החיפוש המקומי מכיר את קול.	מנוע החיפוש הlocal מכיר את קול.	קול|volume
1037	מנוע החיפוש המקומי מכיר את מוזיקה.	מנוע החיפוש הlocal מכיר את מוזיקה.	מוזיקה|music
1038	מנוע החיפוש המקומי מכיר את שיר.	מנוע החיפוש הlocal מכיר את שיר.	שיר|track
1039	מנוע החיפוש המקומי מכיר את מסך.	מנוע החיפוש הlocal מכיר את מסך.	מסך|display
1040	מנוע החיפוש המקומי מכיר את רשת.	מנוע החיפוש הlocal מכיר את רשת.	רשת|network
1041	מנוע החיפוש המקומי מכיר את Wi-Fi.	מנוע החיפוש הlocal מכיר את Wi-Fi.	Wi-Fi|Wi-Fi
1042	מנוע החיפוש המקומי מכיר את Bluetooth.	מנוע החיפוש הlocal מכיר את Bluetooth.	Bluetooth|Bluetooth
1043	מנוע החיפוש המקומי מכיר את התראות.	מנוע החיפוש הlocal מכיר את התראות.	התראות|notifications
1044	מנוע החיפוש המקומי מכיר את קבצים.	מנוע החיפוש הlocal מכיר את קבצים.	קבצים|files
1045	מנוע החיפוש המקומי מכיר את תמונות.	מנוע החיפוש הlocal מכיר את תמונות.	תמונות|photos
1046	מנוע החיפוש המקומי מכיר את מצלמה.	מנוע החיפוש הlocal מכיר את מצלמה.	מצלמה|camera
1047	מנוע החיפוש המקומי מכיר את מיקרופון.	מנוע החיפוש הlocal מכיר את מיקרופון.	מיקרופון|microphone
1048	מנוע החיפוש המקומי מכיר את מיקום.	מנוע החיפוש הlocal מכיר את מיקום.	מיקום|location
1049	מנוע החיפוש המקומי מכיר את אפליקציות.	מנוע החיפוש הlocal מכיר את אפליקציות.	אפליקציות|apps
1050	מנוע החיפוש המקומי מכיר את דפדפן.	מנוע החיפוש הlocal מכיר את דפדפן.	דפדפן|browser
1051	מנוע החיפוש המקומי מכיר את הגדרות.	מנוע החיפוש הlocal מכיר את הגדרות.	הגדרות|settings
1052	מנוע החיפוש המקומי מכיר את מקלדת.	מנוע החיפוש הlocal מכיר את מקלדת.	מקלדת|keyboard
1053	מנוע החיפוש המקומי מכיר את שפה.	מנוע החיפוש הlocal מכיר את שפה.	שפה|language
1054	מנוע החיפוש המקומי מכיר את שעה.	מנוע החיפוש הlocal מכיר את שעה.	שעה|time
1055	מנוע החיפוש המקומי מכיר את תאריך.	מנוע החיפוש הlocal מכיר את תאריך.	תאריך|date
1056	מנוע החיפוש המקומי מכיר את פרטיות.	מנוע החיפוש הlocal מכיר את פרטיות.	פרטיות|privacy
1057	מנוע החיפוש המקומי מכיר את הרשאות.	מנוע החיפוש הlocal מכיר את הרשאות.	הרשאות|permissions
1058	מנוע החיפוש המקומי מכיר את גיבוי.	מנוע החיפוש הlocal מכיר את גיבוי.	גיבוי|backup
1059	מנוע החיפוש המקומי מכיר את עדכונים.	מנוע החיפוש הlocal מכיר את עדכונים.	עדכונים|updates
1060	מנוע החיפוש המקומי מכיר את נקודה חמה.	מנוע החיפוש הlocal מכיר את נקודה חמה.	נקודה חמה|hotspot
1061	מנוע החיפוש המקומי מכיר את VPN.	מנוע החיפוש הlocal מכיר את VPN.	VPN|VPN
1062	מנוע החיפוש המקומי מכיר את שיתוף.	מנוע החיפוש הlocal מכיר את שיתוף.	שיתוף|sharing
1063	מנוע החיפוש המקומי מכיר את הורדות.	מנוע החיפוש הlocal מכיר את הורדות.	הורדות|downloads
1064	מנוע החיפוש המקומי מכיר את חיפוש.	מנוע החיפוש הlocal מכיר את חיפוש.	חיפוש|search
1065	מנוע החיפוש המקומי מכיר את חנות.	מנוע החיפוש הlocal מכיר את חנות.	חנות|store
1066	מנוע החיפוש המקומי מכיר את משחקים.	מנוע החיפוש הlocal מכיר את משחקים.	משחקים|games
1067	מנוע החיפוש המקומי מכיר את לימודים.	מנוע החיפוש הlocal מכיר את לימודים.	לימודים|study
1068	מנוע החיפוש המקומי מכיר את קוד.	מנוע החיפוש הlocal מכיר את קוד.	קוד|code
1069	מנוע החיפוש המקומי מכיר את WhatsApp.	מנוע החיפוש הlocal מכיר את WhatsApp.	WhatsApp|WhatsApp
1070	מנוע החיפוש המקומי מכיר את YouTube.	מנוע החיפוש הlocal מכיר את YouTube.	YouTube|YouTube
1071	מנוע החיפוש המקומי מכיר את Chrome.	מנוע החיפוש הlocal מכיר את Chrome.	Chrome|Chrome
1072	מנוע החיפוש המקומי מכיר את Gmail.	מנוע החיפוש הlocal מכיר את Gmail.	Gmail|Gmail
1073	מנוע החיפוש המקומי מכיר את Maps.	מנוע החיפוש הlocal מכיר את Maps.	Maps|Maps
1074	מנוע החיפוש המקומי מכיר את Waze.	מנוע החיפוש הlocal מכיר את Waze.	Waze|Waze
1075	מנוע החיפוש המקומי מכיר את Spotify.	מנוע החיפוש הlocal מכיר את Spotify.	Spotify|Spotify
1076	מנוע החיפוש המקומי מכיר את Telegram.	מנוע החיפוש הlocal מכיר את Telegram.	Telegram|Telegram
1077	מנוע החיפוש המקומי מכיר את Discord.	מנוע החיפוש הlocal מכיר את Discord.	Discord|Discord
1078	מנוע החיפוש המקומי מכיר את Instagram.	מנוע החיפוש הlocal מכיר את Instagram.	Instagram|Instagram
1079	מנוע החיפוש המקומי מכיר את TikTok.	מנוע החיפוש הlocal מכיר את TikTok.	TikTok|TikTok
1080	מנוע החיפוש המקומי מכיר את Facebook.	מנוע החיפוש הlocal מכיר את Facebook.	Facebook|Facebook
1081	מנוע החיפוש המקומי מכיר את Netflix.	מנוע החיפוש הlocal מכיר את Netflix.	Netflix|Netflix
1082	מנוע החיפוש המקומי מכיר את צילום מסך.	מנוע החיפוש הlocal מכיר את צילום מסך.	צילום מסך|screenshot
1083	מנוע החיפוש המקומי מכיר את מסך הבית.	מנוע החיפוש הlocal מכיר את מסך הבית.	מסך הבית|home screen
1084	מנוע החיפוש המקומי מכיר את השיר הבא.	מנוע החיפוש הlocal מכיר את השיר הבא.	השיר הבא|next track
1085	מנוע החיפוש המקומי מכיר את השיר הקודם.	מנוע החיפוש הlocal מכיר את השיר הקודם.	השיר הקודם|previous track
1086	הבקשה סווגה תחת עזרה.	The request סווגה תחת עזרה.	עזרה|help
1087	הבקשה סווגה תחת שלום.	The request סווגה תחת שלום.	שלום|hello
1088	הבקשה סווגה תחת סוללה.	The request סווגה תחת סוללה.	סוללה|battery
1089	הבקשה סווגה תחת אחסון.	The request סווגה תחת אחסון.	אחסון|storage
1090	הבקשה סווגה תחת שמע.	The request סווגה תחת שמע.	שמע|sound
1091	הבקשה סווגה תחת קול.	The request סווגה תחת קול.	קול|volume
1092	הבקשה סווגה תחת מוזיקה.	The request סווגה תחת מוזיקה.	מוזיקה|music
1093	הבקשה סווגה תחת שיר.	The request סווגה תחת שיר.	שיר|track
1094	הבקשה סווגה תחת מסך.	The request סווגה תחת מסך.	מסך|display
1095	הבקשה סווגה תחת רשת.	The request סווגה תחת רשת.	רשת|network
1096	הבקשה סווגה תחת Wi-Fi.	The request סווגה תחת Wi-Fi.	Wi-Fi|Wi-Fi
1097	הבקשה סווגה תחת Bluetooth.	The request סווגה תחת Bluetooth.	Bluetooth|Bluetooth
1098	הבקשה סווגה תחת התראות.	The request סווגה תחת התראות.	התראות|notifications
1099	הבקשה סווגה תחת קבצים.	The request סווגה תחת קבצים.	קבצים|files
1100	הבקשה סווגה תחת תמונות.	The request סווגה תחת תמונות.	תמונות|photos
1101	הבקשה סווגה תחת מצלמה.	The request סווגה תחת מצלמה.	מצלמה|camera
1102	הבקשה סווגה תחת מיקרופון.	The request סווגה תחת מיקרופון.	מיקרופון|microphone
1103	הבקשה סווגה תחת מיקום.	The request סווגה תחת מיקום.	מיקום|location
1104	הבקשה סווגה תחת אפליקציות.	The request סווגה תחת אפליקציות.	אפליקציות|apps
1105	הבקשה סווגה תחת דפדפן.	The request סווגה תחת דפדפן.	דפדפן|browser
1106	הבקשה סווגה תחת הגדרות.	The request סווגה תחת הגדרות.	הגדרות|settings
1107	הבקשה סווגה תחת מקלדת.	The request סווגה תחת מקלדת.	מקלדת|keyboard
1108	הבקשה סווגה תחת שפה.	The request סווגה תחת שפה.	שפה|language
1109	הבקשה סווגה תחת שעה.	The request סווגה תחת שעה.	שעה|time
1110	הבקשה סווגה תחת תאריך.	The request סווגה תחת תאריך.	תאריך|date
1111	הבקשה סווגה תחת פרטיות.	The request סווגה תחת פרטיות.	פרטיות|privacy
1112	הבקשה סווגה תחת הרשאות.	The request סווגה תחת הרשאות.	הרשאות|permissions
1113	הבקשה סווגה תחת גיבוי.	The request סווגה תחת גיבוי.	גיבוי|backup
1114	הבקשה סווגה תחת עדכונים.	The request סווגה תחת עדכונים.	עדכונים|updates
1115	הבקשה סווגה תחת נקודה חמה.	The request סווגה תחת נקודה חמה.	נקודה חמה|hotspot
1116	הבקשה סווגה תחת VPN.	The request סווגה תחת VPN.	VPN|VPN
1117	הבקשה סווגה תחת שיתוף.	The request סווגה תחת שיתוף.	שיתוף|sharing
1118	הבקשה סווגה תחת הורדות.	The request סווגה תחת הורדות.	הורדות|downloads
1119	הבקשה סווגה תחת חיפוש.	The request סווגה תחת חיפוש.	חיפוש|search
1120	הבקשה סווגה תחת חנות.	The request סווגה תחת חנות.	חנות|store
1121	הבקשה סווגה תחת משחקים.	The request סווגה תחת משחקים.	משחקים|games
1122	הבקשה סווגה תחת לימודים.	The request סווגה תחת לימודים.	לימודים|study
1123	הבקשה סווגה תחת קוד.	The request סווגה תחת קוד.	קוד|code
1124	הבקשה סווגה תחת WhatsApp.	The request סווגה תחת WhatsApp.	WhatsApp|WhatsApp
1125	הבקשה סווגה תחת YouTube.	The request סווגה תחת YouTube.	YouTube|YouTube
1126	הבקשה סווגה תחת Chrome.	The request סווגה תחת Chrome.	Chrome|Chrome
1127	הבקשה סווגה תחת Gmail.	The request סווגה תחת Gmail.	Gmail|Gmail
1128	הבקשה סווגה תחת Maps.	The request סווגה תחת Maps.	Maps|Maps
1129	הבקשה סווגה תחת Waze.	The request סווגה תחת Waze.	Waze|Waze
1130	הבקשה סווגה תחת Spotify.	The request סווגה תחת Spotify.	Spotify|Spotify
1131	הבקשה סווגה תחת Telegram.	The request סווגה תחת Telegram.	Telegram|Telegram
1132	הבקשה סווגה תחת Discord.	The request סווגה תחת Discord.	Discord|Discord
1133	הבקשה סווגה תחת Instagram.	The request סווגה תחת Instagram.	Instagram|Instagram
1134	הבקשה סווגה תחת TikTok.	The request סווגה תחת TikTok.	TikTok|TikTok
1135	הבקשה סווגה תחת Facebook.	The request סווגה תחת Facebook.	Facebook|Facebook
1136	הבקשה סווגה תחת Netflix.	The request סווגה תחת Netflix.	Netflix|Netflix
1137	הבקשה סווגה תחת צילום מסך.	The request סווגה תחת צילום מסך.	צילום מסך|screenshot
1138	הבקשה סווגה תחת מסך הבית.	The request סווגה תחת מסך הבית.	מסך הבית|home screen
1139	הבקשה סווגה תחת השיר הבא.	The request סווגה תחת השיר הבא.	השיר הבא|next track
1140	הבקשה סווגה תחת השיר הקודם.	The request סווגה תחת השיר הקודם.	השיר הקודם|previous track
1141	זוהו מילות מפתח הקשורות ל-עזרה.	Keywords related to עזרה.	עזרה|help
1142	זוהו מילות מפתח הקשורות ל-שלום.	Keywords related to שלום.	שלום|hello
1143	זוהו מילות מפתח הקשורות ל-סוללה.	Keywords related to סוללה.	סוללה|battery
1144	זוהו מילות מפתח הקשורות ל-אחסון.	Keywords related to אחסון.	אחסון|storage
1145	זוהו מילות מפתח הקשורות ל-שמע.	Keywords related to שמע.	שמע|sound
1146	זוהו מילות מפתח הקשורות ל-קול.	Keywords related to קול.	קול|volume
1147	זוהו מילות מפתח הקשורות ל-מוזיקה.	Keywords related to מוזיקה.	מוזיקה|music
1148	זוהו מילות מפתח הקשורות ל-שיר.	Keywords related to שיר.	שיר|track
1149	זוהו מילות מפתח הקשורות ל-מסך.	Keywords related to מסך.	מסך|display
1150	זוהו מילות מפתח הקשורות ל-רשת.	Keywords related to רשת.	רשת|network
1151	זוהו מילות מפתח הקשורות ל-Wi-Fi.	Keywords related to Wi-Fi.	Wi-Fi|Wi-Fi
1152	זוהו מילות מפתח הקשורות ל-Bluetooth.	Keywords related to Bluetooth.	Bluetooth|Bluetooth
1153	זוהו מילות מפתח הקשורות ל-התראות.	Keywords related to התראות.	התראות|notifications
1154	זוהו מילות מפתח הקשורות ל-קבצים.	Keywords related to קבצים.	קבצים|files
1155	זוהו מילות מפתח הקשורות ל-תמונות.	Keywords related to תמונות.	תמונות|photos
1156	זוהו מילות מפתח הקשורות ל-מצלמה.	Keywords related to מצלמה.	מצלמה|camera
1157	זוהו מילות מפתח הקשורות ל-מיקרופון.	Keywords related to מיקרופון.	מיקרופון|microphone
1158	זוהו מילות מפתח הקשורות ל-מיקום.	Keywords related to מיקום.	מיקום|location
1159	זוהו מילות מפתח הקשורות ל-אפליקציות.	Keywords related to אפליקציות.	אפליקציות|apps
1160	זוהו מילות מפתח הקשורות ל-דפדפן.	Keywords related to דפדפן.	דפדפן|browser
1161	זוהו מילות מפתח הקשורות ל-הגדרות.	Keywords related to הגדרות.	הגדרות|settings
1162	זוהו מילות מפתח הקשורות ל-מקלדת.	Keywords related to מקלדת.	מקלדת|keyboard
1163	זוהו מילות מפתח הקשורות ל-שפה.	Keywords related to שפה.	שפה|language
1164	זוהו מילות מפתח הקשורות ל-שעה.	Keywords related to שעה.	שעה|time
1165	זוהו מילות מפתח הקשורות ל-תאריך.	Keywords related to תאריך.	תאריך|date
1166	זוהו מילות מפתח הקשורות ל-פרטיות.	Keywords related to פרטיות.	פרטיות|privacy
1167	זוהו מילות מפתח הקשורות ל-הרשאות.	Keywords related to הרשאות.	הרשאות|permissions
1168	זוהו מילות מפתח הקשורות ל-גיבוי.	Keywords related to גיבוי.	גיבוי|backup
1169	זוהו מילות מפתח הקשורות ל-עדכונים.	Keywords related to עדכונים.	עדכונים|updates
1170	זוהו מילות מפתח הקשורות ל-נקודה חמה.	Keywords related to נקודה חמה.	נקודה חמה|hotspot
1171	זוהו מילות מפתח הקשורות ל-VPN.	Keywords related to VPN.	VPN|VPN
1172	זוהו מילות מפתח הקשורות ל-שיתוף.	Keywords related to שיתוף.	שיתוף|sharing
1173	זוהו מילות מפתח הקשורות ל-הורדות.	Keywords related to הורדות.	הורדות|downloads
1174	זוהו מילות מפתח הקשורות ל-חיפוש.	Keywords related to חיפוש.	חיפוש|search
1175	זוהו מילות מפתח הקשורות ל-חנות.	Keywords related to חנות.	חנות|store
1176	זוהו מילות מפתח הקשורות ל-משחקים.	Keywords related to משחקים.	משחקים|games
1177	זוהו מילות מפתח הקשורות ל-לימודים.	Keywords related to לימודים.	לימודים|study
1178	זוהו מילות מפתח הקשורות ל-קוד.	Keywords related to קוד.	קוד|code
1179	זוהו מילות מפתח הקשורות ל-WhatsApp.	Keywords related to WhatsApp.	WhatsApp|WhatsApp
1180	זוהו מילות מפתח הקשורות ל-YouTube.	Keywords related to YouTube.	YouTube|YouTube
1181	זוהו מילות מפתח הקשורות ל-Chrome.	Keywords related to Chrome.	Chrome|Chrome
1182	זוהו מילות מפתח הקשורות ל-Gmail.	Keywords related to Gmail.	Gmail|Gmail
1183	זוהו מילות מפתח הקשורות ל-Maps.	Keywords related to Maps.	Maps|Maps
1184	זוהו מילות מפתח הקשורות ל-Waze.	Keywords related to Waze.	Waze|Waze
1185	זוהו מילות מפתח הקשורות ל-Spotify.	Keywords related to Spotify.	Spotify|Spotify
1186	זוהו מילות מפתח הקשורות ל-Telegram.	Keywords related to Telegram.	Telegram|Telegram
1187	זוהו מילות מפתח הקשורות ל-Discord.	Keywords related to Discord.	Discord|Discord
1188	זוהו מילות מפתח הקשורות ל-Instagram.	Keywords related to Instagram.	Instagram|Instagram
1189	זוהו מילות מפתח הקשורות ל-TikTok.	Keywords related to TikTok.	TikTok|TikTok
1190	זוהו מילות מפתח הקשורות ל-Facebook.	Keywords related to Facebook.	Facebook|Facebook
1191	זוהו מילות מפתח הקשורות ל-Netflix.	Keywords related to Netflix.	Netflix|Netflix
1192	זוהו מילות מפתח הקשורות ל-צילום מסך.	Keywords related to צילום מסך.	צילום מסך|screenshot
1193	זוהו מילות מפתח הקשורות ל-מסך הבית.	Keywords related to מסך הבית.	מסך הבית|home screen
1194	זוהו מילות מפתח הקשורות ל-השיר הבא.	Keywords related to השיר הבא.	השיר הבא|next track
1195	זוהו מילות מפתח הקשורות ל-השיר הקודם.	Keywords related to השיר הקודם.	השיר הקודם|previous track
1196	הנושא עזרה זמין במאגר ללא רשת.	The topic עזרה is available offline.	עזרה|help
1197	הנושא שלום זמין במאגר ללא רשת.	The topic שלום is available offline.	שלום|hello
1198	הנושא סוללה זמין במאגר ללא רשת.	The topic סוללה is available offline.	סוללה|battery
1199	הנושא אחסון זמין במאגר ללא רשת.	The topic אחסון is available offline.	אחסון|storage
1200	הנושא שמע זמין במאגר ללא רשת.	The topic שמע is available offline.	שמע|sound
